word,count_ai,count_human,rate_ai_per_10k,rate_human_per_10k,ratio,z,n_participants,n_scenarios
your,1172,323,239.13487043460518,121.30088628511342,1.9692117212933549,10.915117211635055,81,8
every,365,47,74.47459702101612,17.65059336037254,4.180686648267271,9.297703473787456,81,8
and,2414,1032,492.55254029789836,387.5619648490311,1.2705477609204625,6.689355556240664,81,8
laughter,158,19,32.238318710467254,7.135346252065495,4.416197636275172,6.205398617075293,74,7
kindness,165,24,33.66659865333605,9.013068949977468,3.6701664383361994,6.018640056210043,78,8
you've,122,8,24.89287900428484,3.004356316659156,7.830166712675684,5.835825316385451,64,6
into,140,22,28.565598857376045,8.261979870812679,3.3927171325579817,5.392821052462995,72,8
unwavering,114,3,23.26055906957764,1.1266336187471835,17.774250153029996,5.3815423159544915,67,8
with,562,199,114.67047541318098,74.7333633768965,1.531910780828832,5.199827281362793,79,8
i've,102,11,20.812079167516835,4.1309899354063395,4.84261419586065,5.093295137740834,54,7
celebrate,106,13,21.628239134870434,4.882079014571128,4.2861728898864175,5.05688770396929,63,8
forward,115,18,23.46459906141604,6.7598017124831005,3.392064498695798,4.893545289228192,59,8
spirit,82,5,16.731279330748826,1.8777226979119723,8.149765354009386,4.788238753982666,50,7
our,388,130,79.16751683329933,48.82079014571128,1.6174630089566522,4.76475251398321,80,8
dreams,74,6,15.098959396041623,2.253267237494367,6.227256603832813,4.494981559009067,47,6
each,118,23,24.076719036931237,8.637524410395073,2.7397083530499637,4.4780197517652205,63,8
support,160,39,32.646398694144054,14.646237043713384,2.2076579566557073,4.468447608897683,70,8
days,112,21,22.852479085900836,7.886435331230284,2.8429414025614137,4.455015379904958,64,8
warmth,64,4,13.05855947765762,1.502178158329578,7.787553560497857,4.228426046625484,47,7
compassion,63,2,12.854519485819221,0.751089079164789,13.800269332789227,4.071742693251479,43,6
side,81,13,16.527239338910427,4.882079014571128,3.2800290190210615,4.065742426035531,51,6
generosity,65,7,13.26259946949602,2.6288117770767614,4.744974495001021,4.065351112174751,45,4
adventures,61,6,12.44643950214242,2.253267237494367,5.140621223298227,3.9954026917214693,47,6
joy,106,23,21.628239134870434,8.637524410395073,2.4622695324879422,3.970849872124674,66,8
by,164,46,33.46255866149765,17.275048820790147,1.9220593558918193,3.944391504369549,69,8
heartfelt,54,4,11.018159559273618,1.502178158329578,6.58018091545943,3.8620904967386323,44,5
challenge,53,4,10.814119567435217,1.502178158329578,6.4594436509555875,3.822105476785973,45,6
share,86,17,17.54743929810243,6.384257172900706,2.685541726178331,3.7909259851606656,52,7
honor,53,2,10.814119567435217,0.751089079164789,11.626998571720058,3.785666618217559,43,6
journey,53,5,10.814119567435217,1.8777226979119723,5.2849993507818445,3.744882739352974,40,7
moment,126,33,25.709038971638442,12.392969806219018,2.051632472203358,3.7126113669743006,71,8
deeply,99,23,20.199959192001632,8.637524410395073,2.3004302204934297,3.6512316982948234,60,7
filled,53,6,10.814119567435217,2.253267237494367,4.4719225275846375,3.6362390038661916,40,6
trust,77,15,15.711079371556826,5.633168093735917,2.716588451336462,3.6165849270839776,45,7
cherish,66,11,13.466639461334422,4.1309899354063395,3.1417936002412996,3.6131545122187765,46,7
patience,55,7,11.222199551112018,2.6288117770767614,4.020550907977964,3.6077331719463315,42,7
caused,47,4,9.589879616404815,1.502178158329578,5.735020063932531,3.566490353419596,38,1
vow,45,3,9.181799632728014,1.1266336187471835,7.063129973474801,3.540392484482352,38,2
challenges,51,6,10.406039583758417,2.253267237494367,4.30474785365624,3.5385962033333542,40,8
i'd,44,2,8.977759640889614,0.751089079164789,9.671054886757805,3.486107034752628,40,3
strength,84,19,17.139359314425626,7.135346252065495,2.354376657824934,3.4311944360430338,60,6
step,51,7,10.406039583758417,2.6288117770767614,3.730781473168741,3.402761975794862,39,6
i'm,157,49,32.034278718628855,18.40168243953733,1.72873810539593,3.3712805104068337,61,6
moments,85,20,17.34339930626403,7.510890791647889,2.2660323179440733,3.349059018959771,56,7
today,130,38,26.52519893899204,14.27069250413099,1.841635287789134,3.3439061711167817,65,6
coffee,55,9,11.222199551112018,3.3799008562415502,3.1741191378773403,3.3231972782002224,43,8
ahead,41,4,8.365639665374413,1.502178158329578,5.010596476909474,3.2786850618375607,33,7
comfort,67,14,13.670679453172822,5.257623554153523,2.5292375236580855,3.2346598260680013,52,7
grow,50,8,10.201999591920016,3.004356316659156,3.227946277470384,3.1970498540458094,39,6
new,119,35,24.280759028769637,13.144058885383807,1.8289144785053926,3.174455941329262,62,8
shared,89,23,18.159559273617628,8.637524410395073,2.0692312033584117,3.1589905768822835,58,7
we've,40,5,8.161599673536013,1.8777226979119723,4.000793901059153,3.0900416425373955,30,6
listen,56,11,11.426239542950418,4.1309899354063395,2.66934343479148,3.0689759861696753,39,7
hand,42,6,8.569679657212813,2.253267237494367,3.55246182097845,3.050014935343986,26,7
here's,35,1,7.141399714344011,0.3755445395823945,12.858518669659253,3.0048881149828017,34,2
than,81,21,16.527239338910427,7.886435331230284,2.059553104966713,3.004094718099459,50,7
committed,31,2,6.32523974699041,0.751089079164789,6.845802897367884,2.9404581537588608,29,4
small,40,6,8.161599673536013,2.253267237494367,3.3852871470500525,2.928406449995911,31,6
sincerely,56,12,11.426239542950418,4.506534474988734,2.4557959600081616,2.9086641368466064,42,4
through,132,43,26.933278922668844,16.148415202042962,1.6549331944923273,2.8978849060671,67,8
greatest,30,2,6.12119975515201,0.751089079164789,6.628475821260968,2.890338561572227,25,7
touched,31,1,6.32523974699041,0.3755445395823945,11.40967149561314,2.8595407074963846,27,4
bond,31,1,6.32523974699041,0.3755445395823945,11.40967149561314,2.8595407074963846,29,7
evening,31,1,6.32523974699041,0.3755445395823945,11.40967149561314,2.8595407074963846,30,5
encouragement,31,3,6.32523974699041,1.1266336187471835,4.889859212405631,2.8538412878243777,26,6
understanding,30,1,6.12119975515201,0.3755445395823945,11.047459702101612,2.820834170502192,24,5
stand,59,14,12.038359518465619,5.257623554153523,2.2294760393726825,2.770460067361187,44,6
value,43,8,8.773719649051214,3.004356316659156,2.780508179603202,2.7691845104376895,40,6
countless,28,1,5.713119771475209,0.3755445395823945,10.323036115078555,2.7401095239972526,27,5
late,53,12,10.814119567435217,4.506534474988734,2.3253997143440115,2.722334749300174,39,8
stories,34,5,6.937359722505611,1.8777226979119723,3.408083693494834,2.718047388237178,31,5
can't,63,16,12.854519485819221,6.008712633318312,2.0909498989074584,2.7003784217679447,39,6
courage,27,1,5.509079779636809,0.3755445395823945,9.960824321567026,2.697928472877359,26,5
gratitude,47,10,9.589879616404815,3.7554453958239447,2.4578657416853704,2.6769719919856714,44,6
confidence,28,3,5.713119771475209,1.1266336187471835,4.424158335033667,2.6696050816260373,26,5
sorrow,28,3,5.713119771475209,1.1266336187471835,4.424158335033667,2.6696050816260373,26,3
thoughtful,26,1,5.305039787798409,0.3755445395823945,9.598612528055497,2.6544108357459626,25,4
listening,33,5,6.733319730667211,1.8777226979119723,3.3092986589007807,2.6502416760709524,29,6
sympathy,30,4,6.12119975515201,1.502178158329578,3.682486567367204,2.6309652274443946,29,1
alone,56,14,11.426239542950418,5.257623554153523,2.117065482765657,2.5822166924019347,44,5
friendship,66,18,13.466639461334422,6.7598017124831005,1.9530068325824295,2.576278208123917,45,6
weekend,29,4,5.9171597633136095,1.502178158329578,3.561749302863361,2.561567600447177,25,7
promise,101,33,20.60803917567843,12.392969806219018,1.6461715093173188,2.521633502308769,54,6
remarkable,23,1,4.692919812283208,0.3755445395823945,8.511977147520914,2.5147017536157334,20,5
his,119,41,24.280759028769637,15.397326122878173,1.564493108119071,2.501358276408288,30,7
simply,25,3,5.100999795960008,1.1266336187471835,3.958457457661702,2.4660381918515406,22,7
gentle,30,5,6.12119975515201,1.8777226979119723,3.0129435551186217,2.4349282196017565,28,6
reminded,27,4,5.509079779636809,1.502178158329578,3.3202747738556755,2.4159001272860063,23,4
bright,21,1,4.284839828606406,0.3755445395823945,7.787553560497857,2.4125224344801155,18,7
growth,21,1,4.284839828606406,0.3755445395823945,7.787553560497857,2.4125224344801155,20,5
treasure,21,1,4.284839828606406,0.3755445395823945,7.787553560497857,2.4125224344801155,20,6
adventure,35,7,7.141399714344011,2.6288117770767614,2.5717037339318507,2.4004180937619592,26,4
open,24,3,4.896959804121608,1.1266336187471835,3.803223831871047,2.393120871039871,20,5
ear,24,3,4.896959804121608,1.1266336187471835,3.803223831871047,2.393120871039871,22,5
doubt,29,5,5.9171597633136095,1.8777226979119723,2.9141585205245684,2.358789198966311,27,5
room,37,8,7.549479698020812,3.004356316659156,2.3969898100027605,2.349477716237671,32,7
remind,34,7,6.937359722505611,2.6288117770767614,2.499261375229545,2.324790386154834,31,7
partner,34,7,6.937359722505611,2.6288117770767614,2.499261375229545,2.324790386154834,28,5
night,52,14,10.610079575596817,5.257623554153523,1.9671847406229552,2.317372113331966,40,8
chapter,23,3,4.692919812283208,1.1266336187471835,3.647990206080392,2.317335216420157,23,5
whose,23,3,4.692919812283208,1.1266336187471835,3.647990206080392,2.317335216420157,19,4
resilience,23,3,4.692919812283208,1.1266336187471835,3.647990206080392,2.317335216420157,22,6
whenever,39,9,7.957559681697613,3.3799008562415502,2.259057764795584,2.3016371762465377,30,7
regret,39,9,7.957559681697613,3.3799008562415502,2.259057764795584,2.3016371762465377,37,2
spontaneous,20,2,4.080799836768007,0.751089079164789,4.455205060191798,2.281343106349022,18,4
brighter,20,2,4.080799836768007,0.751089079164789,4.455205060191798,2.281343106349022,18,5
realize,25,4,5.100999795960008,1.502178158329578,3.0788002448479905,2.2599833020349953,23,4
gift,33,7,6.733319730667211,2.6288117770767614,2.426819016527239,2.2471699743561255,26,5
knowing,22,3,4.488879820444807,1.1266336187471835,3.4927565802897367,2.238441702459081,20,6
or,151,58,30.81003876759845,21.78158329577888,1.4070535055640137,2.2335459037566205,67,8
learn,30,6,6.12119975515201,2.253267237494367,2.5494137774080645,2.2222108633125846,27,6
inspire,19,2,3.876759844929606,0.751089079164789,4.23787798408488,2.205590595953293,18,6
incredible,35,8,7.141399714344011,3.004356316659156,2.26915035346928,2.1961654905277874,30,4
let's,40,10,8.161599673536013,3.7554453958239447,2.095653948173842,2.1818731130786984,34,3
challenging,17,1,3.4686798612528054,0.3755445395823945,6.338706386451745,2.1793181028955186,17,5
path,17,1,3.4686798612528054,0.3755445395823945,6.338706386451745,2.1793181028955186,16,5
whether,32,7,6.52927973882881,2.6288117770767614,2.3543766578249334,2.1674512723897283,28,7
means,32,7,6.52927973882881,2.6288117770767614,2.3543766578249334,2.1674512723897283,30,7
endless,32,7,6.52927973882881,2.6288117770767614,2.3543766578249334,2.1674512723897283,26,5
team,21,3,4.284839828606406,1.1266336187471835,3.337522954499082,2.1561703636196583,18,5
lives,47,13,9.589879616404815,4.882079014571128,1.911673354644177,2.140752707180846,32,7
dedication,18,2,3.672719853091206,0.751089079164789,4.020550907977964,2.126039239746695,12,6
sunrise,16,1,3.264639869414405,0.3755445395823945,5.976494592940216,2.1133418045745254,13,3
appreciation,16,1,3.264639869414405,0.3755445395823945,5.976494592940216,2.1133418045745254,16,2
bring,39,10,7.957559681697613,3.7554453958239447,2.043909406243624,2.105144405085568,29,7
home,44,12,8.977759640889614,4.506534474988734,1.9342109773515608,2.10283664670621,36,8
has,135,52,27.545398898184043,19.528316058284513,1.4022770863089165,2.0963551927260538,66,8
sharing,23,4,4.692919812283208,1.502178158329578,2.8373257158403047,2.0922601908820133,21,7
moving,23,4,4.692919812283208,1.502178158329578,2.8373257158403047,2.0922601908820133,21,4
lean,34,0,6.937359722505611,0.0,37.488920628443175,2.0908542368611154,30,3
nights,20,3,4.080799836768007,1.1266336187471835,3.182289328708427,2.070215516221826,19,6
actions,36,9,7.345439706182412,3.3799008562415502,2.0874837573427554,2.069788431321922,30,3
express,36,9,7.345439706182412,3.3799008562415502,2.0874837573427554,2.069788431321922,33,4
shaped,15,1,3.060599877576005,0.3755445395823945,5.614282799428688,2.0435095325923265,11,6
effort,15,1,3.060599877576005,0.3755445395823945,5.614282799428688,2.0435095325923265,13,3
lifted,17,2,3.4686798612528054,0.751089079164789,3.803223831871047,2.0422730363133024,17,4
fills,17,2,3.4686798612528054,0.751089079164789,3.803223831871047,2.0422730363133024,16,3
rebuild,17,2,3.4686798612528054,0.751089079164789,3.803223831871047,2.0422730363133024,17,4
unforgettable,17,2,3.4686798612528054,0.751089079164789,3.803223831871047,2.0422730363133024,15,3
from,136,53,27.749438890022443,19.903860597866906,1.3862217704950546,2.04133298589494,66,8
look,43,12,8.773719649051214,4.506534474988734,1.8907455621301774,2.027517307765783,34,6
humor,22,4,4.488879820444807,1.502178158329578,2.7165884513364618,2.0033865037394754,19,7
hold,30,7,6.12119975515201,2.6288117770767614,2.2094919404203224,2.001254420242664,26,7
hope,154,62,31.422158743113652,23.283761454108458,1.3430813303407467,1.9830988488955688,74,8
standing,19,3,3.876759844929606,1.1266336187471835,3.027055702917772,1.9802293060103888,18,5
difference,19,3,3.876759844929606,1.1266336187471835,3.027055702917772,1.9802293060103888,18,1
behavior,19,3,3.876759844929606,1.1266336187471835,3.027055702917772,1.9802293060103888,18,1
navigate,14,1,2.8565598857376044,0.3755445395823945,5.25207100591716,1.969289472863338,13,5
believing,14,1,2.8565598857376044,0.3755445395823945,5.25207100591716,1.969289472863338,13,6
confidant,14,1,2.8565598857376044,0.3755445395823945,5.25207100591716,1.969289472863338,12,2
impact,16,2,3.264639869414405,0.751089079164789,3.58589675576413,1.9538055992306633,14,4
trips,16,2,3.264639869414405,0.751089079164789,3.58589675576413,1.9538055992306633,16,5
true,32,8,6.52927973882881,3.004356316659156,2.077391168669059,1.9513038680984738,28,7
heart,134,53,27.341358906345643,19.903860597866906,1.3659108288028192,1.9461909488648927,63,8
on,280,124,57.13119771475209,46.567522908216915,1.2241013021684781,1.890448609999001,80,8
catching,13,1,2.6525198938992043,0.3755445395823945,4.889859212405631,1.890034223956868,12,1
warmly,13,1,2.6525198938992043,0.3755445395823945,4.889859212405631,1.890034223956868,13,1
storm,13,1,2.6525198938992043,0.3755445395823945,4.889859212405631,1.890034223956868,11,3
marketing,13,1,2.6525198938992043,0.3755445395823945,4.889859212405631,1.890034223956868,12,3
across,13,1,2.6525198938992043,0.3755445395823945,4.889859212405631,1.890034223956868,11,6
tomorrow,13,1,2.6525198938992043,0.3755445395823945,4.889859212405631,1.890034223956868,13,4
hear,67,23,13.670679453172822,8.637524410395073,1.5605933656613717,1.8877473249329746,54,4
speak,18,3,3.672719853091206,1.1266336187471835,2.871822077127117,1.885813759561709,16,6
road,26,6,5.305039787798409,2.253267237494367,2.2150644295512687,1.878941931994816,23,7
apologize,31,8,6.32523974699041,3.004356316659156,2.0134714404023186,1.8652984719311014,30,1
brought,36,10,7.345439706182412,3.7554453958239447,1.888675780452969,1.8645185646714664,33,7
inspired,15,2,3.060599877576005,0.751089079164789,3.368569679657213,1.8600636386197804,14,6
cheering,15,2,3.060599877576005,0.751089079164789,3.368569679657213,1.8600636386197804,14,4
spirits,15,2,3.060599877576005,0.751089079164789,3.368569679657213,1.8600636386197804,14,3
beyond,23,5,4.692919812283208,1.8777226979119723,2.3214483129602494,1.845223575948177,23,6
offering,26,0,5.305039787798409,0.0,28.795837584166495,1.8283325435116997,20,5
those,66,23,13.466639461334422,8.637524410395073,1.53747346394787,1.822338429612289,48,8
wait,33,9,6.733319730667211,3.3799008562415502,1.9159097498899258,1.820813189136202,26,5
yet,20,4,4.080799836768007,1.502178158329578,2.4751139223287764,1.8141917263399991,18,7
two,20,4,4.080799836768007,1.502178158329578,2.4751139223287764,1.8141917263399991,18,6
wonderful,20,4,4.080799836768007,1.502178158329578,2.4751139223287764,1.8141917263399991,17,5
soon,68,24,13.874719445011221,9.013068949977468,1.519071909522838,1.8053297805114004,48,5
brightened,12,1,2.448479902060804,0.3755445395823945,4.527647418894103,1.8049452150352916,10,5
dreaming,12,1,2.448479902060804,0.3755445395823945,4.527647418894103,1.8049452150352916,11,6
darkest,12,1,2.448479902060804,0.3755445395823945,4.527647418894103,1.8049452150352916,11,6
reminds,12,1,2.448479902060804,0.3755445395823945,4.527647418894103,1.8049452150352916,12,4
devoted,12,1,2.448479902060804,0.3755445395823945,4.527647418894103,1.8049452150352916,11,4
build,17,3,3.4686798612528054,1.1266336187471835,2.716588451336462,1.7865109122643748,16,2
mistake,14,2,2.8565598857376044,0.751089079164789,3.151242603550296,1.7603653759889122,13,1
belief,14,2,2.8565598857376044,0.751089079164789,3.151242603550296,1.7603653759889122,14,6
cherished,14,2,2.8565598857376044,0.751089079164789,3.151242603550296,1.7603653759889122,12,6
ideas,14,2,2.8565598857376044,0.751089079164789,3.151242603550296,1.7603653759889122,12,5
conversations,22,5,4.488879820444807,1.8777226979119723,2.222663278366196,1.7482934061322217,21,6
responsibility,22,5,4.488879820444807,1.8777226979119723,2.222663278366196,1.7482934061322217,21,1
birthday,51,17,10.406039583758417,6.384257172900706,1.598906345643746,1.7329537680363487,32,4
honesty,23,0,4.692919812283208,0.0,25.53593144256274,1.7195963533892757,21,4
choose,19,4,3.876759844929606,1.502178158329578,2.3543766578249334,1.7131910685702458,18,4
shown,19,4,3.876759844929606,1.502178158329578,2.3543766578249334,1.7131910685702458,18,5
feelings,19,4,3.876759844929606,1.502178158329578,2.3543766578249334,1.7131910685702458,17,2
inspires,11,1,2.2444399102224035,0.3755445395823945,4.165435625382575,1.7130224501001048,11,4
reminding,11,1,2.2444399102224035,0.3755445395823945,4.165435625382575,1.7130224501001048,11,5
closer,11,1,2.2444399102224035,0.3755445395823945,4.165435625382575,1.7130224501001048,10,4
full,34,10,6.937359722505611,3.7554453958239447,1.7851866965925323,1.6946094081863854,31,6
understand,34,10,6.937359722505611,3.7554453958239447,1.7851866965925323,1.6946094081863854,29,3
life's,22,0,4.488879820444807,0.0,24.449296062028157,1.681790772210915,19,6
beside,16,3,3.264639869414405,1.1266336187471835,2.561354825545807,1.6817904401017727,15,5
milestone,16,3,3.264639869414405,1.1266336187471835,2.561354825545807,1.6817904401017727,15,6
apartment,16,3,3.264639869414405,1.1266336187471835,2.561354825545807,1.6817904401017727,15,4
grateful,57,20,11.63027953478882,7.510890791647889,1.5239398629448444,1.6714184066154452,43,6
thank,128,53,26.11711895531524,19.903860597866906,1.3049780037261136,1.6542665397816236,70,8
lift,13,2,2.6525198938992043,0.751089079164789,2.933915527443379,1.6538919373128091,12,4
guide,13,2,2.6525198938992043,0.751089079164789,2.933915527443379,1.6538919373128091,12,5
amends,13,2,2.6525198938992043,0.751089079164789,2.933915527443379,1.6538919373128091,13,1
summer,13,2,2.6525198938992043,0.751089079164789,2.933915527443379,1.6538919373128091,11,4
completely,13,2,2.6525198938992043,0.751089079164789,2.933915527443379,1.6538919373128091,13,5
simple,13,2,2.6525198938992043,0.751089079164789,2.933915527443379,1.6538919373128091,13,7
exciting,13,2,2.6525198938992043,0.751089079164789,2.933915527443379,1.6538919373128091,13,2
project,21,0,4.284839828606406,0.0,23.36266068149357,1.6431162834328499,17,5
deepest,26,7,5.305039787798409,2.6288117770767614,1.9197225056110996,1.6380019646713413,23,6
chats,10,1,2.0403999183840034,0.3755445395823945,3.8032238318710467,1.612991737980796,10,1
fresh,10,1,2.0403999183840034,0.3755445395823945,3.8032238318710467,1.612991737980796,9,5
park,10,1,2.0403999183840034,0.3755445395823945,3.8032238318710467,1.612991737980796,8,3
dance,10,1,2.0403999183840034,0.3755445395823945,3.8032238318710467,1.612991737980796,10,3
rock,10,1,2.0403999183840034,0.3755445395823945,3.8032238318710467,1.612991737980796,9,4
heartbroken,10,1,2.0403999183840034,0.3755445395823945,3.8032238318710467,1.612991737980796,10,2
takes,10,1,2.0403999183840034,0.3755445395823945,3.8032238318710467,1.612991737980796,9,3
shoulder,18,4,3.672719853091206,1.502178158329578,2.233639393321091,1.6073922542362427,18,3
own,33,10,6.733319730667211,3.7554453958239447,1.7334421546623138,1.606542111178288,29,7
memories,93,37,18.97571924097123,13.895147964548595,1.3546721077331156,1.5935807439674627,54,7
offer,23,6,4.692919812283208,2.253267237494367,1.9643024186586724,1.5899370185267343,18,5
quiet,35,11,7.141399714344011,4.1309899354063395,1.6771980873468593,1.5728822468436736,30,6
in,665,325,135.68659457253622,122.0519753642782,1.1108384727277514,1.5728214870737494,81,8
lifetime,15,3,3.060599877576005,1.1266336187471835,2.406121199755152,1.571034019651169,15,4
couldn't,15,3,3.060599877576005,1.1266336187471835,2.406121199755152,1.571034019651169,13,5
brings,15,3,3.060599877576005,1.1266336187471835,2.406121199755152,1.571034019651169,15,6
what's,15,3,3.060599877576005,1.1266336187471835,2.406121199755152,1.571034019651169,15,2
shine,15,3,3.060599877576005,1.1266336187471835,2.406121199755152,1.571034019651169,14,5
devotion,19,0,3.876759844929606,0.0,21.189389920424404,1.5629011385112137,19,3
pledge,19,0,3.876759844929606,0.0,21.189389920424404,1.5629011385112137,17,3
willingness,19,0,3.876759844929606,0.0,21.189389920424404,1.5629011385112137,18,2
words,62,23,12.65047949398082,8.637524410395073,1.4449938570938627,1.5527162146548779,42,7
more,132,56,26.933278922668844,21.03049421661409,1.2741521054940927,1.5430016906214399,61,8
warm,25,7,5.100999795960008,2.6288117770767614,1.8472801469087943,1.5398208385997039,22,7
faith,25,7,5.100999795960008,2.6288117770767614,1.8472801469087943,1.5398208385997039,19,7
building,12,2,2.448479902060804,0.751089079164789,2.716588451336462,1.5396488460490463,11,5
five,12,2,2.448479902060804,0.751089079164789,2.716588451336462,1.5396488460490463,9,5
letting,12,2,2.448479902060804,0.751089079164789,2.716588451336462,1.5396488460490463,12,3
living,12,2,2.448479902060804,0.751089079164789,2.716588451336462,1.5396488460490463,9,5
passion,12,2,2.448479902060804,0.751089079164789,2.716588451336462,1.5396488460490463,9,5
emily,12,2,2.448479902060804,0.751089079164789,2.716588451336462,1.5396488460490463,10,6
laughing,12,2,2.448479902060804,0.751089079164789,2.716588451336462,1.5396488460490463,12,6
fortunate,18,0,3.672719853091206,0.0,20.10275453988982,1.521209353466052,17,3
generous,18,0,3.672719853091206,0.0,20.10275453988982,1.521209353466052,17,3
curiosity,18,0,3.672719853091206,0.0,20.10275453988982,1.521209353466052,15,4
under,18,0,3.672719853091206,0.0,20.10275453988982,1.521209353466052,16,8
laugh,32,10,6.52927973882881,3.7554453958239447,1.6816976127320955,1.5162679682810498,28,6
respect,32,10,6.52927973882881,3.7554453958239447,1.6816976127320955,1.5162679682810498,29,3
empathy,9,1,1.836359926545603,0.3755445395823945,3.4410120383595184,1.5031962509593215,9,6
along,9,1,1.836359926545603,0.3755445395823945,3.4410120383595184,1.5031962509593215,9,6
works,9,1,1.836359926545603,0.3755445395823945,3.4410120383595184,1.5031962509593215,9,2
remain,9,1,1.836359926545603,0.3755445395823945,3.4410120383595184,1.5031962509593215,8,4
trails,9,1,1.836359926545603,0.3755445395823945,3.4410120383595184,1.5031962509593215,7,4
fill,17,4,3.4686798612528054,1.502178158329578,2.112902128817248,1.4963286442690726,15,7
memory,27,8,5.509079779636809,3.004356316659156,1.7577925273353576,1.496037189375872,24,6
dear,133,57,27.137318914507244,21.406038756196484,1.2614419417510179,1.4906032139678262,74,8
ready,34,11,6.937359722505611,4.1309899354063395,1.6299530708018772,1.4842888660900018,28,6
guidance,17,0,3.4686798612528054,0.0,19.016119159355235,1.478343045953018,16,4
nurture,17,0,3.4686798612528054,0.0,19.016119159355235,1.478343045953018,17,2
loyalty,17,0,3.4686798612528054,0.0,19.016119159355235,1.478343045953018,15,5
guiding,17,0,3.4686798612528054,0.0,19.016119159355235,1.478343045953018,16,6
may,95,39,19.38379922464803,14.646237043713384,1.3135908714057323,1.4648238507467075,48,7
passing,36,12,7.345439706182412,4.506534474988734,1.5864876555804939,1.4556186996725942,34,5
role,14,3,2.8565598857376044,1.1266336187471835,2.2508875739644973,1.453515355499721,14,2
progress,14,3,2.8565598857376044,1.1266336187471835,2.2508875739644973,1.453515355499721,13,2
watching,24,7,4.896959804121608,2.6288117770767614,1.7748377882064885,1.438311111762723,21,5
embrace,16,0,3.264639869414405,0.0,17.929483778820646,1.4341969048937229,14,6
finds,16,0,3.264639869414405,0.0,17.929483778820646,1.4341969048937229,15,3
victories,16,0,3.264639869414405,0.0,17.929483778820646,1.4341969048937229,14,3
turn,19,5,3.876759844929606,1.8777226979119723,1.9263081745840367,1.4327141200940374,18,8
return,11,2,2.2444399102224035,0.751089079164789,2.499261375229545,1.4164132930998294,10,4
extraordinary,11,2,2.2444399102224035,0.751089079164789,2.499261375229545,1.4164132930998294,10,3
other's,11,2,2.2444399102224035,0.751089079164789,2.499261375229545,1.4164132930998294,8,4
recent,11,2,2.2444399102224035,0.751089079164789,2.499261375229545,1.4164132930998294,11,3
turning,11,2,2.2444399102224035,0.751089079164789,2.499261375229545,1.4164132930998294,10,6
recognize,11,2,2.2444399102224035,0.751089079164789,2.499261375229545,1.4164132930998294,11,2
treating,11,2,2.2444399102224035,0.751089079164789,2.499261375229545,1.4164132930998294,11,2
properly,11,2,2.2444399102224035,0.751089079164789,2.499261375229545,1.4164132930998294,11,2
built,11,2,2.2444399102224035,0.751089079164789,2.499261375229545,1.4164132930998294,11,5
determination,15,0,3.060599877576005,0.0,16.842848398286066,1.3886488751487276,14,5
discovered,8,1,1.6323199347072026,0.3755445395823945,3.07880024484799,1.3814294217572218,8,4
realized,8,1,1.6323199347072026,0.3755445395823945,3.07880024484799,1.3814294217572218,8,3
playful,8,1,1.6323199347072026,0.3755445395823945,3.07880024484799,1.3814294217572218,8,4
tonight,8,1,1.6323199347072026,0.3755445395823945,3.07880024484799,1.3814294217572218,7,1
career,8,1,1.6323199347072026,0.3755445395823945,3.07880024484799,1.3814294217572218,7,4
successes,8,1,1.6323199347072026,0.3755445395823945,3.07880024484799,1.3814294217572218,8,4
blessings,8,1,1.6323199347072026,0.3755445395823945,3.07880024484799,1.3814294217572218,8,2
afternoons,8,1,1.6323199347072026,0.3755445395823945,3.07880024484799,1.3814294217572218,6,5
rebuilding,8,1,1.6323199347072026,0.3755445395823945,3.07880024484799,1.3814294217572218,8,1
leaves,8,1,1.6323199347072026,0.3755445395823945,3.07880024484799,1.3814294217572218,7,2
commitment,8,1,1.6323199347072026,0.3755445395823945,3.07880024484799,1.3814294217572218,7,5
joyful,8,1,1.6323199347072026,0.3755445395823945,3.07880024484799,1.3814294217572218,7,3
low,8,1,1.6323199347072026,0.3755445395823945,3.07880024484799,1.3814294217572218,8,3
wisdom,16,4,3.264639869414405,1.502178158329578,1.9921648643134053,1.379465263755135,15,6
sense,16,4,3.264639869414405,1.502178158329578,1.9921648643134053,1.379465263755135,16,6
often,16,4,3.264639869414405,1.502178158329578,1.9921648643134053,1.379465263755135,16,3
success,16,4,3.264639869414405,1.502178158329578,1.9921648643134053,1.379465263755135,13,5
grace,21,6,4.284839828606406,2.253267237494367,1.7971277447302747,1.3789318855214838,18,7
deserve,28,9,5.713119771475209,3.3799008562415502,1.6299530708018772,1.3604251809929777,24,5
toward,14,0,2.8565598857376044,0.0,15.75621301775148,1.3415561750314053,12,6
genuine,14,0,2.8565598857376044,0.0,15.75621301775148,1.3415561750314053,14,4
boundless,14,0,2.8565598857376044,0.0,15.75621301775148,1.3415561750314053,13,5
exploring,14,0,2.8565598857376044,0.0,15.75621301775148,1.3415561750314053,12,4
steps,14,0,2.8565598857376044,0.0,15.75621301775148,1.3415561750314053,14,6
around,30,10,6.12119975515201,3.7554453958239447,1.578208528871659,1.3286628906610272,27,6
missing,13,3,2.6525198938992043,1.1266336187471835,2.095653948173842,1.3283744102259878,11,2
gather,13,3,2.6525198938992043,1.1266336187471835,2.095653948173842,1.3283744102259878,13,3
afternoon,13,3,2.6525198938992043,1.1266336187471835,2.095653948173842,1.3283744102259878,12,6
sincere,18,5,3.672719853091206,1.8777226979119723,1.8275231399899836,1.3180594139654913,15,3
saddened,18,5,3.672719853091206,1.8777226979119723,1.8275231399899836,1.3180594139654913,18,1
profound,13,0,2.6525198938992043,0.0,14.669577637216893,1.2927500063267883,13,3
michael,13,0,2.6525198938992043,0.0,14.669577637216893,1.2927500063267883,7,4
triumphs,13,0,2.6525198938992043,0.0,14.669577637216893,1.2927500063267883,11,3
unexpected,13,0,2.6525198938992043,0.0,14.669577637216893,1.2927500063267883,11,5
cozy,13,0,2.6525198938992043,0.0,14.669577637216893,1.2927500063267883,11,3
incredibly,10,2,2.0403999183840034,0.751089079164789,2.281934299122628,1.2826605507481508,9,4
advice,10,2,2.0403999183840034,0.751089079164789,2.281934299122628,1.2826605507481508,10,4
power,10,2,2.0403999183840034,0.751089079164789,2.281934299122628,1.2826605507481508,10,4
my,778,391,158.74311365027546,146.83791497671623,1.0803903496119722,1.2671517013259999,81,8
celebrating,15,4,3.060599877576005,1.502178158329578,1.8714275998095626,1.2561854141301272,14,6
raise,15,4,3.060599877576005,1.502178158329578,1.8714275998095626,1.2561854141301272,14,4
opportunity,15,4,3.060599877576005,1.502178158329578,1.8714275998095626,1.2561854141301272,13,5
catch,36,13,7.345439706182412,4.882079014571128,1.4689700514634203,1.2537244806510004,34,3
it's,83,35,16.935319322587226,13.144058885383807,1.2779444264033497,1.249655852312743,48,8
surrounded,7,1,1.4282799428688022,0.3755445395823945,2.716588451336462,1.2446670675934344,7,4
potential,7,1,1.4282799428688022,0.3755445395823945,2.716588451336462,1.2446670675934344,7,4
classes,7,1,1.4282799428688022,0.3755445395823945,2.716588451336462,1.2446670675934344,7,3
celebration,7,1,1.4282799428688022,0.3755445395823945,2.716588451336462,1.2446670675934344,6,4
chasing,7,1,1.4282799428688022,0.3755445395823945,2.716588451336462,1.2446670675934344,7,3
energy,7,1,1.4282799428688022,0.3755445395823945,2.716588451336462,1.2446670675934344,7,3
setback,7,1,1.4282799428688022,0.3755445395823945,2.716588451336462,1.2446670675934344,7,2
errands,7,1,1.4282799428688022,0.3755445395823945,2.716588451336462,1.2446670675934344,6,4
happier,7,1,1.4282799428688022,0.3755445395823945,2.716588451336462,1.2446670675934344,6,5
excuse,7,1,1.4282799428688022,0.3755445395823945,2.716588451336462,1.2446670675934344,7,1
turns,7,1,1.4282799428688022,0.3755445395823945,2.716588451336462,1.2446670675934344,7,3
fall,7,1,1.4282799428688022,0.3755445395823945,2.716588451336462,1.2446670675934344,6,5
perspective,7,1,1.4282799428688022,0.3755445395823945,2.716588451336462,1.2446670675934344,7,3
supported,7,1,1.4282799428688022,0.3755445395823945,2.716588451336462,1.2446670675934344,7,3
dad,7,1,1.4282799428688022,0.3755445395823945,2.716588451336462,1.2446670675934344,3,5
reflecting,7,1,1.4282799428688022,0.3755445395823945,2.716588451336462,1.2446670675934344,6,4
protect,7,1,1.4282799428688022,0.3755445395823945,2.716588451336462,1.2446670675934344,7,3
triumph,12,0,2.448479902060804,0.0,13.58294225668231,1.2420283904335103,11,3
sessions,12,0,2.448479902060804,0.0,13.58294225668231,1.2420283904335103,12,4
find,66,27,13.466639461334422,10.139702568724651,1.3138409601009071,1.2340305901925885,40,8
relationship,29,10,5.9171597633136095,3.7554453958239447,1.5264639869414407,1.2310946139742716,27,4
up,180,83,36.727198530912055,31.170196785338742,1.1744771627933686,1.2310794830590295,73,8
above,12,3,2.448479902060804,1.1266336187471835,1.9404203223831873,1.1945837973217432,12,5
conversation,12,3,2.448479902060804,1.1266336187471835,1.9404203223831873,1.1945837973217432,12,5
hearing,12,3,2.448479902060804,1.1266336187471835,1.9404203223831873,1.1945837973217432,11,4
schedule,12,3,2.448479902060804,1.1266336187471835,1.9404203223831873,1.1945837973217432,12,3
personal,12,3,2.448479902060804,1.1266336187471835,1.9404203223831873,1.1945837973217432,12,6
set,12,3,2.448479902060804,1.1266336187471835,1.9404203223831873,1.1945837973217432,10,5
talks,12,3,2.448479902060804,1.1266336187471835,1.9404203223831873,1.1945837973217432,12,3
community,12,3,2.448479902060804,1.1266336187471835,1.9404203223831873,1.1945837973217432,11,5
honored,11,0,2.2444399102224035,0.0,12.496306876147726,1.189146249219041,11,2
chase,11,0,2.2444399102224035,0.0,12.496306876147726,1.189146249219041,10,5
paths,11,0,2.2444399102224035,0.0,12.496306876147726,1.189146249219041,11,3
lights,11,0,2.2444399102224035,0.0,12.496306876147726,1.189146249219041,11,3
projects,11,0,2.2444399102224035,0.0,12.496306876147726,1.189146249219041,11,3
corner,11,0,2.2444399102224035,0.0,12.496306876147726,1.189146249219041,11,5
needed,24,8,4.896959804121608,3.004356316659156,1.566033342535137,1.1882767656078947,22,5
favorite,19,6,3.876759844929606,2.253267237494367,1.629953070801877,1.1505630470683552,16,7
frustration,9,2,1.836359926545603,0.751089079164789,2.064607223015711,1.1364591231980157,9,2
ensure,9,2,1.836359926545603,0.751089079164789,2.064607223015711,1.1364591231980157,9,2
thoughtfulness,9,2,1.836359926545603,0.751089079164789,2.064607223015711,1.1364591231980157,9,2
beauty,9,2,1.836359926545603,0.751089079164789,2.064607223015711,1.1364591231980157,9,3
crossed,10,0,2.0403999183840034,0.0,11.409671495613141,1.1338013128129947,10,3
victory,10,0,2.0403999183840034,0.0,11.409671495613141,1.1338013128129947,10,5
hesitation,10,0,2.0403999183840034,0.0,11.409671495613141,1.1338013128129947,10,2
rewarding,10,0,2.0403999183840034,0.0,11.409671495613141,1.1338013128129947,10,2
video,10,0,2.0403999183840034,0.0,11.409671495613141,1.1338013128129947,10,2
stepped,10,0,2.0403999183840034,0.0,11.409671495613141,1.1338013128129947,9,3
reconnect,14,4,2.8565598857376044,1.502178158329578,1.75069033530572,1.1257740528573326,14,1
taking,14,4,2.8565598857376044,1.502178158329578,1.75069033530572,1.1257740528573326,12,5
heavy,14,4,2.8565598857376044,1.502178158329578,1.75069033530572,1.1257740528573326,11,4
reading,6,1,1.224239951030402,0.3755445395823945,2.3543766578249334,1.0886172103369836,6,3
seemed,6,1,1.224239951030402,0.3755445395823945,2.3543766578249334,1.0886172103369836,6,4
wonder,6,1,1.224239951030402,0.3755445395823945,2.3543766578249334,1.0886172103369836,6,3
isn't,6,1,1.224239951030402,0.3755445395823945,2.3543766578249334,1.0886172103369836,4,2
communicate,6,1,1.224239951030402,0.3755445395823945,2.3543766578249334,1.0886172103369836,6,2
balance,6,1,1.224239951030402,0.3755445395823945,2.3543766578249334,1.0886172103369836,6,4
carried,6,1,1.224239951030402,0.3755445395823945,2.3543766578249334,1.0886172103369836,6,4
mourn,6,1,1.224239951030402,0.3755445395823945,2.3543766578249334,1.0886172103369836,6,2
create,6,1,1.224239951030402,0.3755445395823945,2.3543766578249334,1.0886172103369836,6,5
disappointed,6,1,1.224239951030402,0.3755445395823945,2.3543766578249334,1.0886172103369836,6,2
confusion,6,1,1.224239951030402,0.3755445395823945,2.3543766578249334,1.0886172103369836,6,2
gifts,6,1,1.224239951030402,0.3755445395823945,2.3543766578249334,1.0886172103369836,6,4
opportunities,6,1,1.224239951030402,0.3755445395823945,2.3543766578249334,1.0886172103369836,6,3
healing,6,1,1.224239951030402,0.3755445395823945,2.3543766578249334,1.0886172103369836,5,4
walks,6,1,1.224239951030402,0.3755445395823945,2.3543766578249334,1.0886172103369836,6,4
filling,6,1,1.224239951030402,0.3755445395823945,2.3543766578249334,1.0886172103369836,6,5
local,6,1,1.224239951030402,0.3755445395823945,2.3543766578249334,1.0886172103369836,6,2
kitchen,9,0,1.836359926545603,0.0,10.323036115078555,1.0756134841424796,8,3
lake,9,0,1.836359926545603,0.0,10.323036115078555,1.0756134841424796,8,5
hikes,9,0,1.836359926545603,0.0,10.323036115078555,1.0756134841424796,9,4
ability,9,0,1.836359926545603,0.0,10.323036115078555,1.0756134841424796,9,4
impromptu,9,0,1.836359926545603,0.0,10.323036115078555,1.0756134841424796,9,4
lifting,9,0,1.836359926545603,0.0,10.323036115078555,1.0756134841424796,9,5
creating,9,0,1.836359926545603,0.0,10.323036115078555,1.0756134841424796,8,4
gesture,9,0,1.836359926545603,0.0,10.323036115078555,1.0756134841424796,9,5
stepping,9,0,1.836359926545603,0.0,10.323036115078555,1.0756134841424796,8,4
dawn,9,0,1.836359926545603,0.0,10.323036115078555,1.0756134841424796,9,5
sunset,9,0,1.836359926545603,0.0,10.323036115078555,1.0756134841424796,8,4
joys,9,0,1.836359926545603,0.0,10.323036115078555,1.0756134841424796,8,4
stress,16,5,3.264639869414405,1.8777226979119723,1.6299530708018772,1.071893583020362,13,4
lately,36,14,7.345439706182412,5.257623554153523,1.36766177205215,1.0542559192551018,32,3
hello,25,9,5.100999795960008,3.3799008562415502,1.4583790633490483,1.0512696485629685,22,6
caught,11,3,2.2444399102224035,1.1266336187471835,1.7851866965925323,1.0509044817671653,11,1
that's,11,3,2.2444399102224035,1.1266336187471835,1.7851866965925323,1.0509044817671653,10,3
facing,11,3,2.2444399102224035,1.1266336187471835,1.7851866965925323,1.0509044817671653,11,4
pride,11,3,2.2444399102224035,1.1266336187471835,1.7851866965925323,1.0509044817671653,11,5
source,11,3,2.2444399102224035,1.1266336187471835,1.7851866965925323,1.0509044817671653,11,4
heal,11,3,2.2444399102224035,1.1266336187471835,1.7851866965925323,1.0509044817671653,11,4
right,57,24,11.63027953478882,9.013068949977468,1.2751333547089514,1.0407017167126074,37,6
world,57,24,11.63027953478882,9.013068949977468,1.2751333547089514,1.0407017167126074,47,8
dream,18,6,3.672719853091206,2.253267237494367,1.5463657338376784,1.0289779016317928,17,5
spent,18,6,3.672719853091206,2.253267237494367,1.5463657338376784,1.0289779016317928,12,7
whatever,18,6,3.672719853091206,2.253267237494367,1.5463657338376784,1.0289779016317928,18,5
hey,42,17,8.569679657212813,6.384257172900706,1.3194858192205672,1.0170393878359356,34,4
city,8,0,1.6323199347072026,0.0,9.23640073454397,1.0140935129176567,6,2
faced,8,0,1.6323199347072026,0.0,9.23640073454397,1.0140935129176567,8,5
downtown,8,0,1.6323199347072026,0.0,9.23640073454397,1.0140935129176567,8,2
guided,8,0,1.6323199347072026,0.0,9.23640073454397,1.0140935129176567,8,4
arise,8,0,1.6323199347072026,0.0,9.23640073454397,1.0140935129176567,8,4
judgment,8,0,1.6323199347072026,0.0,9.23640073454397,1.0140935129176567,6,4
we'll,8,0,1.6323199347072026,0.0,9.23640073454397,1.0140935129176567,7,4
celebrated,8,0,1.6323199347072026,0.0,9.23640073454397,1.0140935129176567,8,6
alex,8,0,1.6323199347072026,0.0,9.23640073454397,1.0140935129176567,8,4
brightens,8,0,1.6323199347072026,0.0,9.23640073454397,1.0140935129176567,8,5
watched,8,0,1.6323199347072026,0.0,9.23640073454397,1.0140935129176567,7,6
thrilled,8,0,1.6323199347072026,0.0,9.23640073454397,1.0140935129176567,8,2
provided,8,0,1.6323199347072026,0.0,9.23640073454397,1.0140935129176567,8,2
deadlines,8,0,1.6323199347072026,0.0,9.23640073454397,1.0140935129176567,8,5
communication,8,0,1.6323199347072026,0.0,9.23640073454397,1.0140935129176567,6,2
favor,8,0,1.6323199347072026,0.0,9.23640073454397,1.0140935129176567,8,1
warmest,8,0,1.6323199347072026,0.0,9.23640073454397,1.0140935129176567,7,3
michael's,8,0,1.6323199347072026,0.0,9.23640073454397,1.0140935129176567,4,2
everyone,69,30,14.078759436849623,11.266336187471834,1.2380517860189122,1.0124259376970077,42,8
though,29,11,5.9171597633136095,4.1309899354063395,1.3937279880769675,1.0075695596688308,26,6
carry,20,7,4.080799836768007,2.6288117770767614,1.485068353397266,0.9942012014962192,19,7
high,20,7,4.080799836768007,2.6288117770767614,1.485068353397266,0.9942012014962192,17,6
until,20,7,4.080799836768007,2.6288117770767614,1.485068353397266,0.9942012014962192,20,7
day,133,62,27.137318914507244,23.283761454108458,1.1605265864109364,0.9907148034796711,66,8
overwhelming,13,4,2.6525198938992043,1.502178158329578,1.629953070801877,0.9873970645005448,12,4
believe,52,22,10.610079575596817,8.261979870812679,1.267741277290349,0.97686555373016,42,6
follow,8,2,1.6323199347072026,0.751089079164789,1.8472801469087943,0.9753179365312787,7,4
possible,8,2,1.6323199347072026,0.751089079164789,1.8472801469087943,0.9753179365312787,7,6
encourage,8,2,1.6323199347072026,0.751089079164789,1.8472801469087943,0.9753179365312787,7,3
given,8,2,1.6323199347072026,0.751089079164789,1.8472801469087943,0.9753179365312787,7,3
lend,8,2,1.6323199347072026,0.751089079164789,1.8472801469087943,0.9753179365312787,8,5
ordinary,8,2,1.6323199347072026,0.751089079164789,1.8472801469087943,0.9753179365312787,7,4
honest,8,2,1.6323199347072026,0.751089079164789,1.8472801469087943,0.9753179365312787,7,4
confident,8,2,1.6323199347072026,0.751089079164789,1.8472801469087943,0.9753179365312787,8,3
connection,8,2,1.6323199347072026,0.751089079164789,1.8472801469087943,0.9753179365312787,8,5
creative,7,0,1.4282799428688022,0.0,8.149765354009386,0.9485933132096821,6,3
ensuring,7,0,1.4282799428688022,0.0,8.149765354009386,0.9485933132096821,6,4
perseverance,7,0,1.4282799428688022,0.0,8.149765354009386,0.9485933132096821,6,4
storms,7,0,1.4282799428688022,0.0,8.149765354009386,0.9485933132096821,7,4
woven,7,0,1.4282799428688022,0.0,8.149765354009386,0.9485933132096821,7,3
spark,7,0,1.4282799428688022,0.0,8.149765354009386,0.9485933132096821,6,3
encouraging,7,0,1.4282799428688022,0.0,8.149765354009386,0.9485933132096821,6,4
evenings,7,0,1.4282799428688022,0.0,8.149765354009386,0.9485933132096821,7,5
lasting,7,0,1.4282799428688022,0.0,8.149765354009386,0.9485933132096821,7,5
deadline,7,0,1.4282799428688022,0.0,8.149765354009386,0.9485933132096821,7,3
she's,7,0,1.4282799428688022,0.0,8.149765354009386,0.9485933132096821,5,3
art,7,0,1.4282799428688022,0.0,8.149765354009386,0.9485933132096821,7,3
steadfast,7,0,1.4282799428688022,0.0,8.149765354009386,0.9485933132096821,7,4
vibrant,7,0,1.4282799428688022,0.0,8.149765354009386,0.9485933132096821,7,4
normal,7,0,1.4282799428688022,0.0,8.149765354009386,0.9485933132096821,7,2
th,7,0,1.4282799428688022,0.0,8.149765354009386,0.9485933132096821,5,1
obstacles,7,0,1.4282799428688022,0.0,8.149765354009386,0.9485933132096821,7,3
dancing,7,0,1.4282799428688022,0.0,8.149765354009386,0.9485933132096821,7,4
neighborhood,7,0,1.4282799428688022,0.0,8.149765354009386,0.9485933132096821,7,5
twist,7,0,1.4282799428688022,0.0,8.149765354009386,0.9485933132096821,7,4
milestones,7,0,1.4282799428688022,0.0,8.149765354009386,0.9485933132096821,6,4
carefully,7,0,1.4282799428688022,0.0,8.149765354009386,0.9485933132096821,7,1
news,15,5,3.060599877576005,1.8777226979119723,1.5311680362078242,0.9392783927728153,13,2
legacy,15,5,3.060599877576005,1.8777226979119723,1.5311680362078242,0.9392783927728153,15,3
process,5,1,1.0201999591920017,0.3755445395823945,1.9921648643134053,0.9069190408966266,5,2
listened,5,1,1.0201999591920017,0.3755445395823945,1.9921648643134053,0.9069190408966266,5,2
drop,5,1,1.0201999591920017,0.3755445395823945,1.9921648643134053,0.9069190408966266,5,2
minute,5,1,1.0201999591920017,0.3755445395823945,1.9921648643134053,0.9069190408966266,4,4
surprised,5,1,1.0201999591920017,0.3755445395823945,1.9921648643134053,0.9069190408966266,5,4
questions,5,1,1.0201999591920017,0.3755445395823945,1.9921648643134053,0.9069190408966266,4,3
strengthen,5,1,1.0201999591920017,0.3755445395823945,1.9921648643134053,0.9069190408966266,5,2
inspiration,5,1,1.0201999591920017,0.3755445395823945,1.9921648643134053,0.9069190408966266,5,3
report,5,1,1.0201999591920017,0.3755445395823945,1.9921648643134053,0.9069190408966266,3,2
greater,5,1,1.0201999591920017,0.3755445395823945,1.9921648643134053,0.9069190408966266,5,3
fell,5,1,1.0201999591920017,0.3755445395823945,1.9921648643134053,0.9069190408966266,5,2
service,5,1,1.0201999591920017,0.3755445395823945,1.9921648643134053,0.9069190408966266,5,2
grab,5,1,1.0201999591920017,0.3755445395823945,1.9921648643134053,0.9069190408966266,5,1
practical,5,1,1.0201999591920017,0.3755445395823945,1.9921648643134053,0.9069190408966266,5,2
singing,5,1,1.0201999591920017,0.3755445395823945,1.9921648643134053,0.9069190408966266,5,4
needs,5,1,1.0201999591920017,0.3755445395823945,1.9921648643134053,0.9069190408966266,5,3
depth,5,1,1.0201999591920017,0.3755445395823945,1.9921648643134053,0.9069190408966266,5,4
led,5,1,1.0201999591920017,0.3755445395823945,1.9921648643134053,0.9069190408966266,5,3
constant,5,1,1.0201999591920017,0.3755445395823945,1.9921648643134053,0.9069190408966266,5,5
unnoticed,5,1,1.0201999591920017,0.3755445395823945,1.9921648643134053,0.9069190408966266,5,1
hobbies,5,1,1.0201999591920017,0.3755445395823945,1.9921648643134053,0.9069190408966266,5,1
dog,5,1,1.0201999591920017,0.3755445395823945,1.9921648643134053,0.9069190408966266,4,4
deeper,5,1,1.0201999591920017,0.3755445395823945,1.9921648643134053,0.9069190408966266,5,3
during,49,21,9.997959600081616,7.886435331230284,1.250894217127022,0.9033785180405255,41,7
lucky,17,6,3.4686798612528054,2.253267237494367,1.4627783968734795,0.9018999353600083,16,5
short,10,3,2.0403999183840034,1.1266336187471835,1.6299530708018772,0.895826794155039,8,4
imagined,10,3,2.0403999183840034,1.1266336187471835,1.6299530708018772,0.895826794155039,7,4
holding,10,3,2.0403999183840034,1.1266336187471835,1.6299530708018772,0.895826794155039,10,3
hurtful,10,3,2.0403999183840034,1.1266336187471835,1.6299530708018772,0.895826794155039,10,1
work,55,24,11.222199551112018,9.013068949977468,1.2307808901973358,0.8900724498738751,39,6
truly,63,28,12.854519485819221,10.515247108307046,1.2105499414727392,0.8785783583320015,47,7
clarity,6,0,1.224239951030402,0.0,7.0631299734748,0.8782227678411003,5,3
extra,6,0,1.224239951030402,0.0,7.0631299734748,0.8782227678411003,5,4
matters,6,0,1.224239951030402,0.0,7.0631299734748,0.8782227678411003,5,3
unconditionally,6,0,1.224239951030402,0.0,7.0631299734748,0.8782227678411003,6,3
pains,6,0,1.224239951030402,0.0,7.0631299734748,0.8782227678411003,6,1
pursue,6,0,1.224239951030402,0.0,7.0631299734748,0.8782227678411003,6,3
radiant,6,0,1.224239951030402,0.0,7.0631299734748,0.8782227678411003,6,2
concerns,6,0,1.224239951030402,0.0,7.0631299734748,0.8782227678411003,5,3
fearless,6,0,1.224239951030402,0.0,7.0631299734748,0.8782227678411003,6,4
higher,6,0,1.224239951030402,0.0,7.0631299734748,0.8782227678411003,6,3
alongside,6,0,1.224239951030402,0.0,7.0631299734748,0.8782227678411003,6,3
betraying,6,0,1.224239951030402,0.0,7.0631299734748,0.8782227678411003,6,1
enthusiasm,6,0,1.224239951030402,0.0,7.0631299734748,0.8782227678411003,6,3
clear,6,0,1.224239951030402,0.0,7.0631299734748,0.8782227678411003,6,4
runs,6,0,1.224239951030402,0.0,7.0631299734748,0.8782227678411003,5,3
impression,6,0,1.224239951030402,0.0,7.0631299734748,0.8782227678411003,6,2
twenty,6,0,1.224239951030402,0.0,7.0631299734748,0.8782227678411003,5,2
considering,6,0,1.224239951030402,0.0,7.0631299734748,0.8782227678411003,6,1
deepened,6,0,1.224239951030402,0.0,7.0631299734748,0.8782227678411003,6,4
settling,6,0,1.224239951030402,0.0,7.0631299734748,0.8782227678411003,6,1
mother's,6,0,1.224239951030402,0.0,7.0631299734748,0.8782227678411003,5,3
picked,6,0,1.224239951030402,0.0,7.0631299734748,0.8782227678411003,6,2
sarah,6,0,1.224239951030402,0.0,7.0631299734748,0.8782227678411003,5,4
endlessly,6,0,1.224239951030402,0.0,7.0631299734748,0.8782227678411003,5,3
echoing,6,0,1.224239951030402,0.0,7.0631299734748,0.8782227678411003,6,3
coordinator,6,0,1.224239951030402,0.0,7.0631299734748,0.8782227678411003,6,1
creativity,6,0,1.224239951030402,0.0,7.0631299734748,0.8782227678411003,6,4
compassionate,6,0,1.224239951030402,0.0,7.0631299734748,0.8782227678411003,6,3
you're,85,39,17.34339930626403,14.646237043713384,1.1760420890595824,0.8685805270611104,47,7
love,318,159,64.88471740461131,59.71158179360072,1.0849321902829632,0.8540968734255894,80,8
thoughts,21,8,4.284839828606406,3.004356316659156,1.374274157734916,0.8483041601949781,18,5
overcome,12,4,2.448479902060804,1.502178158329578,1.5092158062980345,0.8400753343358911,10,3
learning,12,4,2.448479902060804,1.502178158329578,1.5092158062980345,0.8400753343358911,12,4
behind,12,4,2.448479902060804,1.502178158329578,1.5092158062980345,0.8400753343358911,12,7
yourself,44,19,8.977759640889614,7.135346252065495,1.239878831635616,0.8309268093249808,31,6
trusting,5,0,1.0201999591920017,0.0,5.976494592940216,0.8017003936127071,5,2
agency,5,0,1.0201999591920017,0.0,5.976494592940216,0.8017003936127071,5,1
door,5,0,1.0201999591920017,0.0,5.976494592940216,0.8017003936127071,4,3
mutual,5,0,1.0201999591920017,0.0,5.976494592940216,0.8017003936127071,5,3
caf,5,0,1.0201999591920017,0.0,5.976494592940216,0.8017003936127071,5,3
solace,5,0,1.0201999591920017,0.0,5.976494592940216,0.8017003936127071,5,1
eager,5,0,1.0201999591920017,0.0,5.976494592940216,0.8017003936127071,5,4
relive,5,0,1.0201999591920017,0.0,5.976494592940216,0.8017003936127071,5,1
privilege,5,0,1.0201999591920017,0.0,5.976494592940216,0.8017003936127071,5,2
adventurous,5,0,1.0201999591920017,0.0,5.976494592940216,0.8017003936127071,4,3
optimism,5,0,1.0201999591920017,0.0,5.976494592940216,0.8017003936127071,5,4
passions,5,0,1.0201999591920017,0.0,5.976494592940216,0.8017003936127071,5,2
attention,5,0,1.0201999591920017,0.0,5.976494592940216,0.8017003936127071,5,3
skies,5,0,1.0201999591920017,0.0,5.976494592940216,0.8017003936127071,5,4
horizon,5,0,1.0201999591920017,0.0,5.976494592940216,0.8017003936127071,4,2
weekends,5,0,1.0201999591920017,0.0,5.976494592940216,0.8017003936127071,5,1
embracing,5,0,1.0201999591920017,0.0,5.976494592940216,0.8017003936127071,5,4
embark,5,0,1.0201999591920017,0.0,5.976494592940216,0.8017003936127071,5,2
souls,5,0,1.0201999591920017,0.0,5.976494592940216,0.8017003936127071,5,2
painting,5,0,1.0201999591920017,0.0,5.976494592940216,0.8017003936127071,5,2
poor,5,0,1.0201999591920017,0.0,5.976494592940216,0.8017003936127071,5,2
anxious,5,0,1.0201999591920017,0.0,5.976494592940216,0.8017003936127071,5,1
allowing,5,0,1.0201999591920017,0.0,5.976494592940216,0.8017003936127071,5,2
mix,5,0,1.0201999591920017,0.0,5.976494592940216,0.8017003936127071,5,2
entire,5,0,1.0201999591920017,0.0,5.976494592940216,0.8017003936127071,5,1
obstacle,5,0,1.0201999591920017,0.0,5.976494592940216,0.8017003936127071,5,1
unstoppable,5,0,1.0201999591920017,0.0,5.976494592940216,0.8017003936127071,5,4
streets,5,0,1.0201999591920017,0.0,5.976494592940216,0.8017003936127071,4,3
fiercely,5,0,1.0201999591920017,0.0,5.976494592940216,0.8017003936127071,5,1
foundation,5,0,1.0201999591920017,0.0,5.976494592940216,0.8017003936127071,5,3
measure,5,0,1.0201999591920017,0.0,5.976494592940216,0.8017003936127071,5,3
reservation,5,0,1.0201999591920017,0.0,5.976494592940216,0.8017003936127071,5,1
tackling,5,0,1.0201999591920017,0.0,5.976494592940216,0.8017003936127071,5,4
crowded,5,0,1.0201999591920017,0.0,5.976494592940216,0.8017003936127071,5,2
selflessness,5,0,1.0201999591920017,0.0,5.976494592940216,0.8017003936127071,5,2
period,5,0,1.0201999591920017,0.0,5.976494592940216,0.8017003936127071,5,3
seasons,5,0,1.0201999591920017,0.0,5.976494592940216,0.8017003936127071,3,3
smiles,5,0,1.0201999591920017,0.0,5.976494592940216,0.8017003936127071,5,2
curious,5,0,1.0201999591920017,0.0,5.976494592940216,0.8017003936127071,4,2
disrupted,5,0,1.0201999591920017,0.0,5.976494592940216,0.8017003936127071,5,1
backyard,5,0,1.0201999591920017,0.0,5.976494592940216,0.8017003936127071,4,4
tone,5,0,1.0201999591920017,0.0,5.976494592940216,0.8017003936127071,5,2
settled,5,0,1.0201999591920017,0.0,5.976494592940216,0.8017003936127071,5,1
possibility,5,0,1.0201999591920017,0.0,5.976494592940216,0.8017003936127071,5,3
distress,5,0,1.0201999591920017,0.0,5.976494592940216,0.8017003936127071,5,1
midnight,5,0,1.0201999591920017,0.0,5.976494592940216,0.8017003936127071,4,1
recall,5,0,1.0201999591920017,0.0,5.976494592940216,0.8017003936127071,4,4
hours,14,5,2.8565598857376044,1.8777226979119723,1.4323830016137709,0.7994400777116899,13,8
cheers,14,5,2.8565598857376044,1.8777226979119723,1.4323830016137709,0.7994400777116899,14,3
far,27,11,5.509079779636809,4.1309899354063395,1.2992379549870035,0.7990344392170325,21,6
onto,7,2,1.4282799428688022,0.751089079164789,1.6299530708018772,0.7959582568252892,6,3
childhood,7,2,1.4282799428688022,0.751089079164789,1.6299530708018772,0.7959582568252892,6,3
arrived,7,2,1.4282799428688022,0.751089079164789,1.6299530708018772,0.7959582568252892,7,2
inside,7,2,1.4282799428688022,0.751089079164789,1.6299530708018772,0.7959582568252892,7,3
giving,7,2,1.4282799428688022,0.751089079164789,1.6299530708018772,0.7959582568252892,7,3
leaving,7,2,1.4282799428688022,0.751089079164789,1.6299530708018772,0.7959582568252892,7,3
join,7,2,1.4282799428688022,0.751089079164789,1.6299530708018772,0.7959582568252892,7,4
infectious,7,2,1.4282799428688022,0.751089079164789,1.6299530708018772,0.7959582568252892,7,5
feels,31,13,6.32523974699041,4.882079014571128,1.267741277290349,0.7781762818965988,27,7
already,16,6,3.264639869414405,2.253267237494367,1.3791910599092805,0.7688460134404524,15,4
overwhelmed,16,6,3.264639869414405,2.253267237494367,1.3791910599092805,0.7688460134404524,15,3
morning,16,6,3.264639869414405,2.253267237494367,1.3791910599092805,0.7688460134404524,14,6
such,37,16,7.549479698020812,6.008712633318312,1.2348129324256645,0.7575321342554288,33,6
walk,18,7,3.672719853091206,2.6288117770767614,1.3401836359926547,0.7452383223215727,18,4
let,67,31,13.670679453172822,11.641880727054229,1.1642521934299124,0.7347562006730779,45,8
positive,9,3,1.836359926545603,1.1266336187471835,1.4747194450112222,0.7274912502202335,8,4
planning,9,3,1.836359926545603,1.1266336187471835,1.4747194450112222,0.7274912502202335,8,3
breath,9,3,1.836359926545603,1.1266336187471835,1.4747194450112222,0.7274912502202335,8,3
move,20,8,4.080799836768007,3.004356316659156,1.3103544294681757,0.7266857408417976,19,3
undermined,4,0,0.8161599673536013,0.0,4.889859212405631,0.7170593749969405,4,1
freely,4,0,0.8161599673536013,0.0,4.889859212405631,0.7170593749969405,4,3
encounter,4,0,0.8161599673536013,0.0,4.889859212405631,0.7170593749969405,4,3
delicious,4,0,0.8161599673536013,0.0,4.889859212405631,0.7170593749969405,4,3
define,4,0,0.8161599673536013,0.0,4.889859212405631,0.7170593749969405,4,2
transformed,4,0,0.8161599673536013,0.0,4.889859212405631,0.7170593749969405,4,3
burdens,4,0,0.8161599673536013,0.0,4.889859212405631,0.7170593749969405,4,4
epic,4,0,0.8161599673536013,0.0,4.889859212405631,0.7170593749969405,4,2
companionship,4,0,0.8161599673536013,0.0,4.889859212405631,0.7170593749969405,4,2
prepared,4,0,0.8161599673536013,0.0,4.889859212405631,0.7170593749969405,4,3
hoping,4,0,0.8161599673536013,0.0,4.889859212405631,0.7170593749969405,4,1
kindest,4,0,0.8161599673536013,0.0,4.889859212405631,0.7170593749969405,4,3
thompson,4,0,0.8161599673536013,0.0,4.889859212405631,0.7170593749969405,3,2
brighten,4,0,0.8161599673536013,0.0,4.889859212405631,0.7170593749969405,4,4
lapse,4,0,0.8161599673536013,0.0,4.889859212405631,0.7170593749969405,4,1
highest,4,0,0.8161599673536013,0.0,4.889859212405631,0.7170593749969405,4,3
excitement,4,0,0.8161599673536013,0.0,4.889859212405631,0.7170593749969405,4,3
seems,4,0,0.8161599673536013,0.0,4.889859212405631,0.7170593749969405,4,1
weathered,4,0,0.8161599673536013,0.0,4.889859212405631,0.7170593749969405,4,3
team's,4,0,0.8161599673536013,0.0,4.889859212405631,0.7170593749969405,4,3
concern,4,0,0.8161599673536013,0.0,4.889859212405631,0.7170593749969405,4,1
forts,4,0,0.8161599673536013,0.0,4.889859212405631,0.7170593749969405,4,2
tuesday,4,0,0.8161599673536013,0.0,4.889859212405631,0.7170593749969405,4,3
fantastic,4,0,0.8161599673536013,0.0,4.889859212405631,0.7170593749969405,4,1
talent,4,0,0.8161599673536013,0.0,4.889859212405631,0.7170593749969405,4,2
immense,4,0,0.8161599673536013,0.0,4.889859212405631,0.7170593749969405,4,3
admiration,4,0,0.8161599673536013,0.0,4.889859212405631,0.7170593749969405,4,2
disrespectful,4,0,0.8161599673536013,0.0,4.889859212405631,0.7170593749969405,4,1
dismissed,4,0,0.8161599673536013,0.0,4.889859212405631,0.7170593749969405,4,1
changes,4,0,0.8161599673536013,0.0,4.889859212405631,0.7170593749969405,4,1
winding,4,0,0.8161599673536013,0.0,4.889859212405631,0.7170593749969405,3,3
star,4,0,0.8161599673536013,0.0,4.889859212405631,0.7170593749969405,4,2
whispered,4,0,0.8161599673536013,0.0,4.889859212405631,0.7170593749969405,4,3
pedro,4,0,0.8161599673536013,0.0,4.889859212405631,0.7170593749969405,1,2
carefree,4,0,0.8161599673536013,0.0,4.889859212405631,0.7170593749969405,4,2
communicating,4,0,0.8161599673536013,0.0,4.889859212405631,0.7170593749969405,4,1
companion,4,0,0.8161599673536013,0.0,4.889859212405631,0.7170593749969405,4,2
smallest,4,0,0.8161599673536013,0.0,4.889859212405631,0.7170593749969405,4,3
rely,4,0,0.8161599673536013,0.0,4.889859212405631,0.7170593749969405,4,4
await,4,0,0.8161599673536013,0.0,4.889859212405631,0.7170593749969405,4,2
cup,4,0,0.8161599673536013,0.0,4.889859212405631,0.7170593749969405,4,3
feedback,4,0,0.8161599673536013,0.0,4.889859212405631,0.7170593749969405,4,2
bride,4,0,0.8161599673536013,0.0,4.889859212405631,0.7170593749969405,4,1
ten,4,0,0.8161599673536013,0.0,4.889859212405631,0.7170593749969405,4,3
balancing,4,0,0.8161599673536013,0.0,4.889859212405631,0.7170593749969405,4,3
uplift,4,0,0.8161599673536013,0.0,4.889859212405631,0.7170593749969405,4,4
smooth,4,0,0.8161599673536013,0.0,4.889859212405631,0.7170593749969405,4,2
nurturing,4,0,0.8161599673536013,0.0,4.889859212405631,0.7170593749969405,4,3
rainy,4,0,0.8161599673536013,0.0,4.889859212405631,0.7170593749969405,4,3
navigated,4,0,0.8161599673536013,0.0,4.889859212405631,0.7170593749969405,4,4
discouraged,4,0,0.8161599673536013,0.0,4.889859212405631,0.7170593749969405,4,1
decade,4,0,0.8161599673536013,0.0,4.889859212405631,0.7170593749969405,4,3
anchor,4,0,0.8161599673536013,0.0,4.889859212405631,0.7170593749969405,4,3
devastated,4,0,0.8161599673536013,0.0,4.889859212405631,0.7170593749969405,4,2
blanket,4,0,0.8161599673536013,0.0,4.889859212405631,0.7170593749969405,3,2
nurtured,4,0,0.8161599673536013,0.0,4.889859212405631,0.7170593749969405,4,3
endures,4,0,0.8161599673536013,0.0,4.889859212405631,0.7170593749969405,4,2
fierce,4,0,0.8161599673536013,0.0,4.889859212405631,0.7170593749969405,4,2
insights,4,0,0.8161599673536013,0.0,4.889859212405631,0.7170593749969405,4,1
books,4,0,0.8161599673536013,0.0,4.889859212405631,0.7170593749969405,3,3
determined,4,0,0.8161599673536013,0.0,4.889859212405631,0.7170593749969405,4,4
became,4,0,0.8161599673536013,0.0,4.889859212405631,0.7170593749969405,4,3
echoes,4,0,0.8161599673536013,0.0,4.889859212405631,0.7170593749969405,4,3
soccer,4,0,0.8161599673536013,0.0,4.889859212405631,0.7170593749969405,4,3
tackle,4,0,0.8161599673536013,0.0,4.889859212405631,0.7170593749969405,4,2
thriving,4,0,0.8161599673536013,0.0,4.889859212405631,0.7170593749969405,4,3
damaged,4,0,0.8161599673536013,0.0,4.889859212405631,0.7170593749969405,4,1
commit,4,0,0.8161599673536013,0.0,4.889859212405631,0.7170593749969405,4,1
comforted,4,0,0.8161599673536013,0.0,4.889859212405631,0.7170593749969405,4,3
chat,4,0,0.8161599673536013,0.0,4.889859212405631,0.7170593749969405,4,3
halls,4,0,0.8161599673536013,0.0,4.889859212405631,0.7170593749969405,4,3
testament,4,0,0.8161599673536013,0.0,4.889859212405631,0.7170593749969405,4,3
lit,4,0,0.8161599673536013,0.0,4.889859212405631,0.7170593749969405,4,3
choices,4,0,0.8161599673536013,0.0,4.889859212405631,0.7170593749969405,4,2
workload,4,0,0.8161599673536013,0.0,4.889859212405631,0.7170593749969405,4,1
ache,4,0,0.8161599673536013,0.0,4.889859212405631,0.7170593749969405,4,2
nostalgic,4,0,0.8161599673536013,0.0,4.889859212405631,0.7170593749969405,4,1
emptiness,4,0,0.8161599673536013,0.0,4.889859212405631,0.7170593749969405,4,2
contagious,4,0,0.8161599673536013,0.0,4.889859212405631,0.7170593749969405,4,2
started,24,10,4.896959804121608,3.7554453958239447,1.2677412772903491,0.7000312160726347,21,3
pure,4,1,0.8161599673536013,0.3755445395823945,1.6299530708018772,0.6896145812192871,4,2
sides,4,1,0.8161599673536013,0.3755445395823945,1.6299530708018772,0.6896145812192871,4,2
biggest,4,1,0.8161599673536013,0.3755445395823945,1.6299530708018772,0.6896145812192871,3,3
gathering,4,1,0.8161599673536013,0.3755445395823945,1.6299530708018772,0.6896145812192871,4,2
achieve,4,1,0.8161599673536013,0.3755445395823945,1.6299530708018772,0.6896145812192871,4,2
permission,4,1,0.8161599673536013,0.3755445395823945,1.6299530708018772,0.6896145812192871,4,1
seeking,4,1,0.8161599673536013,0.3755445395823945,1.6299530708018772,0.6896145812192871,4,3
grand,4,1,0.8161599673536013,0.3755445395823945,1.6299530708018772,0.6896145812192871,4,3
danced,4,1,0.8161599673536013,0.3755445395823945,1.6299530708018772,0.6896145812192871,4,2
graduation,4,1,0.8161599673536013,0.3755445395823945,1.6299530708018772,0.6896145812192871,3,3
we'd,4,1,0.8161599673536013,0.3755445395823945,1.6299530708018772,0.6896145812192871,4,2
achievements,4,1,0.8161599673536013,0.3755445395823945,1.6299530708018772,0.6896145812192871,4,3
instantly,4,1,0.8161599673536013,0.3755445395823945,1.6299530708018772,0.6896145812192871,4,1
final,4,1,0.8161599673536013,0.3755445395823945,1.6299530708018772,0.6896145812192871,2,3
death,4,1,0.8161599673536013,0.3755445395823945,1.6299530708018772,0.6896145812192871,3,3
remains,4,1,0.8161599673536013,0.3755445395823945,1.6299530708018772,0.6896145812192871,4,3
aside,4,1,0.8161599673536013,0.3755445395823945,1.6299530708018772,0.6896145812192871,4,3
snacks,4,1,0.8161599673536013,0.3755445395823945,1.6299530708018772,0.6896145812192871,3,3
ashamed,4,1,0.8161599673536013,0.3755445395823945,1.6299530708018772,0.6896145812192871,4,1
toughest,4,1,0.8161599673536013,0.3755445395823945,1.6299530708018772,0.6896145812192871,4,3
somehow,4,1,0.8161599673536013,0.3755445395823945,1.6299530708018772,0.6896145812192871,4,3
settle,4,1,0.8161599673536013,0.3755445395823945,1.6299530708018772,0.6896145812192871,4,4
glass,4,1,0.8161599673536013,0.3755445395823945,1.6299530708018772,0.6896145812192871,4,2
sometime,4,1,0.8161599673536013,0.3755445395823945,1.6299530708018772,0.6896145812192871,4,1
shape,4,1,0.8161599673536013,0.3755445395823945,1.6299530708018772,0.6896145812192871,4,3
reconnecting,4,1,0.8161599673536013,0.3755445395823945,1.6299530708018772,0.6896145812192871,4,1
luna,4,1,0.8161599673536013,0.3755445395823945,1.6299530708018772,0.6896145812192871,4,1
secrets,4,1,0.8161599673536013,0.3755445395823945,1.6299530708018772,0.6896145812192871,4,2
grew,4,1,0.8161599673536013,0.3755445395823945,1.6299530708018772,0.6896145812192871,4,3
shines,4,1,0.8161599673536013,0.3755445395823945,1.6299530708018772,0.6896145812192871,4,4
starting,4,1,0.8161599673536013,0.3755445395823945,1.6299530708018772,0.6896145812192871,4,2
steady,4,1,0.8161599673536013,0.3755445395823945,1.6299530708018772,0.6896145812192871,4,3
breaks,4,1,0.8161599673536013,0.3755445395823945,1.6299530708018772,0.6896145812192871,4,4
impossible,4,1,0.8161599673536013,0.3755445395823945,1.6299530708018772,0.6896145812192871,4,3
within,4,1,0.8161599673536013,0.3755445395823945,1.6299530708018772,0.6896145812192871,4,3
gestures,4,1,0.8161599673536013,0.3755445395823945,1.6299530708018772,0.6896145812192871,4,1
prosperity,4,1,0.8161599673536013,0.3755445395823945,1.6299530708018772,0.6896145812192871,4,1
boxes,4,1,0.8161599673536013,0.3755445395823945,1.6299530708018772,0.6896145812192871,3,1
bold,4,1,0.8161599673536013,0.3755445395823945,1.6299530708018772,0.6896145812192871,4,2
information,4,1,0.8161599673536013,0.3755445395823945,1.6299530708018772,0.6896145812192871,4,2
created,11,4,2.2444399102224035,1.502178158329578,1.3884785417941916,0.682652341430224,10,4
health,11,4,2.2444399102224035,1.502178158329578,1.3884785417941916,0.682652341430224,11,4
light,32,14,6.52927973882881,5.257623554153523,1.2177810299094485,0.6711893628291479,28,7
keep,52,24,10.610079575596817,9.013068949977468,1.1642521934299122,0.6565695555874304,33,6
growing,13,5,2.6525198938992043,1.8777226979119723,1.3335979670197176,0.6516069218487288,11,7
voice,13,5,2.6525198938992043,1.8777226979119723,1.3335979670197176,0.6516069218487288,12,8
offered,13,5,2.6525198938992043,1.8777226979119723,1.3335979670197176,0.6516069218487288,13,5
how,247,125,50.39787798408488,46.94306744779931,1.0714830943518316,0.6450642927788142,78,8
manageable,3,0,0.612119975515201,0.0,3.8032238318710467,0.6209888149743188,3,1
invaluable,3,0,0.612119975515201,0.0,3.8032238318710467,0.6209888149743188,2,1
push,3,0,0.612119975515201,0.0,3.8032238318710467,0.6209888149743188,3,2
invested,3,0,0.612119975515201,0.0,3.8032238318710467,0.6209888149743188,3,1
earn,3,0,0.612119975515201,0.0,3.8032238318710467,0.6209888149743188,3,1
earning,3,0,0.612119975515201,0.0,3.8032238318710467,0.6209888149743188,3,2
easier,3,0,0.612119975515201,0.0,3.8032238318710467,0.6209888149743188,3,2
weekly,3,0,0.612119975515201,0.0,3.8032238318710467,0.6209888149743188,3,2
review,3,0,0.612119975515201,0.0,3.8032238318710467,0.6209888149743188,3,3
sarah's,3,0,0.612119975515201,0.0,3.8032238318710467,0.6209888149743188,1,1
earliest,3,0,0.612119975515201,0.0,3.8032238318710467,0.6209888149743188,3,3
adopted,3,0,0.612119975515201,0.0,3.8032238318710467,0.6209888149743188,3,1
resources,3,0,0.612119975515201,0.0,3.8032238318710467,0.6209888149743188,3,3
rescue,3,0,0.612119975515201,0.0,3.8032238318710467,0.6209888149743188,3,2
setbacks,3,0,0.612119975515201,0.0,3.8032238318710467,0.6209888149743188,3,3
sunny,3,0,0.612119975515201,0.0,3.8032238318710467,0.6209888149743188,3,3
thursday,3,0,0.612119975515201,0.0,3.8032238318710467,0.6209888149743188,3,2
cheer,3,0,0.612119975515201,0.0,3.8032238318710467,0.6209888149743188,3,2
cheered,3,0,0.612119975515201,0.0,3.8032238318710467,0.6209888149743188,2,2
plate,3,0,0.612119975515201,0.0,3.8032238318710467,0.6209888149743188,3,3
limits,3,0,0.612119975515201,0.0,3.8032238318710467,0.6209888149743188,3,2
weakness,3,0,0.612119975515201,0.0,3.8032238318710467,0.6209888149743188,3,2
sunday,3,0,0.612119975515201,0.0,3.8032238318710467,0.6209888149743188,3,3
wild,3,0,0.612119975515201,0.0,3.8032238318710467,0.6209888149743188,3,2
thoughtless,3,0,0.612119975515201,0.0,3.8032238318710467,0.6209888149743188,3,1
greeting,3,0,0.612119975515201,0.0,3.8032238318710467,0.6209888149743188,3,3
argument,3,0,0.612119975515201,0.0,3.8032238318710467,0.6209888149743188,3,1
appeared,3,0,0.612119975515201,0.0,3.8032238318710467,0.6209888149743188,3,3
research,3,0,0.612119975515201,0.0,3.8032238318710467,0.6209888149743188,3,3
handsome,3,0,0.612119975515201,0.0,3.8032238318710467,0.6209888149743188,2,1
hallways,3,0,0.612119975515201,0.0,3.8032238318710467,0.6209888149743188,3,3
thrilling,3,0,0.612119975515201,0.0,3.8032238318710467,0.6209888149743188,3,3
returning,3,0,0.612119975515201,0.0,3.8032238318710467,0.6209888149743188,3,1
client,3,0,0.612119975515201,0.0,3.8032238318710467,0.6209888149743188,3,2
amazed,3,0,0.612119975515201,0.0,3.8032238318710467,0.6209888149743188,3,2
collaboration,3,0,0.612119975515201,0.0,3.8032238318710467,0.6209888149743188,3,1
flowers,3,0,0.612119975515201,0.0,3.8032238318710467,0.6209888149743188,3,3
flown,3,0,0.612119975515201,0.0,3.8032238318710467,0.6209888149743188,3,1
chased,3,0,0.612119975515201,0.0,3.8032238318710467,0.6209888149743188,3,2
timely,3,0,0.612119975515201,0.0,3.8032238318710467,0.6209888149743188,3,2
cheerleader,3,0,0.612119975515201,0.0,3.8032238318710467,0.6209888149743188,3,3
fit,3,0,0.612119975515201,0.0,3.8032238318710467,0.6209888149743188,3,2
fitness,3,0,0.612119975515201,0.0,3.8032238318710467,0.6209888149743188,2,1
flour,3,0,0.612119975515201,0.0,3.8032238318710467,0.6209888149743188,3,2
renewed,3,0,0.612119975515201,0.0,3.8032238318710467,0.6209888149743188,3,3
reminders,3,0,0.612119975515201,0.0,3.8032238318710467,0.6209888149743188,3,3
champion,3,0,0.612119975515201,0.0,3.8032238318710467,0.6209888149743188,3,2
wandering,3,0,0.612119975515201,0.0,3.8032238318710467,0.6209888149743188,3,3
starry,3,0,0.612119975515201,0.0,3.8032238318710467,0.6209888149743188,3,3
toes,3,0,0.612119975515201,0.0,3.8032238318710467,0.6209888149743188,3,2
neighbors,3,0,0.612119975515201,0.0,3.8032238318710467,0.6209888149743188,2,2
noticed,3,0,0.612119975515201,0.0,3.8032238318710467,0.6209888149743188,3,1
teams,3,0,0.612119975515201,0.0,3.8032238318710467,0.6209888149743188,3,2
ted,3,0,0.612119975515201,0.0,3.8032238318710467,0.6209888149743188,1,1
miles,3,0,0.612119975515201,0.0,3.8032238318710467,0.6209888149743188,3,2
alike,3,0,0.612119975515201,0.0,3.8032238318710467,0.6209888149743188,3,2
peaks,3,0,0.612119975515201,0.0,3.8032238318710467,0.6209888149743188,2,2
ensured,3,0,0.612119975515201,0.0,3.8032238318710467,0.6209888149743188,3,2
soar,3,0,0.612119975515201,0.0,3.8032238318710467,0.6209888149743188,3,1
celebrations,3,0,0.612119975515201,0.0,3.8032238318710467,0.6209888149743188,2,2
carries,3,0,0.612119975515201,0.0,3.8032238318710467,0.6209888149743188,3,3
starlit,3,0,0.612119975515201,0.0,3.8032238318710467,0.6209888149743188,3,1
essential,3,0,0.612119975515201,0.0,3.8032238318710467,0.6209888149743188,3,3
hilarious,3,0,0.612119975515201,0.0,3.8032238318710467,0.6209888149743188,3,3
stargazing,3,0,0.612119975515201,0.0,3.8032238318710467,0.6209888149743188,3,3
voices,3,0,0.612119975515201,0.0,3.8032238318710467,0.6209888149743188,3,3
aspirations,3,0,0.612119975515201,0.0,3.8032238318710467,0.6209888149743188,3,3
trading,3,0,0.612119975515201,0.0,3.8032238318710467,0.6209888149743188,3,1
completed,3,0,0.612119975515201,0.0,3.8032238318710467,0.6209888149743188,3,1
roads,3,0,0.612119975515201,0.0,3.8032238318710467,0.6209888149743188,2,3
pressure,3,0,0.612119975515201,0.0,3.8032238318710467,0.6209888149743188,3,2
honoring,3,0,0.612119975515201,0.0,3.8032238318710467,0.6209888149743188,3,2
honors,3,0,0.612119975515201,0.0,3.8032238318710467,0.6209888149743188,3,2
relationships,3,0,0.612119975515201,0.0,3.8032238318710467,0.6209888149743188,3,2
camaraderie,3,0,0.612119975515201,0.0,3.8032238318710467,0.6209888149743188,3,3
possibilities,3,0,0.612119975515201,0.0,3.8032238318710467,0.6209888149743188,2,3
campus,3,0,0.612119975515201,0.0,3.8032238318710467,0.6209888149743188,3,2
reliability,3,0,0.612119975515201,0.0,3.8032238318710467,0.6209888149743188,3,2
reliable,3,0,0.612119975515201,0.0,3.8032238318710467,0.6209888149743188,3,2
delay,3,0,0.612119975515201,0.0,3.8032238318710467,0.6209888149743188,3,2
studies,3,0,0.612119975515201,0.0,3.8032238318710467,0.6209888149743188,3,2
authenticity,3,0,0.612119975515201,0.0,3.8032238318710467,0.6209888149743188,3,2
six,3,0,0.612119975515201,0.0,3.8032238318710467,0.6209888149743188,3,2
karaoke,3,0,0.612119975515201,0.0,3.8032238318710467,0.6209888149743188,3,2
tapestry,3,0,0.612119975515201,0.0,3.8032238318710467,0.6209888149743188,3,1
rides,3,0,0.612119975515201,0.0,3.8032238318710467,0.6209888149743188,2,2
confidante,3,0,0.612119975515201,0.0,3.8032238318710467,0.6209888149743188,3,1
performance,3,0,0.612119975515201,0.0,3.8032238318710467,0.6209888149743188,3,3
bumped,3,0,0.612119975515201,0.0,3.8032238318710467,0.6209888149743188,3,2
demands,3,0,0.612119975515201,0.0,3.8032238318710467,0.6209888149743188,3,2
trial,3,0,0.612119975515201,0.0,3.8032238318710467,0.6209888149743188,3,1
tree,3,0,0.612119975515201,0.0,3.8032238318710467,0.6209888149743188,3,3
baking,3,0,0.612119975515201,0.0,3.8032238318710467,0.6209888149743188,3,3
juggling,3,0,0.612119975515201,0.0,3.8032238318710467,0.6209888149743188,3,2
professional,3,0,0.612119975515201,0.0,3.8032238318710467,0.6209888149743188,3,2
builds,3,0,0.612119975515201,0.0,3.8032238318710467,0.6209888149743188,3,1
joining,3,0,0.612119975515201,0.0,3.8032238318710467,0.6209888149743188,3,1
struggled,3,0,0.612119975515201,0.0,3.8032238318710467,0.6209888149743188,3,2
deserves,3,0,0.612119975515201,0.0,3.8032238318710467,0.6209888149743188,3,3
destined,3,0,0.612119975515201,0.0,3.8032238318710467,0.6209888149743188,3,2
recipe,3,0,0.612119975515201,0.0,3.8032238318710467,0.6209888149743188,3,2
reasons,3,0,0.612119975515201,0.0,3.8032238318710467,0.6209888149743188,3,3
conquered,3,0,0.612119975515201,0.0,3.8032238318710467,0.6209888149743188,3,3
glances,3,0,0.612119975515201,0.0,3.8032238318710467,0.6209888149743188,3,2
fondest,3,0,0.612119975515201,0.0,3.8032238318710467,0.6209888149743188,3,3
significant,3,0,0.612119975515201,0.0,3.8032238318710467,0.6209888149743188,3,1
overflow,3,0,0.612119975515201,0.0,3.8032238318710467,0.6209888149743188,3,1
brainstorming,3,0,0.612119975515201,0.0,3.8032238318710467,0.6209888149743188,3,2
braver,3,0,0.612119975515201,0.0,3.8032238318710467,0.6209888149743188,3,2
startup,3,0,0.612119975515201,0.0,3.8032238318710467,0.6209888149743188,3,1
unbearable,3,0,0.612119975515201,0.0,3.8032238318710467,0.6209888149743188,3,2
unbearably,3,0,0.612119975515201,0.0,3.8032238318710467,0.6209888149743188,3,2
unbreakable,3,0,0.612119975515201,0.0,3.8032238318710467,0.6209888149743188,3,2
bounds,3,0,0.612119975515201,0.0,3.8032238318710467,0.6209888149743188,3,2
beacon,3,0,0.612119975515201,0.0,3.8032238318710467,0.6209888149743188,2,3
consistent,3,0,0.612119975515201,0.0,3.8032238318710467,0.6209888149743188,3,1
contributions,3,0,0.612119975515201,0.0,3.8032238318710467,0.6209888149743188,3,3
partnership,3,0,0.612119975515201,0.0,3.8032238318710467,0.6209888149743188,3,2
echoed,3,0,0.612119975515201,0.0,3.8032238318710467,0.6209888149743188,3,2
insisted,3,0,0.612119975515201,0.0,3.8032238318710467,0.6209888149743188,3,2
opened,3,0,0.612119975515201,0.0,3.8032238318710467,0.6209888149743188,3,3
openly,3,0,0.612119975515201,0.0,3.8032238318710467,0.6209888149743188,3,1
detours,3,0,0.612119975515201,0.0,3.8032238318710467,0.6209888149743188,3,2
strained,3,0,0.612119975515201,0.0,3.8032238318710467,0.6209888149743188,3,1
inconvenience,3,0,0.612119975515201,0.0,3.8032238318710467,0.6209888149743188,3,1
blossom,3,0,0.612119975515201,0.0,3.8032238318710467,0.6209888149743188,3,1
blossomed,3,0,0.612119975515201,0.0,3.8032238318710467,0.6209888149743188,3,1
initiatives,3,0,0.612119975515201,0.0,3.8032238318710467,0.6209888149743188,3,3
named,3,0,0.612119975515201,0.0,3.8032238318710467,0.6209888149743188,3,1
experiments,3,0,0.612119975515201,0.0,3.8032238318710467,0.6209888149743188,2,2
street,3,0,0.612119975515201,0.0,3.8032238318710467,0.6209888149743188,3,2
beautifully,3,0,0.612119975515201,0.0,3.8032238318710467,0.6209888149743188,3,3
providing,3,0,0.612119975515201,0.0,3.8032238318710467,0.6209888149743188,3,2
undo,3,0,0.612119975515201,0.0,3.8032238318710467,0.6209888149743188,3,1
critical,3,0,0.612119975515201,0.0,3.8032238318710467,0.6209888149743188,3,1
sanctuary,3,0,0.612119975515201,0.0,3.8032238318710467,0.6209888149743188,3,3
furniture,3,0,0.612119975515201,0.0,3.8032238318710467,0.6209888149743188,3,1
elizabeth,3,0,0.612119975515201,0.0,3.8032238318710467,0.6209888149743188,1,1
bike,3,0,0.612119975515201,0.0,3.8032238318710467,0.6209888149743188,2,2
uncertainty,3,0,0.612119975515201,0.0,3.8032238318710467,0.6209888149743188,3,2
intended,3,0,0.612119975515201,0.0,3.8032238318710467,0.6209888149743188,3,1
unfairly,3,0,0.612119975515201,0.0,3.8032238318710467,0.6209888149743188,3,1
extend,3,0,0.612119975515201,0.0,3.8032238318710467,0.6209888149743188,3,2
diner,3,0,0.612119975515201,0.0,3.8032238318710467,0.6209888149743188,3,1
straight,3,0,0.612119975515201,0.0,3.8032238318710467,0.6209888149743188,3,2
failure,3,0,0.612119975515201,0.0,3.8032238318710467,0.6209888149743188,3,1
pace,3,0,0.612119975515201,0.0,3.8032238318710467,0.6209888149743188,3,2
packing,3,0,0.612119975515201,0.0,3.8032238318710467,0.6209888149743188,3,2
swap,3,0,0.612119975515201,0.0,3.8032238318710467,0.6209888149743188,3,1
mindful,3,0,0.612119975515201,0.0,3.8032238318710467,0.6209888149743188,3,1
swapping,3,0,0.612119975515201,0.0,3.8032238318710467,0.6209888149743188,3,2
creeps,3,0,0.612119975515201,0.0,3.8032238318710467,0.6209888149743188,3,1
parent,3,0,0.612119975515201,0.0,3.8032238318710467,0.6209888149743188,3,2
added,3,0,0.612119975515201,0.0,3.8032238318710467,0.6209888149743188,3,2
wrapped,3,0,0.612119975515201,0.0,3.8032238318710467,0.6209888149743188,3,2
abundant,3,0,0.612119975515201,0.0,3.8032238318710467,0.6209888149743188,3,2
you'll,17,7,3.4686798612528054,2.6288117770767614,1.267741277290349,0.6127927037587595,12,5
purpose,6,2,1.224239951030402,0.751089079164789,1.4126259946949602,0.5939652741580097,6,3
pick,6,2,1.224239951030402,0.751089079164789,1.4126259946949602,0.5939652741580097,6,3
happens,6,2,1.224239951030402,0.751089079164789,1.4126259946949602,0.5939652741580097,6,2
ended,6,2,1.224239951030402,0.751089079164789,1.4126259946949602,0.5939652741580097,6,3
strengths,6,2,1.224239951030402,0.751089079164789,1.4126259946949602,0.5939652741580097,6,3
believed,6,2,1.224239951030402,0.751089079164789,1.4126259946949602,0.5939652741580097,5,4
received,6,2,1.224239951030402,0.751089079164789,1.4126259946949602,0.5939652741580097,6,2
pushing,6,2,1.224239951030402,0.751089079164789,1.4126259946949602,0.5939652741580097,5,2
whirlwind,6,2,1.224239951030402,0.751089079164789,1.4126259946949602,0.5939652741580097,6,1
pause,6,2,1.224239951030402,0.751089079164789,1.4126259946949602,0.5939652741580097,6,4
happiness,21,9,4.284839828606406,3.3799008562415502,1.229613720078609,0.591098816169308,19,6
recently,21,9,4.284839828606406,3.3799008562415502,1.229613720078609,0.591098816169308,21,3
accept,23,10,4.692919812283208,3.7554453958239447,1.2159967353601306,0.5840318587606377,22,5
stay,27,12,5.509079779636809,4.506534474988734,1.1952989185880432,0.5747812349362861,23,7
someone,47,22,9.589879616404815,8.261979870812679,1.1470040127865062,0.5730058562248093,36,7
pain,37,17,7.549479698020812,6.384257172900706,1.1642521934299122,0.5681226534983439,35,3
together,132,66,26.933278922668844,24.785939612438035,1.0825502851190412,0.5482660438230352,71,8
emotions,8,3,1.6323199347072026,1.1266336187471835,1.3194858192205672,0.5435819278054317,7,4
kindly,8,3,1.6323199347072026,1.1266336187471835,1.3194858192205672,0.5435819278054317,7,3
intention,8,3,1.6323199347072026,1.1266336187471835,1.3194858192205672,0.5435819278054317,8,2
moved,8,3,1.6323199347072026,1.1266336187471835,1.3194858192205672,0.5435819278054317,8,1
congratulations,8,3,1.6323199347072026,1.1266336187471835,1.3194858192205672,0.5435819278054317,8,3
weight,8,3,1.6323199347072026,1.1266336187471835,1.3194858192205672,0.5435819278054317,8,5
wishes,8,3,1.6323199347072026,1.1266336187471835,1.3194858192205672,0.5435819278054317,7,2
repay,8,3,1.6323199347072026,1.1266336187471835,1.3194858192205672,0.5435819278054317,8,1
looks,8,3,1.6323199347072026,1.1266336187471835,1.3194858192205672,0.5435819278054317,8,3
especially,10,4,2.0403999183840034,1.502178158329578,1.267741277290349,0.5137539481569715,9,6
spend,10,4,2.0403999183840034,1.502178158329578,1.267741277290349,0.5137539481569715,9,4
deep,10,4,2.0403999183840034,1.502178158329578,1.267741277290349,0.5137539481569715,9,5
ease,10,4,2.0403999183840034,1.502178158329578,1.267741277290349,0.5137539481569715,9,1
patient,10,4,2.0403999183840034,1.502178158329578,1.267741277290349,0.5137539481569715,10,7
jokes,10,4,2.0403999183840034,1.502178158329578,1.267741277290349,0.5137539481569715,10,4
beam,2,0,0.40807998367680065,0.0,2.7165884513364618,0.5070329419154327,2,2
becomes,2,0,0.40807998367680065,0.0,2.7165884513364618,0.5070329419154327,2,2
bar,2,0,0.40807998367680065,0.0,2.7165884513364618,0.5070329419154327,2,2
barbecues,2,0,0.40807998367680065,0.0,2.7165884513364618,0.5070329419154327,2,1
jordan,2,0,0.40807998367680065,0.0,2.7165884513364618,0.5070329419154327,2,2
disagreement,2,0,0.40807998367680065,0.0,2.7165884513364618,0.5070329419154327,2,1
disrespected,2,0,0.40807998367680065,0.0,2.7165884513364618,0.5070329419154327,2,1
dive,2,0,0.40807998367680065,0.0,2.7165884513364618,0.5070329419154327,2,1
sign,2,0,0.40807998367680065,0.0,2.7165884513364618,0.5070329419154327,2,1
silent,2,0,0.40807998367680065,0.0,2.7165884513364618,0.5070329419154327,2,1
existed,2,0,0.40807998367680065,0.0,2.7165884513364618,0.5070329419154327,2,1
expectations,2,0,0.40807998367680065,0.0,2.7165884513364618,0.5070329419154327,2,2
overdue,2,0,0.40807998367680065,0.0,2.7165884513364618,0.5070329419154327,2,1
simplest,2,0,0.40807998367680065,0.0,2.7165884513364618,0.5070329419154327,2,2
downs,2,0,0.40807998367680065,0.0,2.7165884513364618,0.5070329419154327,2,1
drawn,2,0,0.40807998367680065,0.0,2.7165884513364618,0.5070329419154327,2,2
profoundly,2,0,0.40807998367680065,0.0,2.7165884513364618,0.5070329419154327,2,2
awaken,2,0,0.40807998367680065,0.0,2.7165884513364618,0.5070329419154327,2,2
valleys,2,0,0.40807998367680065,0.0,2.7165884513364618,0.5070329419154327,1,1
valuable,2,0,0.40807998367680065,0.0,2.7165884513364618,0.5070329419154327,2,1
uphold,2,0,0.40807998367680065,0.0,2.7165884513364618,0.5070329419154327,2,2
unwind,2,0,0.40807998367680065,0.0,2.7165884513364618,0.5070329419154327,2,1
barefoot,2,0,0.40807998367680065,0.0,2.7165884513364618,0.5070329419154327,2,2
status,2,0,0.40807998367680065,0.0,2.7165884513364618,0.5070329419154327,2,1
juggle,2,0,0.40807998367680065,0.0,2.7165884513364618,0.5070329419154327,2,2
julia,2,0,0.40807998367680065,0.0,2.7165884513364618,0.5070329419154327,1,1
professionalism,2,0,0.40807998367680065,0.0,2.7165884513364618,0.5070329419154327,2,2
professionally,2,0,0.40807998367680065,0.0,2.7165884513364618,0.5070329419154327,2,2
profile,2,0,0.40807998367680065,0.0,2.7165884513364618,0.5070329419154327,2,1
diving,2,0,0.40807998367680065,0.0,2.7165884513364618,0.5070329419154327,2,2
divorce,2,0,0.40807998367680065,0.0,2.7165884513364618,0.5070329419154327,2,2
overflows,2,0,0.40807998367680065,0.0,2.7165884513364618,0.5070329419154327,2,2
everywhere,2,0,0.40807998367680065,0.0,2.7165884513364618,0.5070329419154327,2,1
basement,2,0,0.40807998367680065,0.0,2.7165884513364618,0.5070329419154327,2,2
proof,2,0,0.40807998367680065,0.0,2.7165884513364618,0.5070329419154327,2,2
directions,2,0,0.40807998367680065,0.0,2.7165884513364618,0.5070329419154327,2,2
storytelling,2,0,0.40807998367680065,0.0,2.7165884513364618,0.5070329419154327,2,1
discomfort,2,0,0.40807998367680065,0.0,2.7165884513364618,0.5070329419154327,2,1
facebook,2,0,0.40807998367680065,0.0,2.7165884513364618,0.5070329419154327,2,1
failing,2,0,0.40807998367680065,0.0,2.7165884513364618,0.5070329419154327,2,1
interrupting,2,0,0.40807998367680065,0.0,2.7165884513364618,0.5070329419154327,2,1
unfold,2,0,0.40807998367680065,0.0,2.7165884513364618,0.5070329419154327,2,2
quirks,2,0,0.40807998367680065,0.0,2.7165884513364618,0.5070329419154327,2,1
stone,2,0,0.40807998367680065,0.0,2.7165884513364618,0.5070329419154327,2,1
integrity,2,0,0.40807998367680065,0.0,2.7165884513364618,0.5070329419154327,2,2
blast,2,0,0.40807998367680065,0.0,2.7165884513364618,0.5070329419154327,2,1
blasting,2,0,0.40807998367680065,0.0,2.7165884513364618,0.5070329419154327,2,2
bloom,2,0,0.40807998367680065,0.0,2.7165884513364618,0.5070329419154327,2,2
intentions,2,0,0.40807998367680065,0.0,2.7165884513364618,0.5070329419154327,2,1
quarterly,2,0,0.40807998367680065,0.0,2.7165884513364618,0.5070329419154327,2,2
interrupted,2,0,0.40807998367680065,0.0,2.7165884513364618,0.5070329419154327,2,1
shops,2,0,0.40807998367680065,0.0,2.7165884513364618,0.5070329419154327,2,1
strengthened,2,0,0.40807998367680065,0.0,2.7165884513364618,0.5070329419154327,2,1
one's,2,0,0.40807998367680065,0.0,2.7165884513364618,0.5070329419154327,2,1
racing,2,0,0.40807998367680065,0.0,2.7165884513364618,0.5070329419154327,2,2
overjoyed,2,0,0.40807998367680065,0.0,2.7165884513364618,0.5070329419154327,2,1
oversight,2,0,0.40807998367680065,0.0,2.7165884513364618,0.5070329419154327,2,1
programs,2,0,0.40807998367680065,0.0,2.7165884513364618,0.5070329419154327,2,2
unsure,2,0,0.40807998367680065,0.0,2.7165884513364618,0.5070329419154327,2,1
begun,2,0,0.40807998367680065,0.0,2.7165884513364618,0.5070329419154327,2,2
experiencing,2,0,0.40807998367680065,0.0,2.7165884513364618,0.5070329419154327,2,2
experimenting,2,0,0.40807998367680065,0.0,2.7165884513364618,0.5070329419154327,2,1
expertise,2,0,0.40807998367680065,0.0,2.7165884513364618,0.5070329419154327,2,2
discovering,2,0,0.40807998367680065,0.0,2.7165884513364618,0.5070329419154327,2,2
stolen,2,0,0.40807998367680065,0.0,2.7165884513364618,0.5070329419154327,2,2
birthdays,2,0,0.40807998367680065,0.0,2.7165884513364618,0.5070329419154327,2,2
discuss,2,0,0.40807998367680065,0.0,2.7165884513364618,0.5070329419154327,2,2
proposed,2,0,0.40807998367680065,0.0,2.7165884513364618,0.5070329419154327,2,2
jennifer,2,0,0.40807998367680065,0.0,2.7165884513364618,0.5070329419154327,2,2
messages,2,0,0.40807998367680065,0.0,2.7165884513364618,0.5070329419154327,2,1
unfolds,2,0,0.40807998367680065,0.0,2.7165884513364618,0.5070329419154327,2,1
beneath,2,0,0.40807998367680065,0.0,2.7165884513364618,0.5070329419154327,2,1
uniform,2,0,0.40807998367680065,0.0,2.7165884513364618,0.5070329419154327,1,1
prouder,2,0,0.40807998367680065,0.0,2.7165884513364618,0.5070329419154327,2,1
prove,2,0,0.40807998367680065,0.0,2.7165884513364618,0.5070329419154327,2,2
pulled,2,0,0.40807998367680065,0.0,2.7165884513364618,0.5070329419154327,2,2
doubts,2,0,0.40807998367680065,0.0,2.7165884513364618,0.5070329419154327,2,1
openness,2,0,0.40807998367680065,0.0,2.7165884513364618,0.5070329419154327,2,1
youth,2,0,0.40807998367680065,0.0,2.7165884513364618,0.5070329419154327,2,1
nine,2,0,0.40807998367680065,0.0,2.7165884513364618,0.5070329419154327,2,2
meal,2,0,0.40807998367680065,0.0,2.7165884513364618,0.5070329419154327,2,2
media,2,0,0.40807998367680065,0.0,2.7165884513364618,0.5070329419154327,2,1
advocate,2,0,0.40807998367680065,0.0,2.7165884513364618,0.5070329419154327,2,2
affection,2,0,0.40807998367680065,0.0,2.7165884513364618,0.5070329419154327,2,1
windows,2,0,0.40807998367680065,0.0,2.7165884513364618,0.5070329419154327,2,2
ending,2,0,0.40807998367680065,0.0,2.7165884513364618,0.5070329419154327,2,2
winter,2,0,0.40807998367680065,0.0,2.7165884513364618,0.5070329419154327,2,2
stormy,2,0,0.40807998367680065,0.0,2.7165884513364618,0.5070329419154327,2,1
listens,2,0,0.40807998367680065,0.0,2.7165884513364618,0.5070329419154327,2,1
ambitions,2,0,0.40807998367680065,0.0,2.7165884513364618,0.5070329419154327,2,1
amid,2,0,0.40807998367680065,0.0,2.7165884513364618,0.5070329419154327,2,2
weave,2,0,0.40807998367680065,0.0,2.7165884513364618,0.5070329419154327,2,1
picnics,2,0,0.40807998367680065,0.0,2.7165884513364618,0.5070329419154327,1,2
effortless,2,0,0.40807998367680065,0.0,2.7165884513364618,0.5070329419154327,2,2
eased,2,0,0.40807998367680065,0.0,2.7165884513364618,0.5070329419154327,2,1
solutions,2,0,0.40807998367680065,0.0,2.7165884513364618,0.5070329419154327,2,2
solving,2,0,0.40807998367680065,0.0,2.7165884513364618,0.5070329419154327,2,2
enriched,2,0,0.40807998367680065,0.0,2.7165884513364618,0.5070329419154327,2,2
picture,2,0,0.40807998367680065,0.0,2.7165884513364618,0.5070329419154327,2,2
management,2,0,0.40807998367680065,0.0,2.7165884513364618,0.5070329419154327,2,1
materials,2,0,0.40807998367680065,0.0,2.7165884513364618,0.5070329419154327,2,2
witty,2,0,0.40807998367680065,0.0,2.7165884513364618,0.5070329419154327,2,2
wit,2,0,0.40807998367680065,0.0,2.7165884513364618,0.5070329419154327,2,2
marathon,2,0,0.40807998367680065,0.0,2.7165884513364618,0.5070329419154327,2,1
moves,2,0,0.40807998367680065,0.0,2.7165884513364618,0.5070329419154327,2,2
momentum,2,0,0.40807998367680065,0.0,2.7165884513364618,0.5070329419154327,2,1
oldest,2,0,0.40807998367680065,0.0,2.7165884513364618,0.5070329419154327,2,1
effectively,2,0,0.40807998367680065,0.0,2.7165884513364618,0.5070329419154327,2,1
efforts,2,0,0.40807998367680065,0.0,2.7165884513364618,0.5070329419154327,2,2
cream,2,0,0.40807998367680065,0.0,2.7165884513364618,0.5070329419154327,2,2
matthew,2,0,0.40807998367680065,0.0,2.7165884513364618,0.5070329419154327,1,1
wonderfully,2,0,0.40807998367680065,0.0,2.7165884513364618,0.5070329419154327,2,2
mishap,2,0,0.40807998367680065,0.0,2.7165884513364618,0.5070329419154327,2,2
swings,2,0,0.40807998367680065,0.0,2.7165884513364618,0.5070329419154327,2,2
cousin's,2,0,0.40807998367680065,0.0,2.7165884513364618,0.5070329419154327,2,2
fuel,2,0,0.40807998367680065,0.0,2.7165884513364618,0.5070329419154327,2,1
sandwiches,2,0,0.40807998367680065,0.0,2.7165884513364618,0.5070329419154327,2,2
sang,2,0,0.40807998367680065,0.0,2.7165884513364618,0.5070329419154327,2,2
savor,2,0,0.40807998367680065,0.0,2.7165884513364618,0.5070329419154327,2,2
corridor,2,0,0.40807998367680065,0.0,2.7165884513364618,0.5070329419154327,2,1
surrounding,2,0,0.40807998367680065,0.0,2.7165884513364618,0.5070329419154327,2,2
eighteen,2,0,0.40807998367680065,0.0,2.7165884513364618,0.5070329419154327,2,1
league,2,0,0.40807998367680065,0.0,2.7165884513364618,0.5070329419154327,2,2
slip,2,0,0.40807998367680065,0.0,2.7165884513364618,0.5070329419154327,2,1
vividly,2,0,0.40807998367680065,0.0,2.7165884513364618,0.5070329419154327,2,2
volunteering,2,0,0.40807998367680065,0.0,2.7165884513364618,0.5070329419154327,2,2
launch,2,0,0.40807998367680065,0.0,2.7165884513364618,0.5070329419154327,2,2
postpone,2,0,0.40807998367680065,0.0,2.7165884513364618,0.5070329419154327,2,1
portland,2,0,0.40807998367680065,0.0,2.7165884513364618,0.5070329419154327,2,1
vision,2,0,0.40807998367680065,0.0,2.7165884513364618,0.5070329419154327,2,1
attendance,2,0,0.40807998367680065,0.0,2.7165884513364618,0.5070329419154327,1,1
attentively,2,0,0.40807998367680065,0.0,2.7165884513364618,0.5070329419154327,2,1
enrolled,2,0,0.40807998367680065,0.0,2.7165884513364618,0.5070329419154327,2,1
prepare,2,0,0.40807998367680065,0.0,2.7165884513364618,0.5070329419154327,2,2
latte,2,0,0.40807998367680065,0.0,2.7165884513364618,0.5070329419154327,2,1
kiss,2,0,0.40807998367680065,0.0,2.7165884513364618,0.5070329419154327,2,2
knows,2,0,0.40807998367680065,0.0,2.7165884513364618,0.5070329419154327,2,2
powerful,2,0,0.40807998367680065,0.0,2.7165884513364618,0.5070329419154327,2,2
practically,2,0,0.40807998367680065,0.0,2.7165884513364618,0.5070329419154327,2,2
aunt,2,0,0.40807998367680065,0.0,2.7165884513364618,0.5070329419154327,2,1
autumn,2,0,0.40807998367680065,0.0,2.7165884513364618,0.5070329419154327,2,2
dorm,2,0,0.40807998367680065,0.0,2.7165884513364618,0.5070329419154327,2,2
doubted,2,0,0.40807998367680065,0.0,2.7165884513364618,0.5070329419154327,2,2
values,2,0,0.40807998367680065,0.0,2.7165884513364618,0.5070329419154327,2,2
lightened,2,0,0.40807998367680065,0.0,2.7165884513364618,0.5070329419154327,2,1
lightens,2,0,0.40807998367680065,0.0,2.7165884513364618,0.5070329419154327,2,2
waters,2,0,0.40807998367680065,0.0,2.7165884513364618,0.5070329419154327,2,2
answers,2,0,0.40807998367680065,0.0,2.7165884513364618,0.5070329419154327,2,1
likely,2,0,0.40807998367680065,0.0,2.7165884513364618,0.5070329419154327,2,1
library,2,0,0.40807998367680065,0.0,2.7165884513364618,0.5070329419154327,2,2
lighten,2,0,0.40807998367680065,0.0,2.7165884513364618,0.5070329419154327,2,1
enter,2,0,0.40807998367680065,0.0,2.7165884513364618,0.5070329419154327,2,2
enters,2,0,0.40807998367680065,0.0,2.7165884513364618,0.5070329419154327,2,1
equal,2,0,0.40807998367680065,0.0,2.7165884513364618,0.5070329419154327,2,2
leadership,2,0,0.40807998367680065,0.0,2.7165884513364618,0.5070329419154327,2,2
dusk,2,0,0.40807998367680065,0.0,2.7165884513364618,0.5070329419154327,2,2
water,2,0,0.40807998367680065,0.0,2.7165884513364618,0.5070329419154327,2,1
wandered,2,0,0.40807998367680065,0.0,2.7165884513364618,0.5070329419154327,2,2
warms,2,0,0.40807998367680065,0.0,2.7165884513364618,0.5070329419154327,2,1
plenty,2,0,0.40807998367680065,0.0,2.7165884513364618,0.5070329419154327,2,1
level,2,0,0.40807998367680065,0.0,2.7165884513364618,0.5070329419154327,2,2
lena,2,0,0.40807998367680065,0.0,2.7165884513364618,0.5070329419154327,1,1
neglect,2,0,0.40807998367680065,0.0,2.7165884513364618,0.5070329419154327,1,1
neighbor,2,0,0.40807998367680065,0.0,2.7165884513364618,0.5070329419154327,1,1
nerves,2,0,0.40807998367680065,0.0,2.7165884513364618,0.5070329419154327,2,2
assembling,2,0,0.40807998367680065,0.0,2.7165884513364618,0.5070329419154327,2,1
drives,2,0,0.40807998367680065,0.0,2.7165884513364618,0.5070329419154327,2,2
suggestions,2,0,0.40807998367680065,0.0,2.7165884513364618,0.5070329419154327,2,2
daniel,2,0,0.40807998367680065,0.0,2.7165884513364618,0.5070329419154327,2,2
fishing,2,0,0.40807998367680065,0.0,2.7165884513364618,0.5070329419154327,2,2
organized,2,0,0.40807998367680065,0.0,2.7165884513364618,0.5070329419154327,2,2
collaborate,2,0,0.40807998367680065,0.0,2.7165884513364618,0.5070329419154327,2,2
colleagues,2,0,0.40807998367680065,0.0,2.7165884513364618,0.5070329419154327,2,2
comeback,2,0,0.40807998367680065,0.0,2.7165884513364618,0.5070329419154327,2,1
sunsets,2,0,0.40807998367680065,0.0,2.7165884513364618,0.5070329419154327,2,2
damage,2,0,0.40807998367680065,0.0,2.7165884513364618,0.5070329419154327,2,1
focusing,2,0,0.40807998367680065,0.0,2.7165884513364618,0.5070329419154327,2,2
natural,2,0,0.40807998367680065,0.0,2.7165884513364618,0.5070329419154327,2,1
ted's,2,0,0.40807998367680065,0.0,2.7165884513364618,0.5070329419154327,1,1
tender,2,0,0.40807998367680065,0.0,2.7165884513364618,0.5070329419154327,2,1
mile,2,0,0.40807998367680065,0.0,2.7165884513364618,0.5070329419154327,2,1
rising,2,0,0.40807998367680065,0.0,2.7165884513364618,0.5070329419154327,2,2
communicated,2,0,0.40807998367680065,0.0,2.7165884513364618,0.5070329419154327,2,1
riverside,2,0,0.40807998367680065,0.0,2.7165884513364618,0.5070329419154327,1,1
tea,2,0,0.40807998367680065,0.0,2.7165884513364618,0.5070329419154327,2,2
richer,2,0,0.40807998367680065,0.0,2.7165884513364618,0.5070329419154327,2,2
ring,2,0,0.40807998367680065,0.0,2.7165884513364618,0.5070329419154327,1,1
gives,2,0,0.40807998367680065,0.0,2.7165884513364618,0.5070329419154327,2,2
rooted,2,0,0.40807998367680065,0.0,2.7165884513364618,0.5070329419154327,2,2
comments,2,0,0.40807998367680065,0.0,2.7165884513364618,0.5070329419154327,2,1
setting,2,0,0.40807998367680065,0.0,2.7165884513364618,0.5070329419154327,2,2
sunlit,2,0,0.40807998367680065,0.0,2.7165884513364618,0.5070329419154327,2,2
finances,2,0,0.40807998367680065,0.0,2.7165884513364618,0.5070329419154327,2,1
grass,2,0,0.40807998367680065,0.0,2.7165884513364618,0.5070329419154327,2,2
restoring,2,0,0.40807998367680065,0.0,2.7165884513364618,0.5070329419154327,2,1
rests,2,0,0.40807998367680065,0.0,2.7165884513364618,0.5070329419154327,2,2
resume,2,0,0.40807998367680065,0.0,2.7165884513364618,0.5070329419154327,2,1
retirement,2,0,0.40807998367680065,0.0,2.7165884513364618,0.5070329419154327,2,1
retreat,2,0,0.40807998367680065,0.0,2.7165884513364618,0.5070329419154327,2,2
guard,2,0,0.40807998367680065,0.0,2.7165884513364618,0.5070329419154327,2,2
reunion,2,0,0.40807998367680065,0.0,2.7165884513364618,0.5070329419154327,2,1
sudden,2,0,0.40807998367680065,0.0,2.7165884513364618,0.5070329419154327,2,1
greeted,2,0,0.40807998367680065,0.0,2.7165884513364618,0.5070329419154327,2,1
clock,2,0,0.40807998367680065,0.0,2.7165884513364618,0.5070329419154327,2,2
clouds,2,0,0.40807998367680065,0.0,2.7165884513364618,0.5070329419154327,2,1
coach,2,0,0.40807998367680065,0.0,2.7165884513364618,0.5070329419154327,2,2
coaching,2,0,0.40807998367680065,0.0,2.7165884513364618,0.5070329419154327,2,1
coast,2,0,0.40807998367680065,0.0,2.7165884513364618,0.5070329419154327,2,1
tension,2,0,0.40807998367680065,0.0,2.7165884513364618,0.5070329419154327,2,1
groceries,2,0,0.40807998367680065,0.0,2.7165884513364618,0.5070329419154327,2,2
finish,2,0,0.40807998367680065,0.0,2.7165884513364618,0.5070329419154327,2,2
firm,2,0,0.40807998367680065,0.0,2.7165884513364618,0.5070329419154327,2,1
selfish,2,0,0.40807998367680065,0.0,2.7165884513364618,0.5070329419154327,2,2
greet,2,0,0.40807998367680065,0.0,2.7165884513364618,0.5070329419154327,2,2
scenes,2,0,0.40807998367680065,0.0,2.7165884513364618,0.5070329419154327,2,2
gatherings,2,0,0.40807998367680065,0.0,2.7165884513364618,0.5070329419154327,2,2
gems,2,0,0.40807998367680065,0.0,2.7165884513364618,0.5070329419154327,2,1
accountable,2,0,0.40807998367680065,0.0,2.7165884513364618,0.5070329419154327,2,1
zest,2,0,0.40807998367680065,0.0,2.7165884513364618,0.5070329419154327,2,2
network,2,0,0.40807998367680065,0.0,2.7165884513364618,0.5070329419154327,2,1
emily's,2,0,0.40807998367680065,0.0,2.7165884513364618,0.5070329419154327,1,1
embraces,2,0,0.40807998367680065,0.0,2.7165884513364618,0.5070329419154327,2,2
emergency,2,0,0.40807998367680065,0.0,2.7165884513364618,0.5070329419154327,2,1
marathons,2,0,0.40807998367680065,0.0,2.7165884513364618,0.5070329419154327,2,2
margaret,2,0,0.40807998367680065,0.0,2.7165884513364618,0.5070329419154327,2,2
followed,2,0,0.40807998367680065,0.0,2.7165884513364618,0.5070329419154327,2,2
actively,2,0,0.40807998367680065,0.0,2.7165884513364618,0.5070329419154327,2,1
activities,2,0,0.40807998367680065,0.0,2.7165884513364618,0.5070329419154327,2,2
acts,2,0,0.40807998367680065,0.0,2.7165884513364618,0.5070329419154327,2,2
add,2,0,0.40807998367680065,0.0,2.7165884513364618,0.5070329419154327,2,2
marks,2,0,0.40807998367680065,0.0,2.7165884513364618,0.5070329419154327,2,1
workflow,2,0,0.40807998367680065,0.0,2.7165884513364618,0.5070329419154327,2,1
magical,2,0,0.40807998367680065,0.0,2.7165884513364618,0.5070329419154327,2,1
counted,2,0,0.40807998367680065,0.0,2.7165884513364618,0.5070329419154327,2,2
spain,2,0,0.40807998367680065,0.0,2.7165884513364618,0.5070329419154327,1,1
worries,2,0,0.40807998367680065,0.0,2.7165884513364618,0.5070329419154327,2,2
painted,2,0,0.40807998367680065,0.0,2.7165884513364618,0.5070329419154327,2,1
marked,2,0,0.40807998367680065,0.0,2.7165884513364618,0.5070329419154327,2,2
scheduled,2,0,0.40807998367680065,0.0,2.7165884513364618,0.5070329419154327,2,1
schedules,2,0,0.40807998367680065,0.0,2.7165884513364618,0.5070329419154327,2,1
surprisingly,2,0,0.40807998367680065,0.0,2.7165884513364618,0.5070329419154327,2,1
forged,2,0,0.40807998367680065,0.0,2.7165884513364618,0.5070329419154327,2,1
console,2,0,0.40807998367680065,0.0,2.7165884513364618,0.5070329419154327,2,2
talented,2,0,0.40807998367680065,0.0,2.7165884513364618,0.5070329419154327,2,1
talents,2,0,0.40807998367680065,0.0,2.7165884513364618,0.5070329419154327,2,1
continually,2,0,0.40807998367680065,0.0,2.7165884513364618,0.5070329419154327,2,1
continued,2,0,0.40807998367680065,0.0,2.7165884513364618,0.5070329419154327,2,2
convenience,2,0,0.40807998367680065,0.0,2.7165884513364618,0.5070329419154327,2,1
getaway,2,0,0.40807998367680065,0.0,2.7165884513364618,0.5070329419154327,2,2
cruelty,2,0,0.40807998367680065,0.0,2.7165884513364618,0.5070329419154327,2,2
rose,2,0,0.40807998367680065,0.0,2.7165884513364618,0.5070329419154327,2,1
routines,2,0,0.40807998367680065,0.0,2.7165884513364618,0.5070329419154327,2,1
genuinely,2,0,0.40807998367680065,0.0,2.7165884513364618,0.5070329419154327,2,2
tackled,2,0,0.40807998367680065,0.0,2.7165884513364618,0.5070329419154327,2,2
symbol,2,0,0.40807998367680065,0.0,2.7165884513364618,0.5070329419154327,2,2
cook,2,0,0.40807998367680065,0.0,2.7165884513364618,0.5070329419154327,2,1
cookies,2,0,0.40807998367680065,0.0,2.7165884513364618,0.5070329419154327,2,2
forty,2,0,0.40807998367680065,0.0,2.7165884513364618,0.5070329419154327,2,1
foster,2,0,0.40807998367680065,0.0,2.7165884513364618,0.5070329419154327,2,2
criticism,2,0,0.40807998367680065,0.0,2.7165884513364618,0.5070329419154327,2,2
cross,2,0,0.40807998367680065,0.0,2.7165884513364618,0.5070329419154327,2,2
rover's,2,0,0.40807998367680065,0.0,2.7165884513364618,0.5070329419154327,1,1
falling,2,0,0.40807998367680065,0.0,2.7165884513364618,0.5070329419154327,2,2
familiar,2,0,0.40807998367680065,0.0,2.7165884513364618,0.5070329419154327,2,1
fabric,2,0,0.40807998367680065,0.0,2.7165884513364618,0.5070329419154327,2,2
recalling,2,0,0.40807998367680065,0.0,2.7165884513364618,0.5070329419154327,2,1
illuminate,2,0,0.40807998367680065,0.0,2.7165884513364618,0.5070329419154327,2,2
husband's,2,0,0.40807998367680065,0.0,2.7165884513364618,0.5070329419154327,1,2
immediate,2,0,0.40807998367680065,0.0,2.7165884513364618,0.5070329419154327,2,2
ice,2,0,0.40807998367680065,0.0,2.7165884513364618,0.5070329419154327,2,2
igniting,2,0,0.40807998367680065,0.0,2.7165884513364618,0.5070329419154327,2,2
recharge,2,0,0.40807998367680065,0.0,2.7165884513364618,0.5070329419154327,2,1
sets,2,0,0.40807998367680065,0.0,2.7165884513364618,0.5070329419154327,2,1
delivered,2,0,0.40807998367680065,0.0,2.7165884513364618,0.5070329419154327,2,1
demanding,2,0,0.40807998367680065,0.0,2.7165884513364618,0.5070329419154327,2,1
demonstrated,2,0,0.40807998367680065,0.0,2.7165884513364618,0.5070329419154327,2,1
stressful,2,0,0.40807998367680065,0.0,2.7165884513364618,0.5070329419154327,2,1
deepens,2,0,0.40807998367680065,0.0,2.7165884513364618,0.5070329419154327,2,1
humble,2,0,0.40807998367680065,0.0,2.7165884513364618,0.5070329419154327,2,2
records,2,0,0.40807998367680065,0.0,2.7165884513364618,0.5070329419154327,2,2
refine,2,0,0.40807998367680065,0.0,2.7165884513364618,0.5070329419154327,2,2
travels,2,0,0.40807998367680065,0.0,2.7165884513364618,0.5070329419154327,2,1
tremendous,2,0,0.40807998367680065,0.0,2.7165884513364618,0.5070329419154327,2,2
transcends,2,0,0.40807998367680065,0.0,2.7165884513364618,0.5070329419154327,2,1
deliver,2,0,0.40807998367680065,0.0,2.7165884513364618,0.5070329419154327,2,1
rarely,2,0,0.40807998367680065,0.0,2.7165884513364618,0.5070329419154327,2,1
raising,2,0,0.40807998367680065,0.0,2.7165884513364618,0.5070329419154327,2,2
bonding,2,0,0.40807998367680065,0.0,2.7165884513364618,0.5070329419154327,2,2
bonds,2,0,0.40807998367680065,0.0,2.7165884513364618,0.5070329419154327,2,2
improve,2,0,0.40807998367680065,0.0,2.7165884513364618,0.5070329419154327,2,1
aches,2,0,0.40807998367680065,0.0,2.7165884513364618,0.5070329419154327,2,1
bookstore,2,0,0.40807998367680065,0.0,2.7165884513364618,0.5070329419154327,2,1
strolls,2,0,0.40807998367680065,0.0,2.7165884513364618,0.5070329419154327,2,1
struck,2,0,0.40807998367680065,0.0,2.7165884513364618,0.5070329419154327,2,2
reality,2,0,0.40807998367680065,0.0,2.7165884513364618,0.5070329419154327,2,2
raw,2,0,0.40807998367680065,0.0,2.7165884513364618,0.5070329419154327,2,2
faithful,2,0,0.40807998367680065,0.0,2.7165884513364618,0.5070329419154327,2,2
unappreciated,2,0,0.40807998367680065,0.0,2.7165884513364618,0.5070329419154327,2,2
unaware,2,0,0.40807998367680065,0.0,2.7165884513364618,0.5070329419154327,2,2
twelve,2,0,0.40807998367680065,0.0,2.7165884513364618,0.5070329419154327,2,2
box,2,0,0.40807998367680065,0.0,2.7165884513364618,0.5070329419154327,2,1
tunes,2,0,0.40807998367680065,0.0,2.7165884513364618,0.5070329419154327,2,1
impatience,2,0,0.40807998367680065,0.0,2.7165884513364618,0.5070329419154327,2,1
improving,2,0,0.40807998367680065,0.0,2.7165884513364618,0.5070329419154327,2,1
imagination,2,0,0.40807998367680065,0.0,2.7165884513364618,0.5070329419154327,2,1
realizing,2,0,0.40807998367680065,0.0,2.7165884513364618,0.5070329419154327,2,2
bride's,2,0,0.40807998367680065,0.0,2.7165884513364618,0.5070329419154327,2,1
design,2,0,0.40807998367680065,0.0,2.7165884513364618,0.5070329419154327,2,1
reacting,2,0,0.40807998367680065,0.0,2.7165884513364618,0.5070329419154327,2,1
ourselves,2,0,0.40807998367680065,0.0,2.7165884513364618,0.5070329419154327,2,2
outlet,2,0,0.40807998367680065,0.0,2.7165884513364618,0.5070329419154327,2,1
remote,2,0,0.40807998367680065,0.0,2.7165884513364618,0.5070329419154327,2,1
heights,2,0,0.40807998367680065,0.0,2.7165884513364618,0.5070329419154327,2,2
relying,2,0,0.40807998367680065,0.0,2.7165884513364618,0.5070329419154327,2,2
heartbreaking,2,0,0.40807998367680065,0.0,2.7165884513364618,0.5070329419154327,2,2
togetherness,2,0,0.40807998367680065,0.0,2.7165884513364618,0.5070329419154327,2,2
chapters,2,0,0.40807998367680065,0.0,2.7165884513364618,0.5070329419154327,2,2
he'd,2,0,0.40807998367680065,0.0,2.7165884513364618,0.5070329419154327,2,2
heart's,2,0,0.40807998367680065,0.0,2.7165884513364618,0.5070329419154327,2,1
session,2,0,0.40807998367680065,0.0,2.7165884513364618,0.5070329419154327,2,2
calendar,2,0,0.40807998367680065,0.0,2.7165884513364618,0.5070329419154327,2,2
harm,2,0,0.40807998367680065,0.0,2.7165884513364618,0.5070329419154327,2,1
harsh,2,0,0.40807998367680065,0.0,2.7165884513364618,0.5070329419154327,2,2
reorganized,2,0,0.40807998367680065,0.0,2.7165884513364618,0.5070329419154327,2,1
thrive,2,0,0.40807998367680065,0.0,2.7165884513364618,0.5070329419154327,2,1
cheerful,2,0,0.40807998367680065,0.0,2.7165884513364618,0.5070329419154327,2,2
handling,2,0,0.40807998367680065,0.0,2.7165884513364618,0.5070329419154327,2,2
handshake,2,0,0.40807998367680065,0.0,2.7165884513364618,0.5070329419154327,1,1
resist,2,0,0.40807998367680065,0.0,2.7165884513364618,0.5070329419154327,1,2
thoughtlessly,2,0,0.40807998367680065,0.0,2.7165884513364618,0.5070329419154327,2,1
church,2,0,0.40807998367680065,0.0,2.7165884513364618,0.5070329419154327,2,2
responsibilities,2,0,0.40807998367680065,0.0,2.7165884513364618,0.5070329419154327,2,2
hardship,2,0,0.40807998367680065,0.0,2.7165884513364618,0.5070329419154327,2,2
reflects,2,0,0.40807998367680065,0.0,2.7165884513364618,0.5070329419154327,2,2
refuge,2,0,0.40807998367680065,0.0,2.7165884513364618,0.5070329419154327,2,2
defensive,2,0,0.40807998367680065,0.0,2.7165884513364618,0.5070329419154327,2,1
defines,2,0,0.40807998367680065,0.0,2.7165884513364618,0.5070329419154327,2,2
struggles,2,0,0.40807998367680065,0.0,2.7165884513364618,0.5070329419154327,2,2
shaping,2,0,0.40807998367680065,0.0,2.7165884513364618,0.5070329419154327,2,2
fears,2,0,0.40807998367680065,0.0,2.7165884513364618,0.5070329419154327,2,1
reignited,2,0,0.40807998367680065,0.0,2.7165884513364618,0.5070329419154327,2,2
camera,2,0,0.40807998367680065,0.0,2.7165884513364618,0.5070329419154327,2,2
campaign,2,0,0.40807998367680065,0.0,2.7165884513364618,0.5070329419154327,2,2
campfire,2,0,0.40807998367680065,0.0,2.7165884513364618,0.5070329419154327,1,2
tons,2,0,0.40807998367680065,0.0,2.7165884513364618,0.5070329419154327,2,1
history,2,0,0.40807998367680065,0.0,2.7165884513364618,0.5070329419154327,2,2
capacity,2,0,0.40807998367680065,0.0,2.7165884513364618,0.5070329419154327,2,1
captured,2,0,0.40807998367680065,0.0,2.7165884513364618,0.5070329419154327,2,2
relieved,2,0,0.40807998367680065,0.0,2.7165884513364618,0.5070329419154327,2,1
relocated,2,0,0.40807998367680065,0.0,2.7165884513364618,0.5070329419154327,2,1
relentless,2,0,0.40807998367680065,0.0,2.7165884513364618,0.5070329419154327,2,2
setup,2,0,0.40807998367680065,0.0,2.7165884513364618,0.5070329419154327,2,1
motivation,2,0,0.40807998367680065,0.0,2.7165884513364618,0.5070329419154327,2,1
deepen,2,0,0.40807998367680065,0.0,2.7165884513364618,0.5070329419154327,2,2
hesitated,2,0,0.40807998367680065,0.0,2.7165884513364618,0.5070329419154327,2,2
touches,2,0,0.40807998367680065,0.0,2.7165884513364618,0.5070329419154327,2,1
camping,2,0,0.40807998367680065,0.0,2.7165884513364618,0.5070329419154327,2,2
over,52,25,10.610079575596817,9.388613489559862,1.1185952446679548,0.49914663776478346,38,8
they,44,21,8.977759640889614,7.886435331230284,1.1245412659020704,0.4852761428336225,28,7
next,32,15,6.52927973882881,5.633168093735917,1.1392145118507744,0.46839838875916373,30,6
future,32,15,6.52927973882881,5.633168093735917,1.1392145118507744,0.46839838875916373,27,7
face,28,13,5.713119771475209,4.882079014571128,1.1470040127865062,0.4649941689171315,26,7
year,28,13,5.713119771475209,4.882079014571128,1.1470040127865062,0.4649941689171315,20,6
knew,28,13,5.713119771475209,4.882079014571128,1.1470040127865062,0.4649941689171315,25,6
meant,22,10,4.488879820444807,3.7554453958239447,1.1642521934299124,0.4643312188810853,20,6
making,26,12,5.305039787798409,4.506534474988734,1.1518335033666598,0.4640372468897955,23,5
need,80,40,16.323199347072027,15.021781583295779,1.0799277547288157,0.42638913252987753,47,7
load,3,1,0.612119975515201,0.3755445395823945,1.267741277290349,0.4199764791637612,3,2
against,3,1,0.612119975515201,0.3755445395823945,1.267741277290349,0.4199764791637612,3,3
magic,3,1,0.612119975515201,0.3755445395823945,1.267741277290349,0.4199764791637612,3,1
manage,3,1,0.612119975515201,0.3755445395823945,1.267741277290349,0.4199764791637612,3,2
witnessed,3,1,0.612119975515201,0.3755445395823945,1.267741277290349,0.4199764791637612,3,2
adulthood,3,1,0.612119975515201,0.3755445395823945,1.267741277290349,0.4199764791637612,3,1
bake,3,1,0.612119975515201,0.3755445395823945,1.267741277290349,0.4199764791637612,3,1
privileged,3,1,0.612119975515201,0.3755445395823945,1.267741277290349,0.4199764791637612,3,2
ups,3,1,0.612119975515201,0.3755445395823945,1.267741277290349,0.4199764791637612,3,2
awful,3,1,0.612119975515201,0.3755445395823945,1.267741277290349,0.4199764791637612,3,1
latest,3,1,0.612119975515201,0.3755445395823945,1.267741277290349,0.4199764791637612,3,2
lead,3,1,0.612119975515201,0.3755445395823945,1.267741277290349,0.4199764791637612,3,3
available,3,1,0.612119975515201,0.3755445395823945,1.267741277290349,0.4199764791637612,3,2
walking,3,1,0.612119975515201,0.3755445395823945,1.267741277290349,0.4199764791637612,3,3
beginnings,3,1,0.612119975515201,0.3755445395823945,1.267741277290349,0.4199764791637612,3,1
reaching,3,1,0.612119975515201,0.3755445395823945,1.267741277290349,0.4199764791637612,3,2
how's,3,1,0.612119975515201,0.3755445395823945,1.267741277290349,0.4199764791637612,3,1
personally,3,1,0.612119975515201,0.3755445395823945,1.267741277290349,0.4199764791637612,3,3
lending,3,1,0.612119975515201,0.3755445395823945,1.267741277290349,0.4199764791637612,3,2
encountered,3,1,0.612119975515201,0.3755445395823945,1.267741277290349,0.4199764791637612,3,3
pizza,3,1,0.612119975515201,0.3755445395823945,1.267741277290349,0.4199764791637612,3,3
you'd,3,1,0.612119975515201,0.3755445395823945,1.267741277290349,0.4199764791637612,3,3
explanation,3,1,0.612119975515201,0.3755445395823945,1.267741277290349,0.4199764791637612,3,1
shoulders,3,1,0.612119975515201,0.3755445395823945,1.267741277290349,0.4199764791637612,3,2
excuses,3,1,0.612119975515201,0.3755445395823945,1.267741277290349,0.4199764791637612,3,1
emma,3,1,0.612119975515201,0.3755445395823945,1.267741277290349,0.4199764791637612,3,3
empty,3,1,0.612119975515201,0.3755445395823945,1.267741277290349,0.4199764791637612,3,3
match,3,1,0.612119975515201,0.3755445395823945,1.267741277290349,0.4199764791637612,3,3
wondering,3,1,0.612119975515201,0.3755445395823945,1.267741277290349,0.4199764791637612,3,2
unfair,3,1,0.612119975515201,0.3755445395823945,1.267741277290349,0.4199764791637612,3,1
herself,3,1,0.612119975515201,0.3755445395823945,1.267741277290349,0.4199764791637612,3,2
carrying,3,1,0.612119975515201,0.3755445395823945,1.267741277290349,0.4199764791637612,3,3
cake,3,1,0.612119975515201,0.3755445395823945,1.267741277290349,0.4199764791637612,3,2
travel,3,1,0.612119975515201,0.3755445395823945,1.267741277290349,0.4199764791637612,3,1
reminder,3,1,0.612119975515201,0.3755445395823945,1.267741277290349,0.4199764791637612,3,2
trials,3,1,0.612119975515201,0.3755445395823945,1.267741277290349,0.4199764791637612,3,2
reflected,3,1,0.612119975515201,0.3755445395823945,1.267741277290349,0.4199764791637612,3,1
reacted,3,1,0.612119975515201,0.3755445395823945,1.267741277290349,0.4199764791637612,3,1
river,3,1,0.612119975515201,0.3755445395823945,1.267741277290349,0.4199764791637612,3,1
glow,3,1,0.612119975515201,0.3755445395823945,1.267741277290349,0.4199764791637612,3,3
graduated,3,1,0.612119975515201,0.3755445395823945,1.267741277290349,0.4199764791637612,3,2
choice,3,1,0.612119975515201,0.3755445395823945,1.267741277290349,0.4199764791637612,3,2
thoughtfully,3,1,0.612119975515201,0.3755445395823945,1.267741277290349,0.4199764791637612,3,1
mike,3,1,0.612119975515201,0.3755445395823945,1.267741277290349,0.4199764791637612,1,1
groom,3,1,0.612119975515201,0.3755445395823945,1.267741277290349,0.4199764791637612,3,1
mountain,3,1,0.612119975515201,0.3755445395823945,1.267741277290349,0.4199764791637612,3,2
friday,3,1,0.612119975515201,0.3755445395823945,1.267741277290349,0.4199764791637612,3,3
safe,3,1,0.612119975515201,0.3755445395823945,1.267741277290349,0.4199764791637612,3,2
decades,3,1,0.612119975515201,0.3755445395823945,1.267741277290349,0.4199764791637612,3,2
dedicated,3,1,0.612119975515201,0.3755445395823945,1.267741277290349,0.4199764791637612,3,2
contact,3,1,0.612119975515201,0.3755445395823945,1.267741277290349,0.4199764791637612,3,2
thirty,3,1,0.612119975515201,0.3755445395823945,1.267741277290349,0.4199764791637612,2,2
causing,3,1,0.612119975515201,0.3755445395823945,1.267741277290349,0.4199764791637612,3,2
immediately,3,1,0.612119975515201,0.3755445395823945,1.267741277290349,0.4199764791637612,3,2
strive,3,1,0.612119975515201,0.3755445395823945,1.267741277290349,0.4199764791637612,3,3
faces,3,1,0.612119975515201,0.3755445395823945,1.267741277290349,0.4199764791637612,3,2
dropping,3,1,0.612119975515201,0.3755445395823945,1.267741277290349,0.4199764791637612,3,1
sincerity,3,1,0.612119975515201,0.3755445395823945,1.267741277290349,0.4199764791637612,1,3
seek,3,1,0.612119975515201,0.3755445395823945,1.267741277290349,0.4199764791637612,3,3
father's,3,1,0.612119975515201,0.3755445395823945,1.267741277290349,0.4199764791637612,3,2
football,3,1,0.612119975515201,0.3755445395823945,1.267741277290349,0.4199764791637612,3,3
stands,3,1,0.612119975515201,0.3755445395823945,1.267741277290349,0.4199764791637612,3,2
care,68,34,13.874719445011221,12.768514345801412,1.0787612111104212,0.3930188367548809,47,8
updates,5,2,1.0201999591920017,0.751089079164789,1.1952989185880434,0.3632469242040863,5,2
note,5,2,1.0201999591920017,0.751089079164789,1.1952989185880434,0.3632469242040863,5,3
assistance,5,2,1.0201999591920017,0.751089079164789,1.1952989185880434,0.3632469242040863,5,1
allow,5,2,1.0201999591920017,0.751089079164789,1.1952989185880434,0.3632469242040863,5,3
wholeheartedly,5,2,1.0201999591920017,0.751089079164789,1.1952989185880434,0.3632469242040863,5,3
line,5,2,1.0201999591920017,0.751089079164789,1.1952989185880434,0.3632469242040863,5,2
wherever,5,2,1.0201999591920017,0.751089079164789,1.1952989185880434,0.3632469242040863,5,3
tasks,5,2,1.0201999591920017,0.751089079164789,1.1952989185880434,0.3632469242040863,5,4
grieve,5,2,1.0201999591920017,0.751089079164789,1.1952989185880434,0.3632469242040863,5,2
happening,5,2,1.0201999591920017,0.751089079164789,1.1952989185880434,0.3632469242040863,5,2
resilient,5,2,1.0201999591920017,0.751089079164789,1.1952989185880434,0.3632469242040863,5,1
enjoying,5,2,1.0201999591920017,0.751089079164789,1.1952989185880434,0.3632469242040863,5,1
quick,5,2,1.0201999591920017,0.751089079164789,1.1952989185880434,0.3632469242040863,5,3
broken,5,2,1.0201999591920017,0.751089079164789,1.1952989185880434,0.3632469242040863,5,4
hugs,5,2,1.0201999591920017,0.751089079164789,1.1952989185880434,0.3632469242040863,5,4
deserved,5,2,1.0201999591920017,0.751089079164789,1.1952989185880434,0.3632469242040863,5,2
office,5,2,1.0201999591920017,0.751089079164789,1.1952989185880434,0.3632469242040863,4,3
dearest,5,2,1.0201999591920017,0.751089079164789,1.1952989185880434,0.3632469242040863,5,4
seem,5,2,1.0201999591920017,0.751089079164789,1.1952989185880434,0.3632469242040863,5,5
run,5,2,1.0201999591920017,0.751089079164789,1.1952989185880434,0.3632469242040863,5,3
count,5,2,1.0201999591920017,0.751089079164789,1.1952989185880434,0.3632469242040863,5,2
girl,5,2,1.0201999591920017,0.751089079164789,1.1952989185880434,0.3632469242040863,4,3
worked,5,2,1.0201999591920017,0.751089079164789,1.1952989185880434,0.3632469242040863,5,3
nonprofit,1,0,0.20403999183840033,0.0,1.6299530708018772,0.35852480357106176,1,1
nines,1,0,0.20403999183840033,0.0,1.6299530708018772,0.35852480357106176,1,1
nineteen,1,0,0.20403999183840033,0.0,1.6299530708018772,0.35852480357106176,1,1
sparked,1,0,0.20403999183840033,0.0,1.6299530708018772,0.35852480357106176,1,1
elsewhere,1,0,0.20403999183840033,0.0,1.6299530708018772,0.35852480357106176,1,1
embarked,1,0,0.20403999183840033,0.0,1.6299530708018772,0.35852480357106176,1,1
embarrassed,1,0,0.20403999183840033,0.0,1.6299530708018772,0.35852480357106176,1,1
ember,1,0,0.20403999183840033,0.0,1.6299530708018772,0.35852480357106176,1,1
embraced,1,0,0.20403999183840033,0.0,1.6299530708018772,0.35852480357106176,1,1
emerged,1,0,0.20403999183840033,0.0,1.6299530708018772,0.35852480357106176,1,1
emerges,1,0,0.20403999183840033,0.0,1.6299530708018772,0.35852480357106176,1,1
moonlight,1,0,0.20403999183840033,0.0,1.6299530708018772,0.35852480357106176,1,1
moonlit,1,0,0.20403999183840033,0.0,1.6299530708018772,0.35852480357106176,1,1
morally,1,0,0.20403999183840033,0.0,1.6299530708018772,0.35852480357106176,1,1
oliver,1,0,0.20403999183840033,0.0,1.6299530708018772,0.35852480357106176,1,1
olivia,1,0,0.20403999183840033,0.0,1.6299530708018772,0.35852480357106176,1,1
endeavor,1,0,0.20403999183840033,0.0,1.6299530708018772,0.35852480357106176,1,1
martin,1,0,0.20403999183840033,0.0,1.6299530708018772,0.35852480357106176,1,1
masks,1,0,0.20403999183840033,0.0,1.6299530708018772,0.35852480357106176,1,1
dreamer,1,0,0.20403999183840033,0.0,1.6299530708018772,0.35852480357106176,1,1
documentary,1,0,0.20403999183840033,0.0,1.6299530708018772,0.35852480357106176,1,1
steak,1,0,0.20403999183840033,0.0,1.6299530708018772,0.35852480357106176,1,1
steals,1,0,0.20403999183840033,0.0,1.6299530708018772,0.35852480357106176,1,1
starts,1,0,0.20403999183840033,0.0,1.6299530708018772,0.35852480357106176,1,1
dog's,1,0,0.20403999183840033,0.0,1.6299530708018772,0.35852480357106176,1,1
dogs,1,0,0.20403999183840033,0.0,1.6299530708018772,0.35852480357106176,1,1
establish,1,0,0.20403999183840033,0.0,1.6299530708018772,0.35852480357106176,1,1
established,1,0,0.20403999183840033,0.0,1.6299530708018772,0.35852480357106176,1,1
yard,1,0,0.20403999183840033,0.0,1.6299530708018772,0.35852480357106176,1,1
nightmare,1,0,0.20403999183840033,0.0,1.6299530708018772,0.35852480357106176,1,1
nimble,1,0,0.20403999183840033,0.0,1.6299530708018772,0.35852480357106176,1,1
younger,1,0,0.20403999183840033,0.0,1.6299530708018772,0.35852480357106176,1,1
workshop,1,0,0.20403999183840033,0.0,1.6299530708018772,0.35852480357106176,1,1
worn,1,0,0.20403999183840033,0.0,1.6299530708018772,0.35852480357106176,1,1
wounds,1,0,0.20403999183840033,0.0,1.6299530708018772,0.35852480357106176,1,1
discussing,1,0,0.20403999183840033,0.0,1.6299530708018772,0.35852480357106176,1,1
discussion,1,0,0.20403999183840033,0.0,1.6299530708018772,0.35852480357106176,1,1
discussions,1,0,0.20403999183840033,0.0,1.6299530708018772,0.35852480357106176,1,1
disheartening,1,0,0.20403999183840033,0.0,1.6299530708018772,0.35852480357106176,1,1
dislike,1,0,0.20403999183840033,0.0,1.6299530708018772,0.35852480357106176,1,1
dismissing,1,0,0.20403999183840033,0.0,1.6299530708018772,0.35852480357106176,1,1
display,1,0,0.20403999183840033,0.0,1.6299530708018772,0.35852480357106176,1,1
sixteen,1,0,0.20403999183840033,0.0,1.6299530708018772,0.35852480357106176,1,1
sixth,1,0,0.20403999183840033,0.0,1.6299530708018772,0.35852480357106176,1,1
sizzling,1,0,0.20403999183840033,0.0,1.6299530708018772,0.35852480357106176,1,1
sketched,1,0,0.20403999183840033,0.0,1.6299530708018772,0.35852480357106176,1,1
donations,1,0,0.20403999183840033,0.0,1.6299530708018772,0.35852480357106176,1,1
dove,1,0,0.20403999183840033,0.0,1.6299530708018772,0.35852480357106176,1,1
drags,1,0,0.20403999183840033,0.0,1.6299530708018772,0.35852480357106176,1,1
drawing,1,0,0.20403999183840033,0.0,1.6299530708018772,0.35852480357106176,1,1
dreading,1,0,0.20403999183840033,0.0,1.6299530708018772,0.35852480357106176,1,1
stillness,1,0,0.20403999183840033,0.0,1.6299530708018772,0.35852480357106176,1,1
stocked,1,0,0.20403999183840033,0.0,1.6299530708018772,0.35852480357106176,1,1
steep,1,0,0.20403999183840033,0.0,1.6299530708018772,0.35852480357106176,1,1
sticks,1,0,0.20403999183840033,0.0,1.6299530708018772,0.35852480357106176,1,1
exceptional,1,0,0.20403999183840033,0.0,1.6299530708018772,0.35852480357106176,1,1
shovel,1,0,0.20403999183840033,0.0,1.6299530708018772,0.35852480357106176,1,1
shoveling,1,0,0.20403999183840033,0.0,1.6299530708018772,0.35852480357106176,1,1
showered,1,0,0.20403999183840033,0.0,1.6299530708018772,0.35852480357106176,1,1
donate,1,0,0.20403999183840033,0.0,1.6299530708018772,0.35852480357106176,1,1
evolve,1,0,0.20403999183840033,0.0,1.6299530708018772,0.35852480357106176,1,1
exchanged,1,0,0.20403999183840033,0.0,1.6299530708018772,0.35852480357106176,1,1
exhaustion,1,0,0.20403999183840033,0.0,1.6299530708018772,0.35852480357106176,1,1
exhibit,1,0,0.20403999183840033,0.0,1.6299530708018772,0.35852480357106176,1,1
silently,1,0,0.20403999183840033,0.0,1.6299530708018772,0.35852480357106176,1,1
silliest,1,0,0.20403999183840033,0.0,1.6299530708018772,0.35852480357106176,1,1
similar,1,0,0.20403999183840033,0.0,1.6299530708018772,0.35852480357106176,1,1
directly,1,0,0.20403999183840033,0.0,1.6299530708018772,0.35852480357106176,1,1
disabled,1,0,0.20403999183840033,0.0,1.6299530708018772,0.35852480357106176,1,1
disagreed,1,0,0.20403999183840033,0.0,1.6299530708018772,0.35852480357106176,1,1
disappear,1,0,0.20403999183840033,0.0,1.6299530708018772,0.35852480357106176,1,1
disappointing,1,0,0.20403999183840033,0.0,1.6299530708018772,0.35852480357106176,1,1
disappointment,1,0,0.20403999183840033,0.0,1.6299530708018772,0.35852480357106176,1,1
discipline,1,0,0.20403999183840033,0.0,1.6299530708018772,0.35852480357106176,1,1
discount,1,0,0.20403999183840033,0.0,1.6299530708018772,0.35852480357106176,1,1
distant,1,0,0.20403999183840033,0.0,1.6299530708018772,0.35852480357106176,1,1
dived,1,0,0.20403999183840033,0.0,1.6299530708018772,0.35852480357106176,1,1
exists,1,0,0.20403999183840033,0.0,1.6299530708018772,0.35852480357106176,1,1
expectation,1,0,0.20403999183840033,0.0,1.6299530708018772,0.35852480357106176,1,1
expedited,1,0,0.20403999183840033,0.0,1.6299530708018772,0.35852480357106176,1,1
excellence,1,0,0.20403999183840033,0.0,1.6299530708018772,0.35852480357106176,1,1
discover,1,0,0.20403999183840033,0.0,1.6299530708018772,0.35852480357106176,1,1
discovery,1,0,0.20403999183840033,0.0,1.6299530708018772,0.35852480357106176,1,1
devoured,1,0,0.20403999183840033,0.0,1.6299530708018772,0.35852480357106176,1,1
diagnosed,1,0,0.20403999183840033,0.0,1.6299530708018772,0.35852480357106176,1,1
diagnosis,1,0,0.20403999183840033,0.0,1.6299530708018772,0.35852480357106176,1,1
dialogue,1,0,0.20403999183840033,0.0,1.6299530708018772,0.35852480357106176,1,1
diaper,1,0,0.20403999183840033,0.0,1.6299530708018772,0.35852480357106176,1,1
stones,1,0,0.20403999183840033,0.0,1.6299530708018772,0.35852480357106176,1,1
difficulty,1,0,0.20403999183840033,0.0,1.6299530708018772,0.35852480357106176,1,1
onboarding,1,0,0.20403999183840033,0.0,1.6299530708018772,0.35852480357106176,1,1
misunderstanding,1,0,0.20403999183840033,0.0,1.6299530708018772,0.35852480357106176,1,1
mj,1,0,0.20403999183840033,0.0,1.6299530708018772,0.35852480357106176,1,1
explaining,1,0,0.20403999183840033,0.0,1.6299530708018772,0.35852480357106176,1,1
exquisite,1,0,0.20403999183840033,0.0,1.6299530708018772,0.35852480357106176,1,1
external,1,0,0.20403999183840033,0.0,1.6299530708018772,0.35852480357106176,1,1
sibongile,1,0,0.20403999183840033,0.0,1.6299530708018772,0.35852480357106176,1,1
digital,1,0,0.20403999183840033,0.0,1.6299530708018772,0.35852480357106176,1,1
dinners,1,0,0.20403999183840033,0.0,1.6299530708018772,0.35852480357106176,1,1
starlight,1,0,0.20403999183840033,0.0,1.6299530708018772,0.35852480357106176,1,1
stars,1,0,0.20403999183840033,0.0,1.6299530708018772,0.35852480357106176,1,1
standards,1,0,0.20403999183840033,0.0,1.6299530708018772,0.35852480357106176,1,1
dressed,1,0,0.20403999183840033,0.0,1.6299530708018772,0.35852480357106176,1,1
drifted,1,0,0.20403999183840033,0.0,1.6299530708018772,0.35852480357106176,1,1
drinking,1,0,0.20403999183840033,0.0,1.6299530708018772,0.35852480357106176,1,1
driven,1,0,0.20403999183840033,0.0,1.6299530708018772,0.35852480357106176,1,1
estate,1,0,0.20403999183840033,0.0,1.6299530708018772,0.35852480357106176,1,1
european,1,0,0.20403999183840033,0.0,1.6299530708018772,0.35852480357106176,1,1
sincerest,1,0,0.20403999183840033,0.0,1.6299530708018772,0.35852480357106176,1,1
singlehandedly,1,0,0.20403999183840033,0.0,1.6299530708018772,0.35852480357106176,1,1
sipping,1,0,0.20403999183840033,0.0,1.6299530708018772,0.35852480357106176,1,1
dropped,1,0,0.20403999183840033,0.0,1.6299530708018772,0.35852480357106176,1,1
faded,1,0,0.20403999183840033,0.0,1.6299530708018772,0.35852480357106176,1,1
fails,1,0,0.20403999183840033,0.0,1.6299530708018772,0.35852480357106176,1,1
shouted,1,0,0.20403999183840033,0.0,1.6299530708018772,0.35852480357106176,1,1
mock,1,0,0.20403999183840033,0.0,1.6299530708018772,0.35852480357106176,1,1
modeling,1,0,0.20403999183840033,0.0,1.6299530708018772,0.35852480357106176,1,1
molding,1,0,0.20403999183840033,0.0,1.6299530708018772,0.35852480357106176,1,1
mom's,1,0,0.20403999183840033,0.0,1.6299530708018772,0.35852480357106176,1,1
detour,1,0,0.20403999183840033,0.0,1.6299530708018772,0.35852480357106176,1,1
development,1,0,0.20403999183840033,0.0,1.6299530708018772,0.35852480357106176,1,1
strengthens,1,0,0.20403999183840033,0.0,1.6299530708018772,0.35852480357106176,1,1
strain,1,0,0.20403999183840033,0.0,1.6299530708018772,0.35852480357106176,1,1
strand,1,0,0.20403999183840033,0.0,1.6299530708018772,0.35852480357106176,1,1
strange,1,0,0.20403999183840033,0.0,1.6299530708018772,0.35852480357106176,1,1
strategy,1,0,0.20403999183840033,0.0,1.6299530708018772,0.35852480357106176,1,1
stray,1,0,0.20403999183840033,0.0,1.6299530708018772,0.35852480357106176,1,1
stride,1,0,0.20403999183840033,0.0,1.6299530708018772,0.35852480357106176,1,1
stroll,1,0,0.20403999183840033,0.0,1.6299530708018772,0.35852480357106176,1,1
dependable,1,0,0.20403999183840033,0.0,1.6299530708018772,0.35852480357106176,1,1
fade,1,0,0.20403999183840033,0.0,1.6299530708018772,0.35852480357106176,1,1
desperately,1,0,0.20403999183840033,0.0,1.6299530708018772,0.35852480357106176,1,1
delicate,1,0,0.20403999183840033,0.0,1.6299530708018772,0.35852480357106176,1,1
despair,1,0,0.20403999183840033,0.0,1.6299530708018772,0.35852480357106176,1,1
destination,1,0,0.20403999183840033,0.0,1.6299530708018772,0.35852480357106176,1,1
shipping,1,0,0.20403999183840033,0.0,1.6299530708018772,0.35852480357106176,1,1
shone,1,0,0.20403999183840033,0.0,1.6299530708018772,0.35852480357106176,1,1
falter,1,0,0.20403999183840033,0.0,1.6299530708018772,0.35852480357106176,1,1
faltered,1,0,0.20403999183840033,0.0,1.6299530708018772,0.35852480357106176,1,1
fan,1,0,0.20403999183840033,0.0,1.6299530708018772,0.35852480357106176,1,1
fantasy,1,0,0.20403999183840033,0.0,1.6299530708018772,0.35852480357106176,1,1
faring,1,0,0.20403999183840033,0.0,1.6299530708018772,0.35852480357106176,1,1
fate,1,0,0.20403999183840033,0.0,1.6299530708018772,0.35852480357106176,1,1
faults,1,0,0.20403999183840033,0.0,1.6299530708018772,0.35852480357106176,1,1
shelter,1,0,0.20403999183840033,0.0,1.6299530708018772,0.35852480357106176,1,1
shenanigans,1,0,0.20403999183840033,0.0,1.6299530708018772,0.35852480357106176,1,1
shifted,1,0,0.20403999183840033,0.0,1.6299530708018772,0.35852480357106176,1,1
fi,1,0,0.20403999183840033,0.0,1.6299530708018772,0.35852480357106176,1,1
fiber,1,0,0.20403999183840033,0.0,1.6299530708018772,0.35852480357106176,1,1
shifting,1,0,0.20403999183840033,0.0,1.6299530708018772,0.35852480357106176,1,1
shifts,1,0,0.20403999183840033,0.0,1.6299530708018772,0.35852480357106176,1,1
shake,1,0,0.20403999183840033,0.0,1.6299530708018772,0.35852480357106176,1,1
delight,1,0,0.20403999183840033,0.0,1.6299530708018772,0.35852480357106176,1,1
delivering,1,0,0.20403999183840033,0.0,1.6299530708018772,0.35852480357106176,1,1
delivery,1,0,0.20403999183840033,0.0,1.6299530708018772,0.35852480357106176,1,1
demanded,1,0,0.20403999183840033,0.0,1.6299530708018772,0.35852480357106176,1,1
demise,1,0,0.20403999183840033,0.0,1.6299530708018772,0.35852480357106176,1,1
demonstrate,1,0,0.20403999183840033,0.0,1.6299530708018772,0.35852480357106176,1,1
demonstrating,1,0,0.20403999183840033,0.0,1.6299530708018772,0.35852480357106176,1,1
stretches,1,0,0.20403999183840033,0.0,1.6299530708018772,0.35852480357106176,1,1
defining,1,0,0.20403999183840033,0.0,1.6299530708018772,0.35852480357106176,1,1
stubbornly,1,0,0.20403999183840033,0.0,1.6299530708018772,0.35852480357106176,1,1
student,1,0,0.20403999183840033,0.0,1.6299530708018772,0.35852480357106176,1,1
occasional,1,0,0.20403999183840033,0.0,1.6299530708018772,0.35852480357106176,1,1
occupied,1,0,0.20403999183840033,0.0,1.6299530708018772,0.35852480357106176,1,1
finalize,1,0,0.20403999183840033,0.0,1.6299530708018772,0.35852480357106176,1,1
flexible,1,0,0.20403999183840033,0.0,1.6299530708018772,0.35852480357106176,1,1
shapes,1,0,0.20403999183840033,0.0,1.6299530708018772,0.35852480357106176,1,1
feasts,1,0,0.20403999183840033,0.0,1.6299530708018772,0.35852480357106176,1,1
feature,1,0,0.20403999183840033,0.0,1.6299530708018772,0.35852480357106176,1,1
feed,1,0,0.20403999183840033,0.0,1.6299530708018772,0.35852480357106176,1,1
october,1,0,0.20403999183840033,0.0,1.6299530708018772,0.35852480357106176,1,1
odds,1,0,0.20403999183840033,0.0,1.6299530708018772,0.35852480357106176,1,1
motherhood,1,0,0.20403999183840033,0.0,1.6299530708018772,0.35852480357106176,1,1
deepening,1,0,0.20403999183840033,0.0,1.6299530708018772,0.35852480357106176,1,1
fees,1,0,0.20403999183840033,0.0,1.6299530708018772,0.35852480357106176,1,1
fellow,1,0,0.20403999183840033,0.0,1.6299530708018772,0.35852480357106176,1,1
festival,1,0,0.20403999183840033,0.0,1.6299530708018772,0.35852480357106176,1,1
fewer,1,0,0.20403999183840033,0.0,1.6299530708018772,0.35852480357106176,1,1
subtle,1,0,0.20403999183840033,0.0,1.6299530708018772,0.35852480357106176,1,1
series,1,0,0.20403999183840033,0.0,1.6299530708018772,0.35852480357106176,1,1
finger,1,0,0.20403999183840033,0.0,1.6299530708018772,0.35852480357106176,1,1
finishing,1,0,0.20403999183840033,0.0,1.6299530708018772,0.35852480357106176,1,1
fire,1,0,0.20403999183840033,0.0,1.6299530708018772,0.35852480357106176,1,1
sees,1,0,0.20403999183840033,0.0,1.6299530708018772,0.35852480357106176,1,1
shadows,1,0,0.20403999183840033,0.0,1.6299530708018772,0.35852480357106176,1,1
film,1,0,0.20403999183840033,0.0,1.6299530708018772,0.35852480357106176,1,1
films,1,0,0.20403999183840033,0.0,1.6299530708018772,0.35852480357106176,1,1
stumbled,1,0,0.20403999183840033,0.0,1.6299530708018772,0.35852480357106176,1,1
stumbling,1,0,0.20403999183840033,0.0,1.6299530708018772,0.35852480357106176,1,1
submit,1,0,0.20403999183840033,0.0,1.6299530708018772,0.35852480357106176,1,1
decorations,1,0,0.20403999183840033,0.0,1.6299530708018772,0.35852480357106176,1,1
dedicating,1,0,0.20403999183840033,0.0,1.6299530708018772,0.35852480357106176,1,1
deeds,1,0,0.20403999183840033,0.0,1.6299530708018772,0.35852480357106176,1,1
dawns,1,0,0.20403999183840033,0.0,1.6299530708018772,0.35852480357106176,1,1
summers,1,0,0.20403999183840033,0.0,1.6299530708018772,0.35852480357106176,1,1
sunlight,1,0,0.20403999183840033,0.0,1.6299530708018772,0.35852480357106176,1,1
firmly,1,0,0.20403999183840033,0.0,1.6299530708018772,0.35852480357106176,1,1
flashlight,1,0,0.20403999183840033,0.0,1.6299530708018772,0.35852480357106176,1,1
flawed,1,0,0.20403999183840033,0.0,1.6299530708018772,0.35852480357106176,1,1
fleeting,1,0,0.20403999183840033,0.0,1.6299530708018772,0.35852480357106176,1,1
forces,1,0,0.20403999183840033,0.0,1.6299530708018772,0.35852480357106176,1,1
flicking,1,0,0.20403999183840033,0.0,1.6299530708018772,0.35852480357106176,1,1
sensed,1,0,0.20403999183840033,0.0,1.6299530708018772,0.35852480357106176,1,1
sensitivity,1,0,0.20403999183840033,0.0,1.6299530708018772,0.35852480357106176,1,1
serenity,1,0,0.20403999183840033,0.0,1.6299530708018772,0.35852480357106176,1,1
daydreaming,1,0,0.20403999183840033,0.0,1.6299530708018772,0.35852480357106176,1,1
de,1,0,0.20403999183840033,0.0,1.6299530708018772,0.35852480357106176,1,1
dead,1,0,0.20403999183840033,0.0,1.6299530708018772,0.35852480357106176,1,1
submitted,1,0,0.20403999183840033,0.0,1.6299530708018772,0.35852480357106176,1,1
submitting,1,0,0.20403999183840033,0.0,1.6299530708018772,0.35852480357106176,1,1
supernatural,1,0,0.20403999183840033,0.0,1.6299530708018772,0.35852480357106176,1,1
curves,1,0,0.20403999183840033,0.0,1.6299530708018772,0.35852480357106176,1,1
customer,1,0,0.20403999183840033,0.0,1.6299530708018772,0.35852480357106176,1,1
dad's,1,0,0.20403999183840033,0.0,1.6299530708018772,0.35852480357106176,1,1
damaging,1,0,0.20403999183840033,0.0,1.6299530708018772,0.35852480357106176,1,1
flowing,1,0,0.20403999183840033,0.0,1.6299530708018772,0.35852480357106176,1,1
folded,1,0,0.20403999183840033,0.0,1.6299530708018772,0.35852480357106176,1,1
seized,1,0,0.20403999183840033,0.0,1.6299530708018772,0.35852480357106176,1,1
selfies,1,0,0.20403999183840033,0.0,1.6299530708018772,0.35852480357106176,1,1
selflessly,1,0,0.20403999183840033,0.0,1.6299530708018772,0.35852480357106176,1,1
suffered,1,0,0.20403999183840033,0.0,1.6299530708018772,0.35852480357106176,1,1
sugar,1,0,0.20403999183840033,0.0,1.6299530708018772,0.35852480357106176,1,1
darkness,1,0,0.20403999183840033,0.0,1.6299530708018772,0.35852480357106176,1,1
daughter's,1,0,0.20403999183840033,0.0,1.6299530708018772,0.35852480357106176,1,1
suits,1,0,0.20403999183840033,0.0,1.6299530708018772,0.35852480357106176,1,1
summer's,1,0,0.20403999183840033,0.0,1.6299530708018772,0.35852480357106176,1,1
forced,1,0,0.20403999183840033,0.0,1.6299530708018772,0.35852480357106176,1,1
scholarship,1,0,0.20403999183840033,0.0,1.6299530708018772,0.35852480357106176,1,1
schoolmates,1,0,0.20403999183840033,0.0,1.6299530708018772,0.35852480357106176,1,1
sci,1,0,0.20403999183840033,0.0,1.6299530708018772,0.35852480357106176,1,1
scraped,1,0,0.20403999183840033,0.0,1.6299530708018772,0.35852480357106176,1,1
search,1,0,0.20403999183840033,0.0,1.6299530708018772,0.35852480357106176,1,1
searching,1,0,0.20403999183840033,0.0,1.6299530708018772,0.35852480357106176,1,1
forevermore,1,0,0.20403999183840033,0.0,1.6299530708018772,0.35852480357106176,1,1
foresight,1,0,0.20403999183840033,0.0,1.6299530708018772,0.35852480357106176,1,1
flood,1,0,0.20403999183840033,0.0,1.6299530708018772,0.35852480357106176,1,1
florals,1,0,0.20403999183840033,0.0,1.6299530708018772,0.35852480357106176,1,1
florist,1,0,0.20403999183840033,0.0,1.6299530708018772,0.35852480357106176,1,1
flourish,1,0,0.20403999183840033,0.0,1.6299530708018772,0.35852480357106176,1,1
supports,1,0,0.20403999183840033,0.0,1.6299530708018772,0.35852480357106176,1,1
surpass,1,0,0.20403999183840033,0.0,1.6299530708018772,0.35852480357106176,1,1
sunshine,1,0,0.20403999183840033,0.0,1.6299530708018772,0.35852480357106176,1,1
cultivating,1,0,0.20403999183840033,0.0,1.6299530708018772,0.35852480357106176,1,1
culture,1,0,0.20403999183840033,0.0,1.6299530708018772,0.35852480357106176,1,1
cultures,1,0,0.20403999183840033,0.0,1.6299530708018772,0.35852480357106176,1,1
curated,1,0,0.20403999183840033,0.0,1.6299530708018772,0.35852480357106176,1,1
curled,1,0,0.20403999183840033,0.0,1.6299530708018772,0.35852480357106176,1,1
supplies,1,0,0.20403999183840033,0.0,1.6299530708018772,0.35852480357106176,1,1
forgetting,1,0,0.20403999183840033,0.0,1.6299530708018772,0.35852480357106176,1,1
forging,1,0,0.20403999183840033,0.0,1.6299530708018772,0.35852480357106176,1,1
scaled,1,0,0.20403999183840033,0.0,1.6299530708018772,0.35852480357106176,1,1
scapegoat,1,0,0.20403999183840033,0.0,1.6299530708018772,0.35852480357106176,1,1
fort,1,0,0.20403999183840033,0.0,1.6299530708018772,0.35852480357106176,1,1
seas,1,0,0.20403999183840033,0.0,1.6299530708018772,0.35852480357106176,1,1
seat,1,0,0.20403999183840033,0.0,1.6299530708018772,0.35852480357106176,1,1
section,1,0,0.20403999183840033,0.0,1.6299530708018772,0.35852480357106176,1,1
security,1,0,0.20403999183840033,0.0,1.6299530708018772,0.35852480357106176,1,1
fondly,1,0,0.20403999183840033,0.0,1.6299530708018772,0.35852480357106176,1,1
surplus,1,0,0.20403999183840033,0.0,1.6299530708018772,0.35852480357106176,1,1
cringy,1,0,0.20403999183840033,0.0,1.6299530708018772,0.35852480357106176,1,1
crisp,1,0,0.20403999183840033,0.0,1.6299530708018772,0.35852480357106176,1,1
critic,1,0,0.20403999183840033,0.0,1.6299530708018772,0.35852480357106176,1,1
crown,1,0,0.20403999183840033,0.0,1.6299530708018772,0.35852480357106176,1,1
fragments,1,0,0.20403999183840033,0.0,1.6299530708018772,0.35852480357106176,1,1
scenery,1,0,0.20403999183840033,0.0,1.6299530708018772,0.35852480357106176,1,1
satisfaction,1,0,0.20403999183840033,0.0,1.6299530708018772,0.35852480357106176,1,1
save,1,0,0.20403999183840033,0.0,1.6299530708018772,0.35852480357106176,1,1
frame,1,0,0.20403999183840033,0.0,1.6299530708018772,0.35852480357106176,1,1
forge,1,0,0.20403999183840033,0.0,1.6299530708018772,0.35852480357106176,1,1
crunch,1,0,0.20403999183840033,0.0,1.6299530708018772,0.35852480357106176,1,1
surprises,1,0,0.20403999183840033,0.0,1.6299530708018772,0.35852480357106176,1,1
culmination,1,0,0.20403999183840033,0.0,1.6299530708018772,0.35852480357106176,1,1
cultivate,1,0,0.20403999183840033,0.0,1.6299530708018772,0.35852480357106176,1,1
cultivated,1,0,0.20403999183840033,0.0,1.6299530708018772,0.35852480357106176,1,1
savored,1,0,0.20403999183840033,0.0,1.6299530708018772,0.35852480357106176,1,1
correcting,1,0,0.20403999183840033,0.0,1.6299530708018772,0.35852480357106176,1,1
costs,1,0,0.20403999183840033,0.0,1.6299530708018772,0.35852480357106176,1,1
surreal,1,0,0.20403999183840033,0.0,1.6299530708018772,0.35852480357106176,1,1
sustainability,1,0,0.20403999183840033,0.0,1.6299530708018772,0.35852480357106176,1,1
sustained,1,0,0.20403999183840033,0.0,1.6299530708018772,0.35852480357106176,1,1
coworkers,1,0,0.20403999183840033,0.0,1.6299530708018772,0.35852480357106176,1,1
crackled,1,0,0.20403999183840033,0.0,1.6299530708018772,0.35852480357106176,1,1
crayons,1,0,0.20403999183840033,0.0,1.6299530708018772,0.35852480357106176,1,1
optimist,1,0,0.20403999183840033,0.0,1.6299530708018772,0.35852480357106176,1,1
scarce,1,0,0.20403999183840033,0.0,1.6299530708018772,0.35852480357106176,1,1
scarf,1,0,0.20403999183840033,0.0,1.6299530708018772,0.35852480357106176,1,1
fortified,1,0,0.20403999183840033,0.0,1.6299530708018772,0.35852480357106176,1,1
founding,1,0,0.20403999183840033,0.0,1.6299530708018772,0.35852480357106176,1,1
fraction,1,0,0.20403999183840033,0.0,1.6299530708018772,0.35852480357106176,1,1
creep,1,0,0.20403999183840033,0.0,1.6299530708018772,0.35852480357106176,1,1
swapped,1,0,0.20403999183840033,0.0,1.6299530708018772,0.35852480357106176,1,1
sway,1,0,0.20403999183840033,0.0,1.6299530708018772,0.35852480357106176,1,1
swells,1,0,0.20403999183840033,0.0,1.6299530708018772,0.35852480357106176,1,1
swept,1,0,0.20403999183840033,0.0,1.6299530708018772,0.35852480357106176,1,1
swimming,1,0,0.20403999183840033,0.0,1.6299530708018772,0.35852480357106176,1,1
crept,1,0,0.20403999183840033,0.0,1.6299530708018772,0.35852480357106176,1,1
country's,1,0,0.20403999183840033,0.0,1.6299530708018772,0.35852480357106176,1,1
counts,1,0,0.20403999183840033,0.0,1.6299530708018772,0.35852480357106176,1,1
covering,1,0,0.20403999183840033,0.0,1.6299530708018772,0.35852480357106176,1,1
covid,1,0,0.20403999183840033,0.0,1.6299530708018772,0.35852480357106176,1,1
coworker,1,0,0.20403999183840033,0.0,1.6299530708018772,0.35852480357106176,1,1
francisco,1,0,0.20403999183840033,0.0,1.6299530708018772,0.35852480357106176,1,1
fred,1,0,0.20403999183840033,0.0,1.6299530708018772,0.35852480357106176,1,1
freedoms,1,0,0.20403999183840033,0.0,1.6299530708018772,0.35852480357106176,1,1
friendly,1,0,0.20403999183840033,0.0,1.6299530708018772,0.35852480357106176,1,1
saviour,1,0,0.20403999183840033,0.0,1.6299530708018772,0.35852480357106176,1,1
sanity,1,0,0.20403999183840033,0.0,1.6299530708018772,0.35852480357106176,1,1
sara,1,0,0.20403999183840033,0.0,1.6299530708018772,0.35852480357106176,1,1
sat,1,0,0.20403999183840033,0.0,1.6299530708018772,0.35852480357106176,1,1
san,1,0,0.20403999183840033,0.0,1.6299530708018772,0.35852480357106176,1,1
sandcastles,1,0,0.20403999183840033,0.0,1.6299530708018772,0.35852480357106176,1,1
fueling,1,0,0.20403999183840033,0.0,1.6299530708018772,0.35852480357106176,1,1
fulfilled,1,0,0.20403999183840033,0.0,1.6299530708018772,0.35852480357106176,1,1
fulfilling,1,0,0.20403999183840033,0.0,1.6299530708018772,0.35852480357106176,1,1
fullness,1,0,0.20403999183840033,0.0,1.6299530708018772,0.35852480357106176,1,1
fund,1,0,0.20403999183840033,0.0,1.6299530708018772,0.35852480357106176,1,1
fundraising,1,0,0.20403999183840033,0.0,1.6299530708018772,0.35852480357106176,1,1
minded,1,0,0.20403999183840033,0.0,1.6299530708018772,0.35852480357106176,1,1
mischief,1,0,0.20403999183840033,0.0,1.6299530708018772,0.35852480357106176,1,1
misjudged,1,0,0.20403999183840033,0.0,1.6299530708018772,0.35852480357106176,1,1
misled,1,0,0.20403999183840033,0.0,1.6299530708018772,0.35852480357106176,1,1
misread,1,0,0.20403999183840033,0.0,1.6299530708018772,0.35852480357106176,1,1
sachi,1,0,0.20403999183840033,0.0,1.6299530708018772,0.35852480357106176,1,1
futures,1,0,0.20403999183840033,0.0,1.6299530708018772,0.35852480357106176,1,1
fuzzy,1,0,0.20403999183840033,0.0,1.6299530708018772,0.35852480357106176,1,1
gang,1,0,0.20403999183840033,0.0,1.6299530708018772,0.35852480357106176,1,1
gangster,1,0,0.20403999183840033,0.0,1.6299530708018772,0.35852480357106176,1,1
gap,1,0,0.20403999183840033,0.0,1.6299530708018772,0.35852480357106176,1,1
safely,1,0,0.20403999183840033,0.0,1.6299530708018772,0.35852480357106176,1,1
sage,1,0,0.20403999183840033,0.0,1.6299530708018772,0.35852480357106176,1,1
sake,1,0,0.20403999183840033,0.0,1.6299530708018772,0.35852480357106176,1,1
salsa,1,0,0.20403999183840033,0.0,1.6299530708018772,0.35852480357106176,1,1
gecko,1,0,0.20403999183840033,0.0,1.6299530708018772,0.35852480357106176,1,1
frosting,1,0,0.20403999183840033,0.0,1.6299530708018772,0.35852480357106176,1,1
frozen,1,0,0.20403999183840033,0.0,1.6299530708018772,0.35852480357106176,1,1
fruits,1,0,0.20403999183840033,0.0,1.6299530708018772,0.35852480357106176,1,1
frustrating,1,0,0.20403999183840033,0.0,1.6299530708018772,0.35852480357106176,1,1
frustrations,1,0,0.20403999183840033,0.0,1.6299530708018772,0.35852480357106176,1,1
enhance,1,0,0.20403999183840033,0.0,1.6299530708018772,0.35852480357106176,1,1
cori,1,0,0.20403999183840033,0.0,1.6299530708018772,0.35852480357106176,1,1
cornerstone,1,0,0.20403999183840033,0.0,1.6299530708018772,0.35852480357106176,1,1
correct,1,0,0.20403999183840033,0.0,1.6299530708018772,0.35852480357106176,1,1
counsel,1,0,0.20403999183840033,0.0,1.6299530708018772,0.35852480357106176,1,1
counselor,1,0,0.20403999183840033,0.0,1.6299530708018772,0.35852480357106176,1,1
counterpart,1,0,0.20403999183840033,0.0,1.6299530708018772,0.35852480357106176,1,1
counting,1,0,0.20403999183840033,0.0,1.6299530708018772,0.35852480357106176,1,1
rugged,1,0,0.20403999183840033,0.0,1.6299530708018772,0.35852480357106176,1,1
rush,1,0,0.20403999183840033,0.0,1.6299530708018772,0.35852480357106176,1,1
saber,1,0,0.20403999183840033,0.0,1.6299530708018772,0.35852480357106176,1,1
round,1,0,0.20403999183840033,0.0,1.6299530708018772,0.35852480357106176,1,1
routine,1,0,0.20403999183840033,0.0,1.6299530708018772,0.35852480357106176,1,1
funds,1,0,0.20403999183840033,0.0,1.6299530708018772,0.35852480357106176,1,1
friendships,1,0,0.20403999183840033,0.0,1.6299530708018772,0.35852480357106176,1,1
frightening,1,0,0.20403999183840033,0.0,1.6299530708018772,0.35852480357106176,1,1
corfu,1,0,0.20403999183840033,0.0,1.6299530708018772,0.35852480357106176,1,1
sports,1,0,0.20403999183840033,0.0,1.6299530708018772,0.35852480357106176,1,1
spot,1,0,0.20403999183840033,0.0,1.6299530708018772,0.35852480357106176,1,1
spotlight,1,0,0.20403999183840033,0.0,1.6299530708018772,0.35852480357106176,1,1
sprees,1,0,0.20403999183840033,0.0,1.6299530708018772,0.35852480357106176,1,1
dull,1,0,0.20403999183840033,0.0,1.6299530708018772,0.35852480357106176,1,1
dust,1,0,0.20403999183840033,0.0,1.6299530708018772,0.35852480357106176,1,1
dwell,1,0,0.20403999183840033,0.0,1.6299530708018772,0.35852480357106176,1,1
stack,1,0,0.20403999183840033,0.0,1.6299530708018772,0.35852480357106176,1,1
escalate,1,0,0.20403999183840033,0.0,1.6299530708018772,0.35852480357106176,1,1
escape,1,0,0.20403999183840033,0.0,1.6299530708018772,0.35852480357106176,1,1
espero,1,0,0.20403999183840033,0.0,1.6299530708018772,0.35852480357106176,1,1
smoke,1,0,0.20403999183840033,0.0,1.6299530708018772,0.35852480357106176,1,1
snack,1,0,0.20403999183840033,0.0,1.6299530708018772,0.35852480357106176,1,1
skill,1,0,0.20403999183840033,0.0,1.6299530708018772,0.35852480357106176,1,1
engaging,1,0,0.20403999183840033,0.0,1.6299530708018772,0.35852480357106176,1,1
rover,1,0,0.20403999183840033,0.0,1.6299530708018772,0.35852480357106176,1,1
gently,1,0,0.20403999183840033,0.0,1.6299530708018772,0.35852480357106176,1,1
sympathize,1,0,0.20403999183840033,0.0,1.6299530708018772,0.35852480357106176,1,1
taglines,1,0,0.20403999183840033,0.0,1.6299530708018772,0.35852480357106176,1,1
tail,1,0,0.20403999183840033,0.0,1.6299530708018772,0.35852480357106176,1,1
swooning,1,0,0.20403999183840033,0.0,1.6299530708018772,0.35852480357106176,1,1
symbols,1,0,0.20403999183840033,0.0,1.6299530708018772,0.35852480357106176,1,1
conviction,1,0,0.20403999183840033,0.0,1.6299530708018772,0.35852480357106176,1,1
cooked,1,0,0.20403999183840033,0.0,1.6299530708018772,0.35852480357106176,1,1
coordinate,1,0,0.20403999183840033,0.0,1.6299530708018772,0.35852480357106176,1,1
constructive,1,0,0.20403999183840033,0.0,1.6299530708018772,0.35852480357106176,1,1
continuing,1,0,0.20403999183840033,0.0,1.6299530708018772,0.35852480357106176,1,1
contributing,1,0,0.20403999183840033,0.0,1.6299530708018772,0.35852480357106176,1,1
contribution,1,0,0.20403999183840033,0.0,1.6299530708018772,0.35852480357106176,1,1
geography,1,0,0.20403999183840033,0.0,1.6299530708018772,0.35852480357106176,1,1
coordinating,1,0,0.20403999183840033,0.0,1.6299530708018772,0.35852480357106176,1,1
roadside,1,0,0.20403999183840033,0.0,1.6299530708018772,0.35852480357106176,1,1
getaways,1,0,0.20403999183840033,0.0,1.6299530708018772,0.35852480357106176,1,1
giant,1,0,0.20403999183840033,0.0,1.6299530708018772,0.35852480357106176,1,1
rocky,1,0,0.20403999183840033,0.0,1.6299530708018772,0.35852480357106176,1,1
rolled,1,0,0.20403999183840033,0.0,1.6299530708018772,0.35852480357106176,1,1
gifted,1,0,0.20403999183840033,0.0,1.6299530708018772,0.35852480357106176,1,1
giggle,1,0,0.20403999183840033,0.0,1.6299530708018772,0.35852480357106176,1,1
giggles,1,0,0.20403999183840033,0.0,1.6299530708018772,0.35852480357106176,1,1
ginger,1,0,0.20403999183840033,0.0,1.6299530708018772,0.35852480357106176,1,1
tasting,1,0,0.20403999183840033,0.0,1.6299530708018772,0.35852480357106176,1,1
confidential,1,0,0.20403999183840033,0.0,1.6299530708018772,0.35852480357106176,1,1
confidently,1,0,0.20403999183840033,0.0,1.6299530708018772,0.35852480357106176,1,1
confusing,1,0,0.20403999183840033,0.0,1.6299530708018772,0.35852480357106176,1,1
takeout,1,0,0.20403999183840033,0.0,1.6299530708018772,0.35852480357106176,1,1
connections,1,0,0.20403999183840033,0.0,1.6299530708018772,0.35852480357106176,1,1
consideration,1,0,0.20403999183840033,0.0,1.6299530708018772,0.35852480357106176,1,1
tempted,1,0,0.20403999183840033,0.0,1.6299530708018772,0.35852480357106176,1,1
tend,1,0,0.20403999183840033,0.0,1.6299530708018772,0.35852480357106176,1,1
tear,1,0,0.20403999183840033,0.0,1.6299530708018772,0.35852480357106176,1,1
tease,1,0,0.20403999183840033,0.0,1.6299530708018772,0.35852480357106176,1,1
roof,1,0,0.20403999183840033,0.0,1.6299530708018772,0.35852480357106176,1,1
glimpse,1,0,0.20403999183840033,0.0,1.6299530708018772,0.35852480357106176,1,1
glitter,1,0,0.20403999183840033,0.0,1.6299530708018772,0.35852480357106176,1,1
rituals,1,0,0.20403999183840033,0.0,1.6299530708018772,0.35852480357106176,1,1
riverbank,1,0,0.20403999183840033,0.0,1.6299530708018772,0.35852480357106176,1,1
completes,1,0,0.20403999183840033,0.0,1.6299530708018772,0.35852480357106176,1,1
concert,1,0,0.20403999183840033,0.0,1.6299530708018772,0.35852480357106176,1,1
conduct,1,0,0.20403999183840033,0.0,1.6299530708018772,0.35852480357106176,1,1
taylor,1,0,0.20403999183840033,0.0,1.6299530708018772,0.35852480357106176,1,1
teaches,1,0,0.20403999183840033,0.0,1.6299530708018772,0.35852480357106176,1,1
tango,1,0,0.20403999183840033,0.0,1.6299530708018772,0.35852480357106176,1,1
tasha,1,0,0.20403999183840033,0.0,1.6299530708018772,0.35852480357106176,1,1
rewind,1,0,0.20403999183840033,0.0,1.6299530708018772,0.35852480357106176,1,1
rewritten,1,0,0.20403999183840033,0.0,1.6299530708018772,0.35852480357106176,1,1
grande,1,0,0.20403999183840033,0.0,1.6299530708018772,0.35852480357106176,1,1
grandfather,1,0,0.20403999183840033,0.0,1.6299530708018772,0.35852480357106176,1,1
richest,1,0,0.20403999183840033,0.0,1.6299530708018772,0.35852480357106176,1,1
ringleaders,1,0,0.20403999183840033,0.0,1.6299530708018772,0.35852480357106176,1,1
goodwill,1,0,0.20403999183840033,0.0,1.6299530708018772,0.35852480357106176,1,1
goofy,1,0,0.20403999183840033,0.0,1.6299530708018772,0.35852480357106176,1,1
gossip,1,0,0.20403999183840033,0.0,1.6299530708018772,0.35852480357106176,1,1
grabbing,1,0,0.20403999183840033,0.0,1.6299530708018772,0.35852480357106176,1,1
commute,1,0,0.20403999183840033,0.0,1.6299530708018772,0.35852480357106176,1,1
companies,1,0,0.20403999183840033,0.0,1.6299530708018772,0.35852480357106176,1,1
compass,1,0,0.20403999183840033,0.0,1.6299530708018772,0.35852480357106176,1,1
connect,1,0,0.20403999183840033,0.0,1.6299530708018772,0.35852480357106176,1,1
complaint,1,0,0.20403999183840033,0.0,1.6299530708018772,0.35852480357106176,1,1
temper,1,0,0.20403999183840033,0.0,1.6299530708018772,0.35852480357106176,1,1
comedian,1,0,0.20403999183840033,0.0,1.6299530708018772,0.35852480357106176,1,1
comedy,1,0,0.20403999183840033,0.0,1.6299530708018772,0.35852480357106176,1,1
greatness,1,0,0.20403999183840033,0.0,1.6299530708018772,0.35852480357106176,1,1
greece,1,0,0.20403999183840033,0.0,1.6299530708018772,0.35852480357106176,1,1
greengrocer,1,0,0.20403999183840033,0.0,1.6299530708018772,0.35852480357106176,1,1
greenleaf,1,0,0.20403999183840033,0.0,1.6299530708018772,0.35852480357106176,1,1
tech,1,0,0.20403999183840033,0.0,1.6299530708018772,0.35852480357106176,1,1
michelle,1,0,0.20403999183840033,0.0,1.6299530708018772,0.35852480357106176,1,1
middle,1,0,0.20403999183840033,0.0,1.6299530708018772,0.35852480357106176,1,1
midst,1,0,0.20403999183840033,0.0,1.6299530708018772,0.35852480357106176,1,1
mike's,1,0,0.20403999183840033,0.0,1.6299530708018772,0.35852480357106176,1,1
milo,1,0,0.20403999183840033,0.0,1.6299530708018772,0.35852480357106176,1,1
ordered,1,0,0.20403999183840033,0.0,1.6299530708018772,0.35852480357106176,1,1
revive,1,0,0.20403999183840033,0.0,1.6299530708018772,0.35852480357106176,1,1
revoked,1,0,0.20403999183840033,0.0,1.6299530708018772,0.35852480357106176,1,1
reward,1,0,0.20403999183840033,0.0,1.6299530708018772,0.35852480357106176,1,1
thando,1,0,0.20403999183840033,0.0,1.6299530708018772,0.35852480357106176,1,1
tenderness,1,0,0.20403999183840033,0.0,1.6299530708018772,0.35852480357106176,1,1
tending,1,0,0.20403999183840033,0.0,1.6299530708018772,0.35852480357106176,1,1
tenfold,1,0,0.20403999183840033,0.0,1.6299530708018772,0.35852480357106176,1,1
grilled,1,0,0.20403999183840033,0.0,1.6299530708018772,0.35852480357106176,1,1
grin,1,0,0.20403999183840033,0.0,1.6299530708018772,0.35852480357106176,1,1
grandmother's,1,0,0.20403999183840033,0.0,1.6299530708018772,0.35852480357106176,1,1
granting,1,0,0.20403999183840033,0.0,1.6299530708018772,0.35852480357106176,1,1
graphic,1,0,0.20403999183840033,0.0,1.6299530708018772,0.35852480357106176,1,1
rhythm,1,0,0.20403999183840033,0.0,1.6299530708018772,0.35852480357106176,1,1
tent,1,0,0.20403999183840033,0.0,1.6299530708018772,0.35852480357106176,1,1
coffees,1,0,0.20403999183840033,0.0,1.6299530708018772,0.35852480357106176,1,1
cold,1,0,0.20403999183840033,0.0,1.6299530708018772,0.35852480357106176,1,1
terminal,1,0,0.20403999183840033,0.0,1.6299530708018772,0.35852480357106176,1,1
terrifying,1,0,0.20403999183840033,0.0,1.6299530708018772,0.35852480357106176,1,1
territory,1,0,0.20403999183840033,0.0,1.6299530708018772,0.35852480357106176,1,1
they've,1,0,0.20403999183840033,0.0,1.6299530708018772,0.35852480357106176,1,1
classmates,1,0,0.20403999183840033,0.0,1.6299530708018772,0.35852480357106176,1,1
classrooms,1,0,0.20403999183840033,0.0,1.6299530708018772,0.35852480357106176,1,1
clean,1,0,0.20403999183840033,0.0,1.6299530708018772,0.35852480357106176,1,1
clearer,1,0,0.20403999183840033,0.0,1.6299530708018772,0.35852480357106176,1,1
testing,1,0,0.20403999183840033,0.0,1.6299530708018772,0.35852480357106176,1,1
textbooks,1,0,0.20403999183840033,0.0,1.6299530708018772,0.35852480357106176,1,1
greentech,1,0,0.20403999183840033,0.0,1.6299530708018772,0.35852480357106176,1,1
reunite,1,0,0.20403999183840033,0.0,1.6299530708018772,0.35852480357106176,1,1
reveal,1,0,0.20403999183840033,0.0,1.6299530708018772,0.35852480357106176,1,1
reviews,1,0,0.20403999183840033,0.0,1.6299530708018772,0.35852480357106176,1,1
revisit,1,0,0.20403999183840033,0.0,1.6299530708018772,0.35852480357106176,1,1
closure,1,0,0.20403999183840033,0.0,1.6299530708018772,0.35852480357106176,1,1
cloudiest,1,0,0.20403999183840033,0.0,1.6299530708018772,0.35852480357106176,1,1
cocktails,1,0,0.20403999183840033,0.0,1.6299530708018772,0.35852480357106176,1,1
cocoa,1,0,0.20403999183840033,0.0,1.6299530708018772,0.35852480357106176,1,1
resonates,1,0,0.20403999183840033,0.0,1.6299530708018772,0.35852480357106176,1,1
resourcefulness,1,0,0.20403999183840033,0.0,1.6299530708018772,0.35852480357106176,1,1
chore,1,0,0.20403999183840033,0.0,1.6299530708018772,0.35852480357106176,1,1
chores,1,0,0.20403999183840033,0.0,1.6299530708018772,0.35852480357106176,1,1
christmas,1,0,0.20403999183840033,0.0,1.6299530708018772,0.35852480357106176,1,1
chronicles,1,0,0.20403999183840033,0.0,1.6299530708018772,0.35852480357106176,1,1
circle,1,0,0.20403999183840033,0.0,1.6299530708018772,0.35852480357106176,1,1
clarifies,1,0,0.20403999183840033,0.0,1.6299530708018772,0.35852480357106176,1,1
respites,1,0,0.20403999183840033,0.0,1.6299530708018772,0.35852480357106176,1,1
grip,1,0,0.20403999183840033,0.0,1.6299530708018772,0.35852480357106176,1,1
gross,1,0,0.20403999183840033,0.0,1.6299530708018772,0.35852480357106176,1,1
grounding,1,0,0.20403999183840033,0.0,1.6299530708018772,0.35852480357106176,1,1
restrictions,1,0,0.20403999183840033,0.0,1.6299530708018772,0.35852480357106176,1,1
themes,1,0,0.20403999183840033,0.0,1.6299530708018772,0.35852480357106176,1,1
themselves,1,0,0.20403999183840033,0.0,1.6299530708018772,0.35852480357106176,1,1
therapy,1,0,0.20403999183840033,0.0,1.6299530708018772,0.35852480357106176,1,1
reservations,1,0,0.20403999183840033,0.0,1.6299530708018772,0.35852480357106176,1,1
reserve,1,0,0.20403999183840033,0.0,1.6299530708018772,0.35852480357106176,1,1
thoughtlessness,1,0,0.20403999183840033,0.0,1.6299530708018772,0.35852480357106176,1,1
chilly,1,0,0.20403999183840033,0.0,1.6299530708018772,0.35852480357106176,1,1
chip,1,0,0.20403999183840033,0.0,1.6299530708018772,0.35852480357106176,1,1
chocolate,1,0,0.20403999183840033,0.0,1.6299530708018772,0.35852480357106176,1,1
choir,1,0,0.20403999183840033,0.0,1.6299530708018772,0.35852480357106176,1,1
threshold,1,0,0.20403999183840033,0.0,1.6299530708018772,0.35852480357106176,1,1
clever,1,0,0.20403999183840033,0.0,1.6299530708018772,0.35852480357106176,1,1
throwing,1,0,0.20403999183840033,0.0,1.6299530708018772,0.35852480357106176,1,1
thrown,1,0,0.20403999183840033,0.0,1.6299530708018772,0.35852480357106176,1,1
cling,1,0,0.20403999183840033,0.0,1.6299530708018772,0.35852480357106176,1,1
resulted,1,0,0.20403999183840033,0.0,1.6299530708018772,0.35852480357106176,1,1
results,1,0,0.20403999183840033,0.0,1.6299530708018772,0.35852480357106176,1,1
guides,1,0,0.20403999183840033,0.0,1.6299530708018772,0.35852480357106176,1,1
hangout,1,0,0.20403999183840033,0.0,1.6299530708018772,0.35852480357106176,1,1
handle,1,0,0.20403999183840033,0.0,1.6299530708018772,0.35852480357106176,1,1
happily,1,0,0.20403999183840033,0.0,1.6299530708018772,0.35852480357106176,1,1
harmony,1,0,0.20403999183840033,0.0,1.6299530708018772,0.35852480357106176,1,1
reptile,1,0,0.20403999183840033,0.0,1.6299530708018772,0.35852480357106176,1,1
reputation,1,0,0.20403999183840033,0.0,1.6299530708018772,0.35852480357106176,1,1
requests,1,0,0.20403999183840033,0.0,1.6299530708018772,0.35852480357106176,1,1
requirements,1,0,0.20403999183840033,0.0,1.6299530708018772,0.35852480357106176,1,1
reschedule,1,0,0.20403999183840033,0.0,1.6299530708018772,0.35852480357106176,1,1
repeat,1,0,0.20403999183840033,0.0,1.6299530708018772,0.35852480357106176,1,1
replay,1,0,0.20403999183840033,0.0,1.6299530708018772,0.35852480357106176,1,1
reply,1,0,0.20403999183840033,0.0,1.6299530708018772,0.35852480357106176,1,1
reports,1,0,0.20403999183840033,0.0,1.6299530708018772,0.35852480357106176,1,1
haven,1,0,0.20403999183840033,0.0,1.6299530708018772,0.35852480357106176,1,1
responding,1,0,0.20403999183840033,0.0,1.6299530708018772,0.35852480357106176,1,1
responsibly,1,0,0.20403999183840033,0.0,1.6299530708018772,0.35852480357106176,1,1
halfway,1,0,0.20403999183840033,0.0,1.6299530708018772,0.35852480357106176,1,1
charitable,1,0,0.20403999183840033,0.0,1.6299530708018772,0.35852480357106176,1,1
charity,1,0,0.20403999183840033,0.0,1.6299530708018772,0.35852480357106176,1,1
chart,1,0,0.20403999183840033,0.0,1.6299530708018772,0.35852480357106176,1,1
chatted,1,0,0.20403999183840033,0.0,1.6299530708018772,0.35852480357106176,1,1
cheating,1,0,0.20403999183840033,0.0,1.6299530708018772,0.35852480357106176,1,1
ticks,1,0,0.20403999183840033,0.0,1.6299530708018772,0.35852480357106176,1,1
timeless,1,0,0.20403999183840033,0.0,1.6299530708018772,0.35852480357106176,1,1
timelines,1,0,0.20403999183840033,0.0,1.6299530708018772,0.35852480357106176,1,1
tirelessly,1,0,0.20403999183840033,0.0,1.6299530708018772,0.35852480357106176,1,1
tissues,1,0,0.20403999183840033,0.0,1.6299530708018772,0.35852480357106176,1,1
challenged,1,0,0.20403999183840033,0.0,1.6299530708018772,0.35852480357106176,1,1
chameleon,1,0,0.20403999183840033,0.0,1.6299530708018772,0.35852480357106176,1,1
changing,1,0,0.20403999183840033,0.0,1.6299530708018772,0.35852480357106176,1,1
ti,1,0,0.20403999183840033,0.0,1.6299530708018772,0.35852480357106176,1,1
chemistry,1,0,0.20403999183840033,0.0,1.6299530708018772,0.35852480357106176,1,1
handing,1,0,0.20403999183840033,0.0,1.6299530708018772,0.35852480357106176,1,1
headed,1,0,0.20403999183840033,0.0,1.6299530708018772,0.35852480357106176,1,1
heads,1,0,0.20403999183840033,0.0,1.6299530708018772,0.35852480357106176,1,1
headspace,1,0,0.20403999183840033,0.0,1.6299530708018772,0.35852480357106176,1,1
heartbeat,1,0,0.20403999183840033,0.0,1.6299530708018772,0.35852480357106176,1,1
toddler,1,0,0.20403999183840033,0.0,1.6299530708018772,0.35852480357106176,1,1
toe,1,0,0.20403999183840033,0.0,1.6299530708018772,0.35852480357106176,1,1
token,1,0,0.20403999183840033,0.0,1.6299530708018772,0.35852480357106176,1,1
tolle's,1,0,0.20403999183840033,0.0,1.6299530708018772,0.35852480357106176,1,1
tom,1,0,0.20403999183840033,0.0,1.6299530708018772,0.35852480357106176,1,1
tomorrows,1,0,0.20403999183840033,0.0,1.6299530708018772,0.35852480357106176,1,1
ceiling,1,0,0.20403999183840033,0.0,1.6299530708018772,0.35852480357106176,1,1
hearty,1,0,0.20403999183840033,0.0,1.6299530708018772,0.35852480357106176,1,1
rental,1,0,0.20403999183840033,0.0,1.6299530708018772,0.35852480357106176,1,1
haves,1,0,0.20403999183840033,0.0,1.6299530708018772,0.35852480357106176,1,1
hay,1,0,0.20403999183840033,0.0,1.6299530708018772,0.35852480357106176,1,1
characters,1,0,0.20403999183840033,0.0,1.6299530708018772,0.35852480357106176,1,1
reminiscing,1,0,0.20403999183840033,0.0,1.6299530708018772,0.35852480357106176,1,1
renewable,1,0,0.20403999183840033,0.0,1.6299530708018772,0.35852480357106176,1,1
heavenly,1,0,0.20403999183840033,0.0,1.6299530708018772,0.35852480357106176,1,1
heavily,1,0,0.20403999183840033,0.0,1.6299530708018772,0.35852480357106176,1,1
nuts,1,0,0.20403999183840033,0.0,1.6299530708018772,0.35852480357106176,1,1
nuzzles,1,0,0.20403999183840033,0.0,1.6299530708018772,0.35852480357106176,1,1
oak,1,0,0.20403999183840033,0.0,1.6299530708018772,0.35852480357106176,1,1
objectives,1,0,0.20403999183840033,0.0,1.6299530708018772,0.35852480357106176,1,1
obsessively,1,0,0.20403999183840033,0.0,1.6299530708018772,0.35852480357106176,1,1
multiple,1,0,0.20403999183840033,0.0,1.6299530708018772,0.35852480357106176,1,1
mum's,1,0,0.20403999183840033,0.0,1.6299530708018772,0.35852480357106176,1,1
murals,1,0,0.20403999183840033,0.0,1.6299530708018772,0.35852480357106176,1,1
museum,1,0,0.20403999183840033,0.0,1.6299530708018772,0.35852480357106176,1,1
occasion,1,0,0.20403999183840033,0.0,1.6299530708018772,0.35852480357106176,1,1
channeled,1,0,0.20403999183840033,0.0,1.6299530708018772,0.35852480357106176,1,1
chicago,1,0,0.20403999183840033,0.0,1.6299530708018772,0.35852480357106176,1,1
reminisce,1,0,0.20403999183840033,0.0,1.6299530708018772,0.35852480357106176,1,1
enjoys,1,0,0.20403999183840033,0.0,1.6299530708018772,0.35852480357106176,1,1
enrich,1,0,0.20403999183840033,0.0,1.6299530708018772,0.35852480357106176,1,1
enriches,1,0,0.20403999183840033,0.0,1.6299530708018772,0.35852480357106176,1,1
snotty,1,0,0.20403999183840033,0.0,1.6299530708018772,0.35852480357106176,1,1
snowfall,1,0,0.20403999183840033,0.0,1.6299530708018772,0.35852480357106176,1,1
soak,1,0,0.20403999183840033,0.0,1.6299530708018772,0.35852480357106176,1,1
entered,1,0,0.20403999183840033,0.0,1.6299530708018772,0.35852480357106176,1,1
entrusted,1,0,0.20403999183840033,0.0,1.6299530708018772,0.35852480357106176,1,1
environmental,1,0,0.20403999183840033,0.0,1.6299530708018772,0.35852480357106176,1,1
episodes,1,0,0.20403999183840033,0.0,1.6299530708018772,0.35852480357106176,1,1
errand,1,0,0.20403999183840033,0.0,1.6299530708018772,0.35852480357106176,1,1
error,1,0,0.20403999183840033,0.0,1.6299530708018772,0.35852480357106176,1,1
driveway,1,0,0.20403999183840033,0.0,1.6299530708018772,0.35852480357106176,1,1
eckhart,1,0,0.20403999183840033,0.0,1.6299530708018772,0.35852480357106176,1,1
enduring,1,0,0.20403999183840033,0.0,1.6299530708018772,0.35852480357106176,1,1
reliving,1,0,0.20403999183840033,0.0,1.6299530708018772,0.35852480357106176,1,1
relocating,1,0,0.20403999183840033,0.0,1.6299530708018772,0.35852480357106176,1,1
remaining,1,0,0.20403999183840033,0.0,1.6299530708018772,0.35852480357106176,1,1
remarks,1,0,0.20403999183840033,0.0,1.6299530708018772,0.35852480357106176,1,1
herbs,1,0,0.20403999183840033,0.0,1.6299530708018772,0.35852480357106176,1,1
heritage,1,0,0.20403999183840033,0.0,1.6299530708018772,0.35852480357106176,1,1
hide,1,0,0.20403999183840033,0.0,1.6299530708018772,0.35852480357106176,1,1
tougher,1,0,0.20403999183840033,0.0,1.6299530708018772,0.35852480357106176,1,1
center,1,0,0.20403999183840033,0.0,1.6299530708018772,0.35852480357106176,1,1
cart,1,0,0.20403999183840033,0.0,1.6299530708018772,0.35852480357106176,1,1
casework,1,0,0.20403999183840033,0.0,1.6299530708018772,0.35852480357106176,1,1
casual,1,0,0.20403999183840033,0.0,1.6299530708018772,0.35852480357106176,1,1
ton,1,0,0.20403999183840033,0.0,1.6299530708018772,0.35852480357106176,1,1
tools,1,0,0.20403999183840033,0.0,1.6299530708018772,0.35852480357106176,1,1
outcome,1,0,0.20403999183840033,0.0,1.6299530708018772,0.35852480357106176,1,1
outings,1,0,0.20403999183840033,0.0,1.6299530708018772,0.35852480357106176,1,1
hobby,1,0,0.20403999183840033,0.0,1.6299530708018772,0.35852480357106176,1,1
holidays,1,0,0.20403999183840033,0.0,1.6299530708018772,0.35852480357106176,1,1
hollow,1,0,0.20403999183840033,0.0,1.6299530708018772,0.35852480357106176,1,1
outlasting,1,0,0.20403999183840033,0.0,1.6299530708018772,0.35852480357106176,1,1
outlook,1,0,0.20403999183840033,0.0,1.6299530708018772,0.35852480357106176,1,1
outnumbered,1,0,0.20403999183840033,0.0,1.6299530708018772,0.35852480357106176,1,1
outreach,1,0,0.20403999183840033,0.0,1.6299530708018772,0.35852480357106176,1,1
overcommitting,1,0,0.20403999183840033,0.0,1.6299530708018772,0.35852480357106176,1,1
mentioned,1,0,0.20403999183840033,0.0,1.6299530708018772,0.35852480357106176,1,1
mentorship,1,0,0.20403999183840033,0.0,1.6299530708018772,0.35852480357106176,1,1
merge,1,0,0.20403999183840033,0.0,1.6299530708018772,0.35852480357106176,1,1
highs,1,0,0.20403999183840033,0.0,1.6299530708018772,0.35852480357106176,1,1
highways,1,0,0.20403999183840033,0.0,1.6299530708018772,0.35852480357106176,1,1
hike,1,0,0.20403999183840033,0.0,1.6299530708018772,0.35852480357106176,1,1
hills,1,0,0.20403999183840033,0.0,1.6299530708018772,0.35852480357106176,1,1
relief,1,0,0.20403999183840033,0.0,1.6299530708018772,0.35852480357106176,1,1
rehearse,1,0,0.20403999183840033,0.0,1.6299530708018772,0.35852480357106176,1,1
reinforces,1,0,0.20403999183840033,0.0,1.6299530708018772,0.35852480357106176,1,1
relaxed,1,0,0.20403999183840033,0.0,1.6299530708018772,0.35852480357106176,1,1
regained,1,0,0.20403999183840033,0.0,1.6299530708018772,0.35852480357106176,1,1
reluctance,1,0,0.20403999183840033,0.0,1.6299530708018772,0.35852480357106176,1,1
capturing,1,0,0.20403999183840033,0.0,1.6299530708018772,0.35852480357106176,1,1
caramel,1,0,0.20403999183840033,0.0,1.6299530708018772,0.35852480357106176,1,1
topic,1,0,0.20403999183840033,0.0,1.6299530708018772,0.35852480357106176,1,1
tossing,1,0,0.20403999183840033,0.0,1.6299530708018772,0.35852480357106176,1,1
careful,1,0,0.20403999183840033,0.0,1.6299530708018772,0.35852480357106176,1,1
cares,1,0,0.20403999183840033,0.0,1.6299530708018772,0.35852480357106176,1,1
carnival,1,0,0.20403999183840033,0.0,1.6299530708018772,0.35852480357106176,1,1
carols,1,0,0.20403999183840033,0.0,1.6299530708018772,0.35852480357106176,1,1
cars,1,0,0.20403999183840033,0.0,1.6299530708018772,0.35852480357106176,1,1
relied,1,0,0.20403999183840033,0.0,1.6299530708018772,0.35852480357106176,1,1
hitting,1,0,0.20403999183840033,0.0,1.6299530708018772,0.35852480357106176,1,1
hoped,1,0,0.20403999183840033,0.0,1.6299530708018772,0.35852480357106176,1,1
hopelessly,1,0,0.20403999183840033,0.0,1.6299530708018772,0.35852480357106176,1,1
hospitalization,1,0,0.20403999183840033,0.0,1.6299530708018772,0.35852480357106176,1,1
host,1,0,0.20403999183840033,0.0,1.6299530708018772,0.35852480357106176,1,1
trademark,1,0,0.20403999183840033,0.0,1.6299530708018772,0.35852480357106176,1,1
traffic,1,0,0.20403999183840033,0.0,1.6299530708018772,0.35852480357106176,1,1
tour,1,0,0.20403999183840033,0.0,1.6299530708018772,0.35852480357106176,1,1
touring,1,0,0.20403999183840033,0.0,1.6299530708018772,0.35852480357106176,1,1
towers,1,0,0.20403999183840033,0.0,1.6299530708018772,0.35852480357106176,1,1
toy,1,0,0.20403999183840033,0.0,1.6299530708018772,0.35852480357106176,1,1
capability,1,0,0.20403999183840033,0.0,1.6299530708018772,0.35852480357106176,1,1
caps,1,0,0.20403999183840033,0.0,1.6299530708018772,0.35852480357106176,1,1
captivate,1,0,0.20403999183840033,0.0,1.6299530708018772,0.35852480357106176,1,1
captivating,1,0,0.20403999183840033,0.0,1.6299530708018772,0.35852480357106176,1,1
honeymoon,1,0,0.20403999183840033,0.0,1.6299530708018772,0.35852480357106176,1,1
regretful,1,0,0.20403999183840033,0.0,1.6299530708018772,0.35852480357106176,1,1
training,1,0,0.20403999183840033,0.0,1.6299530708018772,0.35852480357106176,1,1
transform,1,0,0.20403999183840033,0.0,1.6299530708018772,0.35852480357106176,1,1
transported,1,0,0.20403999183840033,0.0,1.6299530708018772,0.35852480357106176,1,1
cafes,1,0,0.20403999183840033,0.0,1.6299530708018772,0.35852480357106176,1,1
calming,1,0,0.20403999183840033,0.0,1.6299530708018772,0.35852480357106176,1,1
regaining,1,0,0.20403999183840033,0.0,1.6299530708018772,0.35852480357106176,1,1
regaled,1,0,0.20403999183840033,0.0,1.6299530708018772,0.35852480357106176,1,1
calmly,1,0,0.20403999183840033,0.0,1.6299530708018772,0.35852480357106176,1,1
traveled,1,0,0.20403999183840033,0.0,1.6299530708018772,0.35852480357106176,1,1
traveler,1,0,0.20403999183840033,0.0,1.6299530708018772,0.35852480357106176,1,1
campaigns,1,0,0.20403999183840033,0.0,1.6299530708018772,0.35852480357106176,1,1
cancer,1,0,0.20403999183840033,0.0,1.6299530708018772,0.35852480357106176,1,1
canvases,1,0,0.20403999183840033,0.0,1.6299530708018772,0.35852480357106176,1,1
track,1,0,0.20403999183840033,0.0,1.6299530708018772,0.35852480357106176,1,1
hooked,1,0,0.20403999183840033,0.0,1.6299530708018772,0.35852480357106176,1,1
hop,1,0,0.20403999183840033,0.0,1.6299530708018772,0.35852480357106176,1,1
humbled,1,0,0.20403999183840033,0.0,1.6299530708018772,0.35852480357106176,1,1
humbles,1,0,0.20403999183840033,0.0,1.6299530708018772,0.35852480357106176,1,1
humorous,1,0,0.20403999183840033,0.0,1.6299530708018772,0.35852480357106176,1,1
hunger,1,0,0.20403999183840033,0.0,1.6299530708018772,0.35852480357106176,1,1
reconnection,1,0,0.20403999183840033,0.0,1.6299530708018772,0.35852480357106176,1,1
recover,1,0,0.20403999183840033,0.0,1.6299530708018772,0.35852480357106176,1,1
red,1,0,0.20403999183840033,0.0,1.6299530708018772,0.35852480357106176,1,1
reduce,1,0,0.20403999183840033,0.0,1.6299530708018772,0.35852480357106176,1,1
homemade,1,0,0.20403999183840033,0.0,1.6299530708018772,0.35852480357106176,1,1
hometown,1,0,0.20403999183840033,0.0,1.6299530708018772,0.35852480357106176,1,1
refining,1,0,0.20403999183840033,0.0,1.6299530708018772,0.35852480357106176,1,1
hosting,1,0,0.20403999183840033,0.0,1.6299530708018772,0.35852480357106176,1,1
butter,1,0,0.20403999183840033,0.0,1.6299530708018772,0.35852480357106176,1,1
buying,1,0,0.20403999183840033,0.0,1.6299530708018772,0.35852480357106176,1,1
buzz,1,0,0.20403999183840033,0.0,1.6299530708018772,0.35852480357106176,1,1
cafe,1,0,0.20403999183840033,0.0,1.6299530708018772,0.35852480357106176,1,1
tribute,1,0,0.20403999183840033,0.0,1.6299530708018772,0.35852480357106176,1,1
triggered,1,0,0.20403999183840033,0.0,1.6299530708018772,0.35852480357106176,1,1
traveling,1,0,0.20403999183840033,0.0,1.6299530708018772,0.35852480357106176,1,1
treatment,1,0,0.20403999183840033,0.0,1.6299530708018772,0.35852480357106176,1,1
trembling,1,0,0.20403999183840033,0.0,1.6299530708018772,0.35852480357106176,1,1
businesses,1,0,0.20403999183840033,0.0,1.6299530708018772,0.35852480357106176,1,1
bustling,1,0,0.20403999183840033,0.0,1.6299530708018772,0.35852480357106176,1,1
reconnected,1,0,0.20403999183840033,0.0,1.6299530708018772,0.35852480357106176,1,1
hurdle,1,0,0.20403999183840033,0.0,1.6299530708018772,0.35852480357106176,1,1
hustle,1,0,0.20403999183840033,0.0,1.6299530708018772,0.35852480357106176,1,1
hot,1,0,0.20403999183840033,0.0,1.6299530708018772,0.35852480357106176,1,1
housing,1,0,0.20403999183840033,0.0,1.6299530708018772,0.35852480357106176,1,1
reflection,1,0,0.20403999183840033,0.0,1.6299530708018772,0.35852480357106176,1,1
refresh,1,0,0.20403999183840033,0.0,1.6299530708018772,0.35852480357106176,1,1
refreshing,1,0,0.20403999183840033,0.0,1.6299530708018772,0.35852480357106176,1,1
refusing,1,0,0.20403999183840033,0.0,1.6299530708018772,0.35852480357106176,1,1
buddies,1,0,0.20403999183840033,0.0,1.6299530708018772,0.35852480357106176,1,1
budgets,1,0,0.20403999183840033,0.0,1.6299530708018772,0.35852480357106176,1,1
burger,1,0,0.20403999183840033,0.0,1.6299530708018772,0.35852480357106176,1,1
burgers,1,0,0.20403999183840033,0.0,1.6299530708018772,0.35852480357106176,1,1
burnt,1,0,0.20403999183840033,0.0,1.6299530708018772,0.35852480357106176,1,1
burst,1,0,0.20403999183840033,0.0,1.6299530708018772,0.35852480357106176,1,1
busiest,1,0,0.20403999183840033,0.0,1.6299530708018772,0.35852480357106176,1,1
trespasses,1,0,0.20403999183840033,0.0,1.6299530708018772,0.35852480357106176,1,1
ignite,1,0,0.20403999183840033,0.0,1.6299530708018772,0.35852480357106176,1,1
ignites,1,0,0.20403999183840033,0.0,1.6299530708018772,0.35852480357106176,1,1
ignored,1,0,0.20403999183840033,0.0,1.6299530708018772,0.35852480357106176,1,1
referee's,1,0,0.20403999183840033,0.0,1.6299530708018772,0.35852480357106176,1,1
recognition,1,0,0.20403999183840033,0.0,1.6299530708018772,0.35852480357106176,1,1
recognized,1,0,0.20403999183840033,0.0,1.6299530708018772,0.35852480357106176,1,1
recognizes,1,0,0.20403999183840033,0.0,1.6299530708018772,0.35852480357106176,1,1
recommending,1,0,0.20403999183840033,0.0,1.6299530708018772,0.35852480357106176,1,1
rebecca,1,0,0.20403999183840033,0.0,1.6299530708018772,0.35852480357106176,1,1
rebuilt,1,0,0.20403999183840033,0.0,1.6299530708018772,0.35852480357106176,1,1
brink,1,0,0.20403999183840033,0.0,1.6299530708018772,0.35852480357106176,1,1
broadcasting,1,0,0.20403999183840033,0.0,1.6299530708018772,0.35852480357106176,1,1
trusted,1,0,0.20403999183840033,0.0,1.6299530708018772,0.35852480357106176,1,1
triumphant,1,0,0.20403999183840033,0.0,1.6299530708018772,0.35852480357106176,1,1
troubleshoot,1,0,0.20403999183840033,0.0,1.6299530708018772,0.35852480357106176,1,1
brunches,1,0,0.20403999183840033,0.0,1.6299530708018772,0.35852480357106176,1,1
brush,1,0,0.20403999183840033,0.0,1.6299530708018772,0.35852480357106176,1,1
brushes,1,0,0.20403999183840033,0.0,1.6299530708018772,0.35852480357106176,1,1
immeasurable,1,0,0.20403999183840033,0.0,1.6299530708018772,0.35852480357106176,1,1
immensely,1,0,0.20403999183840033,0.0,1.6299530708018772,0.35852480357106176,1,1
hymn,1,0,0.20403999183840033,0.0,1.6299530708018772,0.35852480357106176,1,1
hype,1,0,0.20403999183840033,0.0,1.6299530708018772,0.35852480357106176,1,1
hypotheses,1,0,0.20403999183840033,0.0,1.6299530708018772,0.35852480357106176,1,1
identify,1,0,0.20403999183840033,0.0,1.6299530708018772,0.35852480357106176,1,1
bridge,1,0,0.20403999183840033,0.0,1.6299530708018772,0.35852480357106176,1,1
tutoring,1,0,0.20403999183840033,0.0,1.6299530708018772,0.35852480357106176,1,1
brightening,1,0,0.20403999183840033,0.0,1.6299530708018772,0.35852480357106176,1,1
brightest,1,0,0.20403999183840033,0.0,1.6299530708018772,0.35852480357106176,1,1
brightside,1,0,0.20403999183840033,0.0,1.6299530708018772,0.35852480357106176,1,1
brightwave,1,0,0.20403999183840033,0.0,1.6299530708018772,0.35852480357106176,1,1
brilliantly,1,0,0.20403999183840033,0.0,1.6299530708018772,0.35852480357106176,1,1
bragged,1,0,0.20403999183840033,0.0,1.6299530708018772,0.35852480357106176,1,1
bravely,1,0,0.20403999183840033,0.0,1.6299530708018772,0.35852480357106176,1,1
trusty,1,0,0.20403999183840033,0.0,1.6299530708018772,0.35852480357106176,1,1
truthfully,1,0,0.20403999183840033,0.0,1.6299530708018772,0.35852480357106176,1,1
breathtaking,1,0,0.20403999183840033,0.0,1.6299530708018772,0.35852480357106176,1,1
imparted,1,0,0.20403999183840033,0.0,1.6299530708018772,0.35852480357106176,1,1
reception,1,0,0.20403999183840033,0.0,1.6299530708018772,0.35852480357106176,1,1
recharging,1,0,0.20403999183840033,0.0,1.6299530708018772,0.35852480357106176,1,1
reclaim,1,0,0.20403999183840033,0.0,1.6299530708018772,0.35852480357106176,1,1
rearranging,1,0,0.20403999183840033,0.0,1.6299530708018772,0.35852480357106176,1,1
improved,1,0,0.20403999183840033,0.0,1.6299530708018772,0.35852480357106176,1,1
impulsive,1,0,0.20403999183840033,0.0,1.6299530708018772,0.35852480357106176,1,1
impulsively,1,0,0.20403999183840033,0.0,1.6299530708018772,0.35852480357106176,1,1
inappropriate,1,0,0.20403999183840033,0.0,1.6299530708018772,0.35852480357106176,1,1
include,1,0,0.20403999183840033,0.0,1.6299530708018772,0.35852480357106176,1,1
included,1,0,0.20403999183840033,0.0,1.6299530708018772,0.35852480357106176,1,1
incorrect,1,0,0.20403999183840033,0.0,1.6299530708018772,0.35852480357106176,1,1
readers,1,0,0.20403999183840033,0.0,1.6299530708018772,0.35852480357106176,1,1
readings,1,0,0.20403999183840033,0.0,1.6299530708018772,0.35852480357106176,1,1
realistic,1,0,0.20403999183840033,0.0,1.6299530708018772,0.35852480357106176,1,1
rates,1,0,0.20403999183840033,0.0,1.6299530708018772,0.35852480357106176,1,1
ray,1,0,0.20403999183840033,0.0,1.6299530708018772,0.35852480357106176,1,1
immersed,1,0,0.20403999183840033,0.0,1.6299530708018772,0.35852480357106176,1,1
immigrants,1,0,0.20403999183840033,0.0,1.6299530708018772,0.35852480357106176,1,1
impacting,1,0,0.20403999183840033,0.0,1.6299530708018772,0.35852480357106176,1,1
boundaries,1,0,0.20403999183840033,0.0,1.6299530708018772,0.35852480357106176,1,1
boundary,1,0,0.20403999183840033,0.0,1.6299530708018772,0.35852480357106176,1,1
umbrella,1,0,0.20403999183840033,0.0,1.6299530708018772,0.35852480357106176,1,1
un,1,0,0.20403999183840033,0.0,1.6299530708018772,0.35852480357106176,1,1
unable,1,0,0.20403999183840033,0.0,1.6299530708018772,0.35852480357106176,1,1
unapologetic,1,0,0.20403999183840033,0.0,1.6299530708018772,0.35852480357106176,1,1
tweak,1,0,0.20403999183840033,0.0,1.6299530708018772,0.35852480357106176,1,1
twists,1,0,0.20403999183840033,0.0,1.6299530708018772,0.35852480357106176,1,1
infamous,1,0,0.20403999183840033,0.0,1.6299530708018772,0.35852480357106176,1,1
influence,1,0,0.20403999183840033,0.0,1.6299530708018772,0.35852480357106176,1,1
imprint,1,0,0.20403999183840033,0.0,1.6299530708018772,0.35852480357106176,1,1
instruction,1,0,0.20403999183840033,0.0,1.6299530708018772,0.35852480357106176,1,1
instructions,1,0,0.20403999183840033,0.0,1.6299530708018772,0.35852480357106176,1,1
injury,1,0,0.20403999183840033,0.0,1.6299530708018772,0.35852480357106176,1,1
rearrange,1,0,0.20403999183840033,0.0,1.6299530708018772,0.35852480357106176,1,1
rearranged,1,0,0.20403999183840033,0.0,1.6299530708018772,0.35852480357106176,1,1
ins,1,0,0.20403999183840033,0.0,1.6299530708018772,0.35852480357106176,1,1
insensitive,1,0,0.20403999183840033,0.0,1.6299530708018772,0.35852480357106176,1,1
insightful,1,0,0.20403999183840033,0.0,1.6299530708018772,0.35852480357106176,1,1
nudge,1,0,0.20403999183840033,0.0,1.6299530708018772,0.35852480357106176,1,1
nudging,1,0,0.20403999183840033,0.0,1.6299530708018772,0.35852480357106176,1,1
nag,1,0,0.20403999183840033,0.0,1.6299530708018772,0.35852480357106176,1,1
napkins,1,0,0.20403999183840033,0.0,1.6299530708018772,0.35852480357106176,1,1
navigating,1,0,0.20403999183840033,0.0,1.6299530708018772,0.35852480357106176,1,1
nurtures,1,0,0.20403999183840033,0.0,1.6299530708018772,0.35852480357106176,1,1
boosted,1,0,0.20403999183840033,0.0,1.6299530708018772,0.35852480357106176,1,1
boosting,1,0,0.20403999183840033,0.0,1.6299530708018772,0.35852480357106176,1,1
insincere,1,0,0.20403999183840033,0.0,1.6299530708018772,0.35852480357106176,1,1
insistence,1,0,0.20403999183840033,0.0,1.6299530708018772,0.35852480357106176,1,1
interaction,1,0,0.20403999183840033,0.0,1.6299530708018772,0.35852480357106176,1,1
radiate,1,0,0.20403999183840033,0.0,1.6299530708018772,0.35852480357106176,1,1
indelible,1,0,0.20403999183840033,0.0,1.6299530708018772,0.35852480357106176,1,1
raged,1,0,0.20403999183840033,0.0,1.6299530708018772,0.35852480357106176,1,1
rallied,1,0,0.20403999183840033,0.0,1.6299530708018772,0.35852480357106176,1,1
unconditional,1,0,0.20403999183840033,0.0,1.6299530708018772,0.35852480357106176,1,1
unbridled,1,0,0.20403999183840033,0.0,1.6299530708018772,0.35852480357106176,1,1
uncalled,1,0,0.20403999183840033,0.0,1.6299530708018772,0.35852480357106176,1,1
blooms,1,0,0.20403999183840033,0.0,1.6299530708018772,0.35852480357106176,1,1
blow,1,0,0.20403999183840033,0.0,1.6299530708018772,0.35852480357106176,1,1
blues,1,0,0.20403999183840033,0.0,1.6299530708018772,0.35852480357106176,1,1
bok,1,0,0.20403999183840033,0.0,1.6299530708018772,0.35852480357106176,1,1
boldly,1,0,0.20403999183840033,0.0,1.6299530708018772,0.35852480357106176,1,1
novak,1,0,0.20403999183840033,0.0,1.6299530708018772,0.35852480357106176,1,1
instilling,1,0,0.20403999183840033,0.0,1.6299530708018772,0.35852480357106176,1,1
instincts,1,0,0.20403999183840033,0.0,1.6299530708018772,0.35852480357106176,1,1
instructed,1,0,0.20403999183840033,0.0,1.6299530708018772,0.35852480357106176,1,1
race,1,0,0.20403999183840033,0.0,1.6299530708018772,0.35852480357106176,1,1
innovations,1,0,0.20403999183840033,0.0,1.6299530708018772,0.35852480357106176,1,1
education,1,0,0.20403999183840033,0.0,1.6299530708018772,0.35852480357106176,1,1
insults,1,0,0.20403999183840033,0.0,1.6299530708018772,0.35852480357106176,1,1
intelligence,1,0,0.20403999183840033,0.0,1.6299530708018772,0.35852480357106176,1,1
intend,1,0,0.20403999183840033,0.0,1.6299530708018772,0.35852480357106176,1,1
bind,1,0,0.20403999183840033,0.0,1.6299530708018772,0.35852480357106176,1,1
blend,1,0,0.20403999183840033,0.0,1.6299530708018772,0.35852480357106176,1,1
blink,1,0,0.20403999183840033,0.0,1.6299530708018772,0.35852480357106176,1,1
blissfully,1,0,0.20403999183840033,0.0,1.6299530708018772,0.35852480357106176,1,1
block,1,0,0.20403999183840033,0.0,1.6299530708018772,0.35852480357106176,1,1
bloomed,1,0,0.20403999183840033,0.0,1.6299530708018772,0.35852480357106176,1,1
blooming,1,0,0.20403999183840033,0.0,1.6299530708018772,0.35852480357106176,1,1
uncertainties,1,0,0.20403999183840033,0.0,1.6299530708018772,0.35852480357106176,1,1
uncharted,1,0,0.20403999183840033,0.0,1.6299530708018772,0.35852480357106176,1,1
unclear,1,0,0.20403999183840033,0.0,1.6299530708018772,0.35852480357106176,1,1
intensive,1,0,0.20403999183840033,0.0,1.6299530708018772,0.35852480357106176,1,1
radiated,1,0,0.20403999183840033,0.0,1.6299530708018772,0.35852480357106176,1,1
radiance,1,0,0.20403999183840033,0.0,1.6299530708018772,0.35852480357106176,1,1
energetic,1,0,0.20403999183840033,0.0,1.6299530708018772,0.35852480357106176,1,1
energized,1,0,0.20403999183840033,0.0,1.6299530708018772,0.35852480357106176,1,1
songs,1,0,0.20403999183840033,0.0,1.6299530708018772,0.35852480357106176,1,1
social,1,0,0.20403999183840033,0.0,1.6299530708018772,0.35852480357106176,1,1
soldier,1,0,0.20403999183840033,0.0,1.6299530708018772,0.35852480357106176,1,1
solicitor,1,0,0.20403999183840033,0.0,1.6299530708018772,0.35852480357106176,1,1
solidified,1,0,0.20403999183840033,0.0,1.6299530708018772,0.35852480357106176,1,1
staff,1,0,0.20403999183840033,0.0,1.6299530708018772,0.35852480357106176,1,1
stage,1,0,0.20403999183840033,0.0,1.6299530708018772,0.35852480357106176,1,1
stages,1,0,0.20403999183840033,0.0,1.6299530708018772,0.35852480357106176,1,1
stalled,1,0,0.20403999183840033,0.0,1.6299530708018772,0.35852480357106176,1,1
stalwart,1,0,0.20403999183840033,0.0,1.6299530708018772,0.35852480357106176,1,1
earned,1,0,0.20403999183840033,0.0,1.6299530708018772,0.35852480357106176,1,1
easily,1,0,0.20403999183840033,0.0,1.6299530708018772,0.35852480357106176,1,1
endeavors,1,0,0.20403999183840033,0.0,1.6299530708018772,0.35852480357106176,1,1
intentional,1,0,0.20403999183840033,0.0,1.6299530708018772,0.35852480357106176,1,1
puzzles,1,0,0.20403999183840033,0.0,1.6299530708018772,0.35852480357106176,1,1
quad,1,0,0.20403999183840033,0.0,1.6299530708018772,0.35852480357106176,1,1
que,1,0,0.20403999183840033,0.0,1.6299530708018772,0.35852480357106176,1,1
queasy,1,0,0.20403999183840033,0.0,1.6299530708018772,0.35852480357106176,1,1
interesting,1,0,0.20403999183840033,0.0,1.6299530708018772,0.35852480357106176,1,1
intrigued,1,0,0.20403999183840033,0.0,1.6299530708018772,0.35852480357106176,1,1
intruders,1,0,0.20403999183840033,0.0,1.6299530708018772,0.35852480357106176,1,1
questionable,1,0,0.20403999183840033,0.0,1.6299530708018772,0.35852480357106176,1,1
purchasing,1,0,0.20403999183840033,0.0,1.6299530708018772,0.35852480357106176,1,1
pursuing,1,0,0.20403999183840033,0.0,1.6299530708018772,0.35852480357106176,1,1
inventing,1,0,0.20403999183840033,0.0,1.6299530708018772,0.35852480357106176,1,1
invest,1,0,0.20403999183840033,0.0,1.6299530708018772,0.35852480357106176,1,1
invites,1,0,0.20403999183840033,0.0,1.6299530708018772,0.35852480357106176,1,1
invoice,1,0,0.20403999183840033,0.0,1.6299530708018772,0.35852480357106176,1,1
raced,1,0,0.20403999183840033,0.0,1.6299530708018772,0.35852480357106176,1,1
irish,1,0,0.20403999183840033,0.0,1.6299530708018772,0.35852480357106176,1,1
unflagging,1,0,0.20403999183840033,0.0,1.6299530708018772,0.35852480357106176,1,1
undeniable,1,0,0.20403999183840033,0.0,1.6299530708018772,0.35852480357106176,1,1
underestimate,1,0,0.20403999183840033,0.0,1.6299530708018772,0.35852480357106176,1,1
underestimated,1,0,0.20403999183840033,0.0,1.6299530708018772,0.35852480357106176,1,1
underestimating,1,0,0.20403999183840033,0.0,1.6299530708018772,0.35852480357106176,1,1
undermine,1,0,0.20403999183840033,0.0,1.6299530708018772,0.35852480357106176,1,1
understandably,1,0,0.20403999183840033,0.0,1.6299530708018772,0.35852480357106176,1,1
bikes,1,0,0.20403999183840033,0.0,1.6299530708018772,0.35852480357106176,1,1
bills,1,0,0.20403999183840033,0.0,1.6299530708018772,0.35852480357106176,1,1
proudly,1,0,0.20403999183840033,0.0,1.6299530708018772,0.35852480357106176,1,1
proven,1,0,0.20403999183840033,0.0,1.6299530708018772,0.35852480357106176,1,1
italian,1,0,0.20403999183840033,0.0,1.6299530708018772,0.35852480357106176,1,1
jameson,1,0,0.20403999183840033,0.0,1.6299530708018772,0.35852480357106176,1,1
published,1,0,0.20403999183840033,0.0,1.6299530708018772,0.35852480357106176,1,1
publishing,1,0,0.20403999183840033,0.0,1.6299530708018772,0.35852480357106176,1,1
override,1,0,0.20403999183840033,0.0,1.6299530708018772,0.35852480357106176,1,1
pulling,1,0,0.20403999183840033,0.0,1.6299530708018772,0.35852480357106176,1,1
puns,1,0,0.20403999183840033,0.0,1.6299530708018772,0.35852480357106176,1,1
unimportant,1,0,0.20403999183840033,0.0,1.6299530708018772,0.35852480357106176,1,1
uniqueness,1,0,0.20403999183840033,0.0,1.6299530708018772,0.35852480357106176,1,1
unison,1,0,0.20403999183840033,0.0,1.6299530708018772,0.35852480357106176,1,1
betray,1,0,0.20403999183840033,0.0,1.6299530708018772,0.35852480357106176,1,1
betrayal,1,0,0.20403999183840033,0.0,1.6299530708018772,0.35852480357106176,1,1
undervalued,1,0,0.20403999183840033,0.0,1.6299530708018772,0.35852480357106176,1,1
unemployment,1,0,0.20403999183840033,0.0,1.6299530708018772,0.35852480357106176,1,1
unfamiliar,1,0,0.20403999183840033,0.0,1.6299530708018772,0.35852480357106176,1,1
pup,1,0,0.20403999183840033,0.0,1.6299530708018772,0.35852480357106176,1,1
proofread,1,0,0.20403999183840033,0.0,1.6299530708018772,0.35852480357106176,1,1
propel,1,0,0.20403999183840033,0.0,1.6299530708018772,0.35852480357106176,1,1
jazz,1,0,0.20403999183840033,0.0,1.6299530708018772,0.35852480357106176,1,1
jelly,1,0,0.20403999183840033,0.0,1.6299530708018772,0.35852480357106176,1,1
journeys,1,0,0.20403999183840033,0.0,1.6299530708018772,0.35852480357106176,1,1
jeopardizing,1,0,0.20403999183840033,0.0,1.6299530708018772,0.35852480357106176,1,1
jessica,1,0,0.20403999183840033,0.0,1.6299530708018772,0.35852480357106176,1,1
jo,1,0,0.20403999183840033,0.0,1.6299530708018772,0.35852480357106176,1,1
protection,1,0,0.20403999183840033,0.0,1.6299530708018772,0.35852480357106176,1,1
beauties,1,0,0.20403999183840033,0.0,1.6299530708018772,0.35852480357106176,1,1
unfolding,1,0,0.20403999183840033,0.0,1.6299530708018772,0.35852480357106176,1,1
belly,1,0,0.20403999183840033,0.0,1.6299530708018772,0.35852480357106176,1,1
belonging,1,0,0.20403999183840033,0.0,1.6299530708018772,0.35852480357106176,1,1
beneficial,1,0,0.20403999183840033,0.0,1.6299530708018772,0.35852480357106176,1,1
unheard,1,0,0.20403999183840033,0.0,1.6299530708018772,0.35852480357106176,1,1
meticulous,1,0,0.20403999183840033,0.0,1.6299530708018772,0.35852480357106176,1,1
meets,1,0,0.20403999183840033,0.0,1.6299530708018772,0.35852480357106176,1,1
melisa,1,0,0.20403999183840033,0.0,1.6299530708018772,0.35852480357106176,1,1
mendocino,1,0,0.20403999183840033,0.0,1.6299530708018772,0.35852480357106176,1,1
overlooking,1,0,0.20403999183840033,0.0,1.6299530708018772,0.35852480357106176,1,1
barbecue,1,0,0.20403999183840033,0.0,1.6299530708018772,0.35852480357106176,1,1
unwrapping,1,0,0.20403999183840033,0.0,1.6299530708018772,0.35852480357106176,1,1
overshadow,1,0,0.20403999183840033,0.0,1.6299530708018772,0.35852480357106176,1,1
overwhelm,1,0,0.20403999183840033,0.0,1.6299530708018772,0.35852480357106176,1,1
unsettling,1,0,0.20403999183840033,0.0,1.6299530708018772,0.35852480357106176,1,1
unshakable,1,0,0.20403999183840033,0.0,1.6299530708018772,0.35852480357106176,1,1
unspoken,1,0,0.20403999183840033,0.0,1.6299530708018772,0.35852480357106176,1,1
unsteady,1,0,0.20403999183840033,0.0,1.6299530708018772,0.35852480357106176,1,1
united,1,0,0.20403999183840033,0.0,1.6299530708018772,0.35852480357106176,1,1
unkind,1,0,0.20403999183840033,0.0,1.6299530708018772,0.35852480357106176,1,1
unless,1,0,0.20403999183840033,0.0,1.6299530708018772,0.35852480357106176,1,1
unmatched,1,0,0.20403999183840033,0.0,1.6299530708018772,0.35852480357106176,1,1
belatedly,1,0,0.20403999183840033,0.0,1.6299530708018772,0.35852480357106176,1,1
jotting,1,0,0.20403999183840033,0.0,1.6299530708018772,0.35852480357106176,1,1
journal,1,0,0.20403999183840033,0.0,1.6299530708018772,0.35852480357106176,1,1
journalism,1,0,0.20403999183840033,0.0,1.6299530708018772,0.35852480357106176,1,1
prix,1,0,0.20403999183840033,0.0,1.6299530708018772,0.35852480357106176,1,1
proactively,1,0,0.20403999183840033,0.0,1.6299530708018772,0.35852480357106176,1,1
kidding,1,0,0.20403999183840033,0.0,1.6299530708018772,0.35852480357106176,1,1
promptly,1,0,0.20403999183840033,0.0,1.6299530708018772,0.35852480357106176,1,1
pronto,1,0,0.20403999183840033,0.0,1.6299530708018772,0.35852480357106176,1,1
battles,1,0,0.20403999183840033,0.0,1.6299530708018772,0.35852480357106176,1,1
battling,1,0,0.20403999183840033,0.0,1.6299530708018772,0.35852480357106176,1,1
beamed,1,0,0.20403999183840033,0.0,1.6299530708018772,0.35852480357106176,1,1
beaming,1,0,0.20403999183840033,0.0,1.6299530708018772,0.35852480357106176,1,1
backroad,1,0,0.20403999183840033,0.0,1.6299530708018772,0.35852480357106176,1,1
beckons,1,0,0.20403999183840033,0.0,1.6299530708018772,0.35852480357106176,1,1
bedtime,1,0,0.20403999183840033,0.0,1.6299530708018772,0.35852480357106176,1,1
unnecessary,1,0,0.20403999183840033,0.0,1.6299530708018772,0.35852480357106176,1,1
unpredictable,1,0,0.20403999183840033,0.0,1.6299530708018772,0.35852480357106176,1,1
unquenchable,1,0,0.20403999183840033,0.0,1.6299530708018772,0.35852480357106176,1,1
unreliable,1,0,0.20403999183840033,0.0,1.6299530708018772,0.35852480357106176,1,1
priest,1,0,0.20403999183840033,0.0,1.6299530708018772,0.35852480357106176,1,1
priorities,1,0,0.20403999183840033,0.0,1.6299530708018772,0.35852480357106176,1,1
kinder,1,0,0.20403999183840033,0.0,1.6299530708018772,0.35852480357106176,1,1
kindergarten,1,0,0.20403999183840033,0.0,1.6299530708018772,0.35852480357106176,1,1
upholding,1,0,0.20403999183840033,0.0,1.6299530708018772,0.35852480357106176,1,1
barely,1,0,0.20403999183840033,0.0,1.6299530708018772,0.35852480357106176,1,1
batteries,1,0,0.20403999183840033,0.0,1.6299530708018772,0.35852480357106176,1,1
judge,1,0,0.20403999183840033,0.0,1.6299530708018772,0.35852480357106176,1,1
jump,1,0,0.20403999183840033,0.0,1.6299530708018772,0.35852480357106176,1,1
produce,1,0,0.20403999183840033,0.0,1.6299530708018772,0.35852480357106176,1,1
professor,1,0,0.20403999183840033,0.0,1.6299530708018772,0.35852480357106176,1,1
program,1,0,0.20403999183840033,0.0,1.6299530708018772,0.35852480357106176,1,1
kit,1,0,0.20403999183840033,0.0,1.6299530708018772,0.35852480357106176,1,1
priority,1,0,0.20403999183840033,0.0,1.6299530708018772,0.35852480357106176,1,1
prison,1,0,0.20403999183840033,0.0,1.6299530708018772,0.35852480357106176,1,1
privileges,1,0,0.20403999183840033,0.0,1.6299530708018772,0.35852480357106176,1,1
preserving,1,0,0.20403999183840033,0.0,1.6299530708018772,0.35852480357106176,1,1
pressing,1,0,0.20403999183840033,0.0,1.6299530708018772,0.35852480357106176,1,1
pretend,1,0,0.20403999183840033,0.0,1.6299530708018772,0.35852480357106176,1,1
various,1,0,0.20403999183840033,0.0,1.6299530708018772,0.35852480357106176,1,1
vast,1,0,0.20403999183840033,0.0,1.6299530708018772,0.35852480357106176,1,1
vegetables,1,0,0.20403999183840033,0.0,1.6299530708018772,0.35852480357106176,1,1
joy's,1,0,0.20403999183840033,0.0,1.6299530708018772,0.35852480357106176,1,1
joyous,1,0,0.20403999183840033,0.0,1.6299530708018772,0.35852480357106176,1,1
pretty,1,0,0.20403999183840033,0.0,1.6299530708018772,0.35852480357106176,1,1
utter,1,0,0.20403999183840033,0.0,1.6299530708018772,0.35852480357106176,1,1
uttered,1,0,0.20403999183840033,0.0,1.6299530708018772,0.35852480357106176,1,1
valley,1,0,0.20403999183840033,0.0,1.6299530708018772,0.35852480357106176,1,1
awaits,1,0,0.20403999183840033,0.0,1.6299530708018772,0.35852480357106176,1,1
babe,1,0,0.20403999183840033,0.0,1.6299530708018772,0.35852480357106176,1,1
balcony,1,0,0.20403999183840033,0.0,1.6299530708018772,0.35852480357106176,1,1
prevented,1,0,0.20403999183840033,0.0,1.6299530708018772,0.35852480357106176,1,1
urgent,1,0,0.20403999183840033,0.0,1.6299530708018772,0.35852480357106176,1,1
view,1,0,0.20403999183840033,0.0,1.6299530708018772,0.35852480357106176,1,1
viewpoint,1,0,0.20403999183840033,0.0,1.6299530708018772,0.35852480357106176,1,1
attempt,1,0,0.20403999183840033,0.0,1.6299530708018772,0.35852480357106176,1,1
attempted,1,0,0.20403999183840033,0.0,1.6299530708018772,0.35852480357106176,1,1
attended,1,0,0.20403999183840033,0.0,1.6299530708018772,0.35852480357106176,1,1
valuing,1,0,0.20403999183840033,0.0,1.6299530708018772,0.35852480357106176,1,1
kindle,1,0,0.20403999183840033,0.0,1.6299530708018772,0.35852480357106176,1,1
kisses,1,0,0.20403999183840033,0.0,1.6299530708018772,0.35852480357106176,1,1
kissing,1,0,0.20403999183840033,0.0,1.6299530708018772,0.35852480357106176,1,1
prescriptions,1,0,0.20403999183840033,0.0,1.6299530708018772,0.35852480357106176,1,1
knack,1,0,0.20403999183840033,0.0,1.6299530708018772,0.35852480357106176,1,1
knees,1,0,0.20403999183840033,0.0,1.6299530708018772,0.35852480357106176,1,1
knitted,1,0,0.20403999183840033,0.0,1.6299530708018772,0.35852480357106176,1,1
lacked,1,0,0.20403999183840033,0.0,1.6299530708018772,0.35852480357106176,1,1
presented,1,0,0.20403999183840033,0.0,1.6299530708018772,0.35852480357106176,1,1
laughably,1,0,0.20403999183840033,0.0,1.6299530708018772,0.35852480357106176,1,1
visits,1,0,0.20403999183840033,0.0,1.6299530708018772,0.35852480357106176,1,1
vital,1,0,0.20403999183840033,0.0,1.6299530708018772,0.35852480357106176,1,1
volume,1,0,0.20403999183840033,0.0,1.6299530708018772,0.35852480357106176,1,1
volunteers,1,0,0.20403999183840033,0.0,1.6299530708018772,0.35852480357106176,1,1
vomiting,1,0,0.20403999183840033,0.0,1.6299530708018772,0.35852480357106176,1,1
asleep,1,0,0.20403999183840033,0.0,1.6299530708018772,0.35852480357106176,1,1
assemble,1,0,0.20403999183840033,0.0,1.6299530708018772,0.35852480357106176,1,1
ventures,1,0,0.20403999183840033,0.0,1.6299530708018772,0.35852480357106176,1,1
verify,1,0,0.20403999183840033,0.0,1.6299530708018772,0.35852480357106176,1,1
audition,1,0,0.20403999183840033,0.0,1.6299530708018772,0.35852480357106176,1,1
august,1,0,0.20403999183840033,0.0,1.6299530708018772,0.35852480357106176,1,1
aunty's,1,0,0.20403999183840033,0.0,1.6299530708018772,0.35852480357106176,1,1
authentic,1,0,0.20403999183840033,0.0,1.6299530708018772,0.35852480357106176,1,1
availability,1,0,0.20403999183840033,0.0,1.6299530708018772,0.35852480357106176,1,1
uplifts,1,0,0.20403999183840033,0.0,1.6299530708018772,0.35852480357106176,1,1
positioned,1,0,0.20403999183840033,0.0,1.6299530708018772,0.35852480357106176,1,1
lawn,1,0,0.20403999183840033,0.0,1.6299530708018772,0.35852480357106176,1,1
lay,1,0,0.20403999183840033,0.0,1.6299530708018772,0.35852480357106176,1,1
leads,1,0,0.20403999183840033,0.0,1.6299530708018772,0.35852480357106176,1,1
leaning,1,0,0.20403999183840033,0.0,1.6299530708018772,0.35852480357106176,1,1
learnerships,1,0,0.20403999183840033,0.0,1.6299530708018772,0.35852480357106176,1,1
pm,1,0,0.20403999183840033,0.0,1.6299530708018772,0.35852480357106176,1,1
poetry,1,0,0.20403999183840033,0.0,1.6299530708018772,0.35852480357106176,1,1
poisoning,1,0,0.20403999183840033,0.0,1.6299530708018772,0.35852480357106176,1,1
practiced,1,0,0.20403999183840033,0.0,1.6299530708018772,0.35852480357106176,1,1
pranks,1,0,0.20403999183840033,0.0,1.6299530708018772,0.35852480357106176,1,1
lakeview,1,0,0.20403999183840033,0.0,1.6299530708018772,0.35852480357106176,1,1
lands,1,0,0.20403999183840033,0.0,1.6299530708018772,0.35852480357106176,1,1
language,1,0,0.20403999183840033,0.0,1.6299530708018772,0.35852480357106176,1,1
preparations,1,0,0.20403999183840033,0.0,1.6299530708018772,0.35852480357106176,1,1
lattes,1,0,0.20403999183840033,0.0,1.6299530708018772,0.35852480357106176,1,1
artist,1,0,0.20403999183840033,0.0,1.6299530708018772,0.35852480357106176,1,1
wagging,1,0,0.20403999183840033,0.0,1.6299530708018772,0.35852480357106176,1,1
waited,1,0,0.20403999183840033,0.0,1.6299530708018772,0.35852480357106176,1,1
attic,1,0,0.20403999183840033,0.0,1.6299530708018772,0.35852480357106176,1,1
visiting,1,0,0.20403999183840033,0.0,1.6299530708018772,0.35852480357106176,1,1
lee,1,0,0.20403999183840033,0.0,1.6299530708018772,0.35852480357106176,1,1
legacies,1,0,0.20403999183840033,0.0,1.6299530708018772,0.35852480357106176,1,1
legged,1,0,0.20403999183840033,0.0,1.6299530708018772,0.35852480357106176,1,1
polite,1,0,0.20403999183840033,0.0,1.6299530708018772,0.35852480357106176,1,1
pops,1,0,0.20403999183840033,0.0,1.6299530708018772,0.35852480357106176,1,1
pored,1,0,0.20403999183840033,0.0,1.6299530708018772,0.35852480357106176,1,1
avoided,1,0,0.20403999183840033,0.0,1.6299530708018772,0.35852480357106176,1,1
version,1,0,0.20403999183840033,0.0,1.6299530708018772,0.35852480357106176,1,1
launched,1,0,0.20403999183840033,0.0,1.6299530708018772,0.35852480357106176,1,1
launching,1,0,0.20403999183840033,0.0,1.6299530708018772,0.35852480357106176,1,1
pots,1,0,0.20403999183840033,0.0,1.6299530708018772,0.35852480357106176,1,1
needing,1,0,0.20403999183840033,0.0,1.6299530708018772,0.35852480357106176,1,1
neglecting,1,0,0.20403999183840033,0.0,1.6299530708018772,0.35852480357106176,1,1
neighbor's,1,0,0.20403999183840033,0.0,1.6299530708018772,0.35852480357106176,1,1
notebook,1,0,0.20403999183840033,0.0,1.6299530708018772,0.35852480357106176,1,1
notes,1,0,0.20403999183840033,0.0,1.6299530708018772,0.35852480357106176,1,1
nots,1,0,0.20403999183840033,0.0,1.6299530708018772,0.35852480357106176,1,1
nourish,1,0,0.20403999183840033,0.0,1.6299530708018772,0.35852480357106176,1,1
appointment,1,0,0.20403999183840033,0.0,1.6299530708018772,0.35852480357106176,1,1
apprehension,1,0,0.20403999183840033,0.0,1.6299530708018772,0.35852480357106176,1,1
argue,1,0,0.20403999183840033,0.0,1.6299530708018772,0.35852480357106176,1,1
playfulness,1,0,0.20403999183840033,0.0,1.6299530708018772,0.35852480357106176,1,1
playground,1,0,0.20403999183840033,0.0,1.6299530708018772,0.35852480357106176,1,1
lechudo,1,0,0.20403999183840033,0.0,1.6299530708018772,0.35852480357106176,1,1
arose,1,0,0.20403999183840033,0.0,1.6299530708018772,0.35852480357106176,1,1
arrange,1,0,0.20403999183840033,0.0,1.6299530708018772,0.35852480357106176,1,1
arranged,1,0,0.20403999183840033,0.0,1.6299530708018772,0.35852480357106176,1,1
lengths,1,0,0.20403999183840033,0.0,1.6299530708018772,0.35852480357106176,1,1
effects,1,0,0.20403999183840033,0.0,1.6299530708018772,0.35852480357106176,1,1
soundtrack,1,0,0.20403999183840033,0.0,1.6299530708018772,0.35852480357106176,1,1
sourdough,1,0,0.20403999183840033,0.0,1.6299530708018772,0.35852480357106176,1,1
elation,1,0,0.20403999183840033,0.0,1.6299530708018772,0.35852480357106176,1,1
electric,1,0,0.20403999183840033,0.0,1.6299530708018772,0.35852480357106176,1,1
elegance,1,0,0.20403999183840033,0.0,1.6299530708018772,0.35852480357106176,1,1
elementary,1,0,0.20403999183840033,0.0,1.6299530708018772,0.35852480357106176,1,1
elm,1,0,0.20403999183840033,0.0,1.6299530708018772,0.35852480357106176,1,1
spiders,1,0,0.20403999183840033,0.0,1.6299530708018772,0.35852480357106176,1,1
splattered,1,0,0.20403999183840033,0.0,1.6299530708018772,0.35852480357106176,1,1
sparks,1,0,0.20403999183840033,0.0,1.6299530708018772,0.35852480357106176,1,1
spearheading,1,0,0.20403999183840033,0.0,1.6299530708018772,0.35852480357106176,1,1
speechless,1,0,0.20403999183840033,0.0,1.6299530708018772,0.35852480357106176,1,1
echo,1,0,0.20403999183840033,0.0,1.6299530708018772,0.35852480357106176,1,1
enchantment,1,0,0.20403999183840033,0.0,1.6299530708018772,0.35852480357106176,1,1
playstation,1,0,0.20403999183840033,0.0,1.6299530708018772,0.35852480357106176,1,1
plaza,1,0,0.20403999183840033,0.0,1.6299530708018772,0.35852480357106176,1,1
plumber,1,0,0.20403999183840033,0.0,1.6299530708018772,0.35852480357106176,1,1
plates,1,0,0.20403999183840033,0.0,1.6299530708018772,0.35852480357106176,1,1
playboy,1,0,0.20403999183840033,0.0,1.6299530708018772,0.35852480357106176,1,1
playdate,1,0,0.20403999183840033,0.0,1.6299530708018772,0.35852480357106176,1,1
liberating,1,0,0.20403999183840033,0.0,1.6299530708018772,0.35852480357106176,1,1
lied,1,0,0.20403999183840033,0.0,1.6299530708018772,0.35852480357106176,1,1
lieu,1,0,0.20403999183840033,0.0,1.6299530708018772,0.35852480357106176,1,1
anxiety,1,0,0.20403999183840033,0.0,1.6299530708018772,0.35852480357106176,1,1
anyone's,1,0,0.20403999183840033,0.0,1.6299530708018772,0.35852480357106176,1,1
weary,1,0,0.20403999183840033,0.0,1.6299530708018772,0.35852480357106176,1,1
anywhere,1,0,0.20403999183840033,0.0,1.6299530708018772,0.35852480357106176,1,1
apologizing,1,0,0.20403999183840033,0.0,1.6299530708018772,0.35852480357106176,1,1
applauding,1,0,0.20403999183840033,0.0,1.6299530708018772,0.35852480357106176,1,1
applause,1,0,0.20403999183840033,0.0,1.6299530708018772,0.35852480357106176,1,1
loops,1,0,0.20403999183840033,0.0,1.6299530708018772,0.35852480357106176,1,1
application,1,0,0.20403999183840033,0.0,1.6299530708018772,0.35852480357106176,1,1
lifeline,1,0,0.20403999183840033,0.0,1.6299530708018772,0.35852480357106176,1,1
lemons,1,0,0.20403999183840033,0.0,1.6299530708018772,0.35852480357106176,1,1
pitch,1,0,0.20403999183840033,0.0,1.6299530708018772,0.35852480357106176,1,1
pivot,1,0,0.20403999183840033,0.0,1.6299530708018772,0.35852480357106176,1,1
lifts,1,0,0.20403999183840033,0.0,1.6299530708018772,0.35852480357106176,1,1
lighthearted,1,0,0.20403999183840033,0.0,1.6299530708018772,0.35852480357106176,1,1
anchored,1,0,0.20403999183840033,0.0,1.6299530708018772,0.35852480357106176,1,1
ancient,1,0,0.20403999183840033,0.0,1.6299530708018772,0.35852480357106176,1,1
anna,1,0,0.20403999183840033,0.0,1.6299530708018772,0.35852480357106176,1,1
weighs,1,0,0.20403999183840033,0.0,1.6299530708018772,0.35852480357106176,1,1
watercolor,1,0,0.20403999183840033,0.0,1.6299530708018772,0.35852480357106176,1,1
waves,1,0,0.20403999183840033,0.0,1.6299530708018772,0.35852480357106176,1,1
answered,1,0,0.20403999183840033,0.0,1.6299530708018772,0.35852480357106176,1,1
limitless,1,0,0.20403999183840033,0.0,1.6299530708018772,0.35852480357106176,1,1
wellness,1,0,0.20403999183840033,0.0,1.6299530708018772,0.35852480357106176,1,1
weren't,1,0,0.20403999183840033,0.0,1.6299530708018772,0.35852480357106176,1,1
westfield,1,0,0.20403999183840033,0.0,1.6299530708018772,0.35852480357106176,1,1
placing,1,0,0.20403999183840033,0.0,1.6299530708018772,0.35852480357106176,1,1
loneliness,1,0,0.20403999183840033,0.0,1.6299530708018772,0.35852480357106176,1,1
lincoln,1,0,0.20403999183840033,0.0,1.6299530708018772,0.35852480357106176,1,1
literacy,1,0,0.20403999183840033,0.0,1.6299530708018772,0.35852480357106176,1,1
amount,1,0,0.20403999183840033,0.0,1.6299530708018772,0.35852480357106176,1,1
analyst,1,0,0.20403999183840033,0.0,1.6299530708018772,0.35852480357106176,1,1
weaves,1,0,0.20403999183840033,0.0,1.6299530708018772,0.35852480357106176,1,1
weaving,1,0,0.20403999183840033,0.0,1.6299530708018772,0.35852480357106176,1,1
week's,1,0,0.20403999183840033,0.0,1.6299530708018772,0.35852480357106176,1,1
literally,1,0,0.20403999183840033,0.0,1.6299530708018772,0.35852480357106176,1,1
pieces,1,0,0.20403999183840033,0.0,1.6299530708018772,0.35852480357106176,1,1
piled,1,0,0.20403999183840033,0.0,1.6299530708018772,0.35852480357106176,1,1
pipe,1,0,0.20403999183840033,0.0,1.6299530708018772,0.35852480357106176,1,1
allocate,1,0,0.20403999183840033,0.0,1.6299530708018772,0.35852480357106176,1,1
wildest,1,0,0.20403999183840033,0.0,1.6299530708018772,0.35852480357106176,1,1
wildflowers,1,0,0.20403999183840033,0.0,1.6299530708018772,0.35852480357106176,1,1
wildly,1,0,0.20403999183840033,0.0,1.6299530708018772,0.35852480357106176,1,1
loreto,1,0,0.20403999183840033,0.0,1.6299530708018772,0.35852480357106176,1,1
phase,1,0,0.20403999183840033,0.0,1.6299530708018772,0.35852480357106176,1,1
phd,1,0,0.20403999183840033,0.0,1.6299530708018772,0.35852480357106176,1,1
photographs,1,0,0.20403999183840033,0.0,1.6299530708018772,0.35852480357106176,1,1
photos,1,0,0.20403999183840033,0.0,1.6299530708018772,0.35852480357106176,1,1
pickles,1,0,0.20403999183840033,0.0,1.6299530708018772,0.35852480357106176,1,1
wholehearted,1,0,0.20403999183840033,0.0,1.6299530708018772,0.35852480357106176,1,1
wholly,1,0,0.20403999183840033,0.0,1.6299530708018772,0.35852480357106176,1,1
whom,1,0,0.20403999183840033,0.0,1.6299530708018772,0.35852480357106176,1,1
wife's,1,0,0.20403999183840033,0.0,1.6299530708018772,0.35852480357106176,1,1
ally,1,0,0.20403999183840033,0.0,1.6299530708018772,0.35852480357106176,1,1
welcoming,1,0,0.20403999183840033,0.0,1.6299530708018772,0.35852480357106176,1,1
performing,1,0,0.20403999183840033,0.0,1.6299530708018772,0.35852480357106176,1,1
patiently,1,0,0.20403999183840033,0.0,1.6299530708018772,0.35852480357106176,1,1
paves,1,0,0.20403999183840033,0.0,1.6299530708018772,0.35852480357106176,1,1
paycheck,1,0,0.20403999183840033,0.0,1.6299530708018772,0.35852480357106176,1,1
lug,1,0,0.20403999183840033,0.0,1.6299530708018772,0.35852480357106176,1,1
lunchbox,1,0,0.20403999183840033,0.0,1.6299530708018772,0.35852480357106176,1,1
lunchboxes,1,0,0.20403999183840033,0.0,1.6299530708018772,0.35852480357106176,1,1
loading,1,0,0.20403999183840033,0.0,1.6299530708018772,0.35852480357106176,1,1
locks,1,0,0.20403999183840033,0.0,1.6299530708018772,0.35852480357106176,1,1
perhaps,1,0,0.20403999183840033,0.0,1.6299530708018772,0.35852480357106176,1,1
periods,1,0,0.20403999183840033,0.0,1.6299530708018772,0.35852480357106176,1,1
permanent,1,0,0.20403999183840033,0.0,1.6299530708018772,0.35852480357106176,1,1
persistence,1,0,0.20403999183840033,0.0,1.6299530708018772,0.35852480357106176,1,1
personalized,1,0,0.20403999183840033,0.0,1.6299530708018772,0.35852480357106176,1,1
align,1,0,0.20403999183840033,0.0,1.6299530708018772,0.35852480357106176,1,1
allies,1,0,0.20403999183840033,0.0,1.6299530708018772,0.35852480357106176,1,1
aiming,1,0,0.20403999183840033,0.0,1.6299530708018772,0.35852480357106176,1,1
aisle,1,0,0.20403999183840033,0.0,1.6299530708018772,0.35852480357106176,1,1
ale,1,0,0.20403999183840033,0.0,1.6299530708018772,0.35852480357106176,1,1
owned,1,0,0.20403999183840033,0.0,1.6299530708018772,0.35852480357106176,1,1
p,1,0,0.20403999183840033,0.0,1.6299530708018772,0.35852480357106176,1,1
measuring,1,0,0.20403999183840033,0.0,1.6299530708018772,0.35852480357106176,1,1
paced,1,0,0.20403999183840033,0.0,1.6299530708018772,0.35852480357106176,1,1
whisper,1,0,0.20403999183840033,0.0,1.6299530708018772,0.35852480357106176,1,1
who've,1,0,0.20403999183840033,0.0,1.6299530708018772,0.35852480357106176,1,1
pet,1,0,0.20403999183840033,0.0,1.6299530708018772,0.35852480357106176,1,1
pets,1,0,0.20403999183840033,0.0,1.6299530708018772,0.35852480357106176,1,1
payroll,1,0,0.20403999183840033,0.0,1.6299530708018772,0.35852480357106176,1,1
peanut,1,0,0.20403999183840033,0.0,1.6299530708018772,0.35852480357106176,1,1
loudest,1,0,0.20403999183840033,0.0,1.6299530708018772,0.35852480357106176,1,1
pep,1,0,0.20403999183840033,0.0,1.6299530708018772,0.35852480357106176,1,1
perfected,1,0,0.20403999183840033,0.0,1.6299530708018772,0.35852480357106176,1,1
affirmation,1,0,0.20403999183840033,0.0,1.6299530708018772,0.35852480357106176,1,1
adjustment,1,0,0.20403999183840033,0.0,1.6299530708018772,0.35852480357106176,1,1
admires,1,0,0.20403999183840033,0.0,1.6299530708018772,0.35852480357106176,1,1
windowsill,1,0,0.20403999183840033,0.0,1.6299530708018772,0.35852480357106176,1,1
wine,1,0,0.20403999183840033,0.0,1.6299530708018772,0.35852480357106176,1,1
wing,1,0,0.20403999183840033,0.0,1.6299530708018772,0.35852480357106176,1,1
winner,1,0,0.20403999183840033,0.0,1.6299530708018772,0.35852480357106176,1,1
passage,1,0,0.20403999183840033,0.0,1.6299530708018772,0.35852480357106176,1,1
passes,1,0,0.20403999183840033,0.0,1.6299530708018772,0.35852480357106176,1,1
lunches,1,0,0.20403999183840033,0.0,1.6299530708018772,0.35852480357106176,1,1
maa,1,0,0.20403999183840033,0.0,1.6299530708018772,0.35852480357106176,1,1
machine,1,0,0.20403999183840033,0.0,1.6299530708018772,0.35852480357106176,1,1
afterwards,1,0,0.20403999183840033,0.0,1.6299530708018772,0.35852480357106176,1,1
agendas,1,0,0.20403999183840033,0.0,1.6299530708018772,0.35852480357106176,1,1
wins,1,0,0.20403999183840033,0.0,1.6299530708018772,0.35852480357106176,1,1
wiped,1,0,0.20403999183840033,0.0,1.6299530708018772,0.35852480357106176,1,1
manual,1,0,0.20403999183840033,0.0,1.6299530708018772,0.35852480357106176,1,1
adored,1,0,0.20403999183840033,0.0,1.6299530708018772,0.35852480357106176,1,1
advance,1,0,0.20403999183840033,0.0,1.6299530708018772,0.35852480357106176,1,1
advanced,1,0,0.20403999183840033,0.0,1.6299530708018772,0.35852480357106176,1,1
won,1,0,0.20403999183840033,0.0,1.6299530708018772,0.35852480357106176,1,1
wondered,1,0,0.20403999183840033,0.0,1.6299530708018772,0.35852480357106176,1,1
manuscript,1,0,0.20403999183840033,0.0,1.6299530708018772,0.35852480357106176,1,1
marches,1,0,0.20403999183840033,0.0,1.6299530708018772,0.35852480357106176,1,1
marcus,1,0,0.20403999183840033,0.0,1.6299530708018772,0.35852480357106176,1,1
market,1,0,0.20403999183840033,0.0,1.6299530708018772,0.35852480357106176,1,1
particular,1,0,0.20403999183840033,0.0,1.6299530708018772,0.35852480357106176,1,1
package,1,0,0.20403999183840033,0.0,1.6299530708018772,0.35852480357106176,1,1
partners,1,0,0.20403999183840033,0.0,1.6299530708018772,0.35852480357106176,1,1
afar,1,0,0.20403999183840033,0.0,1.6299530708018772,0.35852480357106176,1,1
affect,1,0,0.20403999183840033,0.0,1.6299530708018772,0.35852480357106176,1,1
affected,1,0,0.20403999183840033,0.0,1.6299530708018772,0.35852480357106176,1,1
parish,1,0,0.20403999183840033,0.0,1.6299530708018772,0.35852480357106176,1,1
parker,1,0,0.20403999183840033,0.0,1.6299530708018772,0.35852480357106176,1,1
wonderland,1,0,0.20403999183840033,0.0,1.6299530708018772,0.35852480357106176,1,1
actress,1,0,0.20403999183840033,0.0,1.6299530708018772,0.35852480357106176,1,1
adams,1,0,0.20403999183840033,0.0,1.6299530708018772,0.35852480357106176,1,1
adapt,1,0,0.20403999183840033,0.0,1.6299530708018772,0.35852480357106176,1,1
adding,1,0,0.20403999183840033,0.0,1.6299530708018772,0.35852480357106176,1,1
address,1,0,0.20403999183840033,0.0,1.6299530708018772,0.35852480357106176,1,1
addressed,1,0,0.20403999183840033,0.0,1.6299530708018772,0.35852480357106176,1,1
adds,1,0,0.20403999183840033,0.0,1.6299530708018772,0.35852480357106176,1,1
adjust,1,0,0.20403999183840033,0.0,1.6299530708018772,0.35852480357106176,1,1
adopting,1,0,0.20403999183840033,0.0,1.6299530708018772,0.35852480357106176,1,1
parks,1,0,0.20403999183840033,0.0,1.6299530708018772,0.35852480357106176,1,1
marking,1,0,0.20403999183840033,0.0,1.6299530708018772,0.35852480357106176,1,1
managing,1,0,0.20403999183840033,0.0,1.6299530708018772,0.35852480357106176,1,1
manner,1,0,0.20403999183840033,0.0,1.6299530708018772,0.35852480357106176,1,1
pancake,1,0,0.20403999183840033,0.0,1.6299530708018772,0.35852480357106176,1,1
networking,1,0,0.20403999183840033,0.0,1.6299530708018772,0.35852480357106176,1,1
pancreatic,1,0,0.20403999183840033,0.0,1.6299530708018772,0.35852480357106176,1,1
panicking,1,0,0.20403999183840033,0.0,1.6299530708018772,0.35852480357106176,1,1
pans,1,0,0.20403999183840033,0.0,1.6299530708018772,0.35852480357106176,1,1
abrazo,1,0,0.20403999183840033,0.0,1.6299530708018772,0.35852480357106176,1,1
abroad,1,0,0.20403999183840033,0.0,1.6299530708018772,0.35852480357106176,1,1
abandoned,1,0,0.20403999183840033,0.0,1.6299530708018772,0.35852480357106176,1,1
accidentally,1,0,0.20403999183840033,0.0,1.6299530708018772,0.35852480357106176,1,1
accommodate,1,0,0.20403999183840033,0.0,1.6299530708018772,0.35852480357106176,1,1
zoe,1,0,0.20403999183840033,0.0,1.6299530708018772,0.35852480357106176,1,1
zoom,1,0,0.20403999183840033,0.0,1.6299530708018772,0.35852480357106176,1,1
written,1,0,0.20403999183840033,0.0,1.6299530708018772,0.35852480357106176,1,1
nom,1,0,0.20403999183840033,0.0,1.6299530708018772,0.35852480357106176,1,1
paperwork,1,0,0.20403999183840033,0.0,1.6299530708018772,0.35852480357106176,1,1
papi,1,0,0.20403999183840033,0.0,1.6299530708018772,0.35852480357106176,1,1
yell,1,0,0.20403999183840033,0.0,1.6299530708018772,0.35852480357106176,1,1
sorting,1,0,0.20403999183840033,0.0,1.6299530708018772,0.35852480357106176,1,1
soothing,1,0,0.20403999183840033,0.0,1.6299530708018772,0.35852480357106176,1,1
empowered,1,0,0.20403999183840033,0.0,1.6299530708018772,0.35852480357106176,1,1
mats,1,0,0.20403999183840033,0.0,1.6299530708018772,0.35852480357106176,1,1
matt,1,0,0.20403999183840033,0.0,1.6299530708018772,0.35852480357106176,1,1
master,1,0,0.20403999183840033,0.0,1.6299530708018772,0.35852480357106176,1,1
mastering,1,0,0.20403999183840033,0.0,1.6299530708018772,0.35852480357106176,1,1
matched,1,0,0.20403999183840033,0.0,1.6299530708018772,0.35852480357106176,1,1
page,1,0,0.20403999183840033,0.0,1.6299530708018772,0.35852480357106176,1,1
paint,1,0,0.20403999183840033,0.0,1.6299530708018772,0.35852480357106176,1,1
adjusting,1,0,0.20403999183840033,0.0,1.6299530708018772,0.35852480357106176,1,1
achievement,1,0,0.20403999183840033,0.0,1.6299530708018772,0.35852480357106176,1,1
achieves,1,0,0.20403999183840033,0.0,1.6299530708018772,0.35852480357106176,1,1
acknowledgment,1,0,0.20403999183840033,0.0,1.6299530708018772,0.35852480357106176,1,1
workco,1,0,0.20403999183840033,0.0,1.6299530708018772,0.35852480357106176,1,1
old,25,12,5.100999795960008,4.506534474988734,1.1083680881452764,0.3502556931321409,18,3
looking,23,11,4.692919812283208,4.1309899354063395,1.1102578888070758,0.3453577505237528,22,3
perfect,7,3,1.4282799428688022,1.1266336187471835,1.1642521934299124,0.34118416492941406,7,3
heard,7,3,1.4282799428688022,1.1266336187471835,1.1642521934299124,0.34118416492941406,6,5
parties,7,3,1.4282799428688022,1.1266336187471835,1.1642521934299124,0.34118416492941406,7,2
glasses,7,3,1.4282799428688022,1.1266336187471835,1.1642521934299124,0.34118416492941406,7,1
garden,7,3,1.4282799428688022,1.1266336187471835,1.1642521934299124,0.34118416492941406,7,4
goals,7,3,1.4282799428688022,1.1266336187471835,1.1642521934299124,0.34118416492941406,7,4
staying,7,3,1.4282799428688022,1.1266336187471835,1.1642521934299124,0.34118416492941406,6,3
cousin,7,3,1.4282799428688022,1.1266336187471835,1.1642521934299124,0.34118416492941406,5,3
detail,7,3,1.4282799428688022,1.1266336187471835,1.1642521934299124,0.34118416492941406,7,3
story,7,3,1.4282799428688022,1.1266336187471835,1.1642521934299124,0.34118416492941406,7,3
union,7,3,1.4282799428688022,1.1266336187471835,1.1642521934299124,0.34118416492941406,7,1
bottom,7,3,1.4282799428688022,1.1266336187471835,1.1642521934299124,0.34118416492941406,7,2
comforting,7,3,1.4282799428688022,1.1266336187471835,1.1642521934299124,0.34118416492941406,7,4
between,19,9,3.876759844929606,3.3799008562415502,1.1152310484433896,0.33643571094628166,17,5
helping,19,9,3.876759844929606,3.3799008562415502,1.1152310484433896,0.33643571094628166,16,5
passed,9,4,1.836359926545603,1.502178158329578,1.147004012786506,0.3317395589090389,6,4
self,9,4,1.836359926545603,1.502178158329578,1.147004012786506,0.3317395589090389,8,4
okay,15,7,3.060599877576005,2.6288117770767614,1.1228565598857376,0.3297597909391057,13,2
loving,15,7,3.060599877576005,2.6288117770767614,1.1228565598857376,0.3297597909391057,14,8
father,11,5,2.2444399102224035,1.8777226979119723,1.1360278978316114,0.32826419050318023,10,5
any,46,23,9.385839624566415,8.637524410395073,1.075075429677834,0.3231100577917353,36,8
writing,38,19,7.753519689859212,7.135346252065495,1.0727041577072183,0.29362650297781173,33,4
felt,36,18,7.345439706182412,6.7598017124831005,1.0719511186354687,0.2857838481967292,29,8
presence,28,14,5.713119771475209,5.257623554153523,1.0679002877667472,0.25199814965201095,27,5
the,1216,653,248.1126300754948,245.2305843473036,1.0113939865495962,0.24499733354931946,81,8
past,26,13,5.305039787798409,4.882079014571128,1.0665125031172775,0.2428219757965654,21,6
become,20,10,4.080799836768007,3.7554453958239447,1.0607631095694756,0.21294392338665827,18,5
gave,16,8,3.264639869414405,3.004356316659156,1.0546755164012145,0.1904479085325546,14,5
hearts,16,8,3.264639869414405,3.004356316659156,1.0546755164012145,0.1904479085325546,16,4
chance,16,8,3.264639869414405,3.004356316659156,1.0546755164012145,0.1904479085325546,14,5
ways,12,6,2.448479902060804,2.253267237494367,1.0448417120524853,0.16491980201024461,12,4
visit,12,6,2.448479902060804,2.253267237494367,1.0448417120524853,0.16491980201024461,11,3
calm,12,6,2.448479902060804,2.253267237494367,1.0448417120524853,0.16491980201024461,11,4
fully,12,6,2.448479902060804,2.253267237494367,1.0448417120524853,0.16491980201024461,11,7
seeing,12,6,2.448479902060804,2.253267237494367,1.0448417120524853,0.16491980201024461,10,5
man,10,5,2.0403999183840034,1.8777226979119723,1.0372428632375583,0.15054459422226504,10,4
working,10,5,2.0403999183840034,1.8777226979119723,1.0372428632375583,0.15054459422226504,9,3
weeks,8,4,1.6323199347072026,1.502178158329578,1.0262667482826633,0.13464590300589238,8,4
tried,8,4,1.6323199347072026,1.502178158329578,1.0262667482826633,0.13464590300589238,8,5
admire,8,4,1.6323199347072026,1.502178158329578,1.0262667482826633,0.13464590300589238,8,4
silence,8,4,1.6323199347072026,1.502178158329578,1.0262667482826633,0.13464590300589238,8,3
study,8,4,1.6323199347072026,1.502178158329578,1.0262667482826633,0.13464590300589238,8,2
plans,8,4,1.6323199347072026,1.502178158329578,1.0262667482826633,0.13464590300589238,8,4
act,8,4,1.6323199347072026,1.502178158329578,1.0262667482826633,0.13464590300589238,8,4
laughs,6,3,1.224239951030402,1.1266336187471835,1.0090185676392571,0.11660220413850213,6,3
uncertain,6,3,1.224239951030402,1.1266336187471835,1.0090185676392571,0.11660220413850213,6,2
mountains,6,3,1.224239951030402,1.1266336187471835,1.0090185676392571,0.11660220413850213,6,5
doesn't,6,3,1.224239951030402,1.1266336187471835,1.0090185676392571,0.11660220413850213,5,2
university,6,3,1.224239951030402,1.1266336187471835,1.0090185676392571,0.11660220413850213,5,3
capable,6,3,1.224239951030402,1.1266336187471835,1.0090185676392571,0.11660220413850213,5,1
daily,6,3,1.224239951030402,1.1266336187471835,1.0090185676392571,0.11660220413850213,6,6
apologies,6,3,1.224239951030402,1.1266336187471835,1.0090185676392571,0.11660220413850213,6,1
an,77,41,15.711079371556826,15.397326122878173,1.014629421583498,0.10368982114442005,56,8
meals,4,2,0.8161599673536013,0.751089079164789,0.9779718424811263,0.09520157123341459,4,4
landed,4,2,0.8161599673536013,0.751089079164789,0.9779718424811263,0.09520157123341459,4,1
shining,4,2,0.8161599673536013,0.751089079164789,0.9779718424811263,0.09520157123341459,4,3
sooner,4,2,0.8161599673536013,0.751089079164789,0.9779718424811263,0.09520157123341459,4,2
saturday,4,2,0.8161599673536013,0.751089079164789,0.9779718424811263,0.09520157123341459,4,2
fear,4,2,0.8161599673536013,0.751089079164789,0.9779718424811263,0.09520157123341459,4,2
exactly,4,2,0.8161599673536013,0.751089079164789,0.9779718424811263,0.09520157123341459,4,3
question,4,2,0.8161599673536013,0.751089079164789,0.9779718424811263,0.09520157123341459,4,2
holds,4,2,0.8161599673536013,0.751089079164789,0.9779718424811263,0.09520157123341459,4,2
quickly,4,2,0.8161599673536013,0.751089079164789,0.9779718424811263,0.09520157123341459,4,3
mark,4,2,0.8161599673536013,0.751089079164789,0.9779718424811263,0.09520157123341459,4,4
secret,4,2,0.8161599673536013,0.751089079164789,0.9779718424811263,0.09520157123341459,4,4
apart,4,2,0.8161599673536013,0.751089079164789,0.9779718424811263,0.09520157123341459,4,3
approach,4,2,0.8161599673536013,0.751089079164789,0.9779718424811263,0.09520157123341459,3,3
burden,4,2,0.8161599673536013,0.751089079164789,0.9779718424811263,0.09520157123341459,4,2
surprise,4,2,0.8161599673536013,0.751089079164789,0.9779718424811263,0.09520157123341459,4,2
upset,4,2,0.8161599673536013,0.751089079164789,0.9779718424811263,0.09520157123341459,4,1
begin,4,2,0.8161599673536013,0.751089079164789,0.9779718424811263,0.09520157123341459,4,4
stayed,4,2,0.8161599673536013,0.751089079164789,0.9779718424811263,0.09520157123341459,4,3
someday,4,2,0.8161599673536013,0.751089079164789,0.9779718424811263,0.09520157123341459,4,1
hurt,32,17,6.52927973882881,6.384257172900706,1.0090185676392571,0.07430690616848186,24,3
resolve,2,1,0.40807998367680065,0.3755445395823945,0.9055294837788206,0.06731503945680684,2,2
orientation,2,1,0.40807998367680065,0.3755445395823945,0.9055294837788206,0.06731503945680684,2,2
rich,2,1,0.40807998367680065,0.3755445395823945,0.9055294837788206,0.06731503945680684,2,2
reviewing,2,1,0.40807998367680065,0.3755445395823945,0.9055294837788206,0.06731503945680684,2,1
illness,2,1,0.40807998367680065,0.3755445395823945,0.9055294837788206,0.06731503945680684,2,2
invitation,2,1,0.40807998367680065,0.3755445395823945,0.9055294837788206,0.06731503945680684,2,2
picnic,2,1,0.40807998367680065,0.3755445395823945,0.9055294837788206,0.06731503945680684,2,2
paying,2,1,0.40807998367680065,0.3755445395823945,0.9055294837788206,0.06731503945680684,2,2
less,2,1,0.40807998367680065,0.3755445395823945,0.9055294837788206,0.06731503945680684,2,1
poured,2,1,0.40807998367680065,0.3755445395823945,0.9055294837788206,0.06731503945680684,2,2
king,2,1,0.40807998367680065,0.3755445395823945,0.9055294837788206,0.06731503945680684,1,1
prevent,2,1,0.40807998367680065,0.3755445395823945,0.9055294837788206,0.06731503945680684,2,1
jobs,2,1,0.40807998367680065,0.3755445395823945,0.9055294837788206,0.06731503945680684,2,1
peacefully,2,1,0.40807998367680065,0.3755445395823945,0.9055294837788206,0.06731503945680684,2,2
pancakes,2,1,0.40807998367680065,0.3755445395823945,0.9055294837788206,0.06731503945680684,2,2
yoga,2,1,0.40807998367680065,0.3755445395823945,0.9055294837788206,0.06731503945680684,2,1
lesson,2,1,0.40807998367680065,0.3755445395823945,0.9055294837788206,0.06731503945680684,2,2
gym,2,1,0.40807998367680065,0.3755445395823945,0.9055294837788206,0.06731503945680684,2,2
hall,2,1,0.40807998367680065,0.3755445395823945,0.9055294837788206,0.06731503945680684,2,2
restaurant,2,1,0.40807998367680065,0.3755445395823945,0.9055294837788206,0.06731503945680684,2,1
restore,2,1,0.40807998367680065,0.3755445395823945,0.9055294837788206,0.06731503945680684,2,1
happiest,2,1,0.40807998367680065,0.3755445395823945,0.9055294837788206,0.06731503945680684,2,2
hate,2,1,0.40807998367680065,0.3755445395823945,0.9055294837788206,0.06731503945680684,2,1
held,2,1,0.40807998367680065,0.3755445395823945,0.9055294837788206,0.06731503945680684,2,2
heaviest,2,1,0.40807998367680065,0.3755445395823945,0.9055294837788206,0.06731503945680684,2,1
hidden,2,1,0.40807998367680065,0.3755445395823945,0.9055294837788206,0.06731503945680684,2,1
regularly,2,1,0.40807998367680065,0.3755445395823945,0.9055294837788206,0.06731503945680684,2,2
regular,2,1,0.40807998367680065,0.3755445395823945,0.9055294837788206,0.06731503945680684,2,1
himself,2,1,0.40807998367680065,0.3755445395823945,0.9055294837788206,0.06731503945680684,2,2
jeopardized,2,1,0.40807998367680065,0.3755445395823945,0.9055294837788206,0.06731503945680684,2,2
pushed,2,1,0.40807998367680065,0.3755445395823945,0.9055294837788206,0.06731503945680684,2,1
inner,2,1,0.40807998367680065,0.3755445395823945,0.9055294837788206,0.06731503945680684,2,1
human,2,1,0.40807998367680065,0.3755445395823945,0.9055294837788206,0.06731503945680684,2,2
receive,2,1,0.40807998367680065,0.3755445395823945,0.9055294837788206,0.06731503945680684,2,2
reassurance,2,1,0.40807998367680065,0.3755445395823945,0.9055294837788206,0.06731503945680684,2,2
reaction,2,1,0.40807998367680065,0.3755445395823945,0.9055294837788206,0.06731503945680684,2,1
field,2,1,0.40807998367680065,0.3755445395823945,0.9055294837788206,0.06731503945680684,2,2
faithfully,2,1,0.40807998367680065,0.3755445395823945,0.9055294837788206,0.06731503945680684,2,1
frustrated,2,1,0.40807998367680065,0.3755445395823945,0.9055294837788206,0.06731503945680684,2,1
sacrifice,2,1,0.40807998367680065,0.3755445395823945,0.9055294837788206,0.06731503945680684,2,1
sacrifices,2,1,0.40807998367680065,0.3755445395823945,0.9055294837788206,0.06731503945680684,2,2
options,2,1,0.40807998367680065,0.3755445395823945,0.9055294837788206,0.06731503945680684,2,1
golden,2,1,0.40807998367680065,0.3755445395823945,0.9055294837788206,0.06731503945680684,2,2
ride,2,1,0.40807998367680065,0.3755445395823945,0.9055294837788206,0.06731503945680684,2,1
rise,2,1,0.40807998367680065,0.3755445395823945,0.9055294837788206,0.06731503945680684,2,1
december,2,1,0.40807998367680065,0.3755445395823945,0.9055294837788206,0.06731503945680684,2,1
decisions,2,1,0.40807998367680065,0.3755445395823945,0.9055294837788206,0.06731503945680684,2,2
differently,2,1,0.40807998367680065,0.3755445395823945,0.9055294837788206,0.06731503945680684,2,1
details,2,1,0.40807998367680065,0.3755445395823945,0.9055294837788206,0.06731503945680684,2,2
sound,2,1,0.40807998367680065,0.3755445395823945,0.9055294837788206,0.06731503945680684,2,2
eight,2,1,0.40807998367680065,0.3755445395823945,0.9055294837788206,0.06731503945680684,2,2
drew,2,1,0.40807998367680065,0.3755445395823945,0.9055294837788206,0.06731503945680684,2,2
speaking,2,1,0.40807998367680065,0.3755445395823945,0.9055294837788206,0.06731503945680684,2,2
emotionally,2,1,0.40807998367680065,0.3755445395823945,0.9055294837788206,0.06731503945680684,2,2
esteem,2,1,0.40807998367680065,0.3755445395823945,0.9055294837788206,0.06731503945680684,2,1
eventually,2,1,0.40807998367680065,0.3755445395823945,0.9055294837788206,0.06731503945680684,2,2
sky,2,1,0.40807998367680065,0.3755445395823945,0.9055294837788206,0.06731503945680684,2,2
song,2,1,0.40807998367680065,0.3755445395823945,0.9055294837788206,0.06731503945680684,2,2
erase,2,1,0.40807998367680065,0.3755445395823945,0.9055294837788206,0.06731503945680684,2,2
smell,2,1,0.40807998367680065,0.3755445395823945,0.9055294837788206,0.06731503945680684,2,2
moon,2,1,0.40807998367680065,0.3755445395823945,0.9055294837788206,0.06731503945680684,2,1
shopping,2,1,0.40807998367680065,0.3755445395823945,0.9055294837788206,0.06731503945680684,2,2
example,2,1,0.40807998367680065,0.3755445395823945,0.9055294837788206,0.06731503945680684,1,1
exhausted,2,1,0.40807998367680065,0.3755445395823945,0.9055294837788206,0.06731503945680684,2,1
smart,2,1,0.40807998367680065,0.3755445395823945,0.9055294837788206,0.06731503945680684,2,2
gary,2,1,0.40807998367680065,0.3755445395823945,0.9055294837788206,0.06731503945680684,1,1
goal,2,1,0.40807998367680065,0.3755445395823945,0.9055294837788206,0.06731503945680684,2,2
glue,2,1,0.40807998367680065,0.3755445395823945,0.9055294837788206,0.06731503945680684,2,2
rooting,2,1,0.40807998367680065,0.3755445395823945,0.9055294837788206,0.06731503945680684,2,2
forgotten,2,1,0.40807998367680065,0.3755445395823945,0.9055294837788206,0.06731503945680684,2,2
following,2,1,0.40807998367680065,0.3755445395823945,0.9055294837788206,0.06731503945680684,2,2
saved,2,1,0.40807998367680065,0.3755445395823945,0.9055294837788206,0.06731503945680684,2,1
formed,2,1,0.40807998367680065,0.3755445395823945,0.9055294837788206,0.06731503945680684,2,2
freshman,2,1,0.40807998367680065,0.3755445395823945,0.9055294837788206,0.06731503945680684,2,2
fireflies,2,1,0.40807998367680065,0.3755445395823945,0.9055294837788206,0.06731503945680684,2,1
sweetheart,2,1,0.40807998367680065,0.3755445395823945,0.9055294837788206,0.06731503945680684,2,1
covered,2,1,0.40807998367680065,0.3755445395823945,0.9055294837788206,0.06731503945680684,2,1
book,2,1,0.40807998367680065,0.3755445395823945,0.9055294837788206,0.06731503945680684,2,2
november,2,1,0.40807998367680065,0.3755445395823945,0.9055294837788206,0.06731503945680684,2,2
near,2,1,0.40807998367680065,0.3755445395823945,0.9055294837788206,0.06731503945680684,2,1
number,2,1,0.40807998367680065,0.3755445395823945,0.9055294837788206,0.06731503945680684,2,2
tv,2,1,0.40807998367680065,0.3755445395823945,0.9055294837788206,0.06731503945680684,2,2
boys,2,1,0.40807998367680065,0.3755445395823945,0.9055294837788206,0.06731503945680684,1,2
brainstorm,2,1,0.40807998367680065,0.3755445395823945,0.9055294837788206,0.06731503945680684,2,1
trail,2,1,0.40807998367680065,0.3755445395823945,0.9055294837788206,0.06731503945680684,2,2
ceremony,2,1,0.40807998367680065,0.3755445395823945,0.9055294837788206,0.06731503945680684,2,2
cause,2,1,0.40807998367680065,0.3755445395823945,0.9055294837788206,0.06731503945680684,2,1
capture,2,1,0.40807998367680065,0.3755445395823945,0.9055294837788206,0.06731503945680684,2,2
consider,2,1,0.40807998367680065,0.3755445395823945,0.9055294837788206,0.06731503945680684,2,1
task,2,1,0.40807998367680065,0.3755445395823945,0.9055294837788206,0.06731503945680684,2,2
taste,2,1,0.40807998367680065,0.3755445395823945,0.9055294837788206,0.06731503945680684,2,2
they're,2,1,0.40807998367680065,0.3755445395823945,0.9055294837788206,0.06731503945680684,2,2
tight,2,1,0.40807998367680065,0.3755445395823945,0.9055294837788206,0.06731503945680684,2,2
dealing,2,1,0.40807998367680065,0.3755445395823945,0.9055294837788206,0.06731503945680684,2,2
couch,2,1,0.40807998367680065,0.3755445395823945,0.9055294837788206,0.06731503945680684,2,2
updated,2,1,0.40807998367680065,0.3755445395823945,0.9055294837788206,0.06731503945680684,2,1
uplifted,2,1,0.40807998367680065,0.3755445395823945,0.9055294837788206,0.06731503945680684,2,1
beach,2,1,0.40807998367680065,0.3755445395823945,0.9055294837788206,0.06731503945680684,2,1
bear,2,1,0.40807998367680065,0.3755445395823945,0.9055294837788206,0.06731503945680684,2,2
blissful,2,1,0.40807998367680065,0.3755445395823945,0.9055294837788206,0.06731503945680684,2,1
valid,2,1,0.40807998367680065,0.3755445395823945,0.9055294837788206,0.06731503945680684,2,1
arrangements,2,1,0.40807998367680065,0.3755445395823945,0.9055294837788206,0.06731503945680684,2,1
walls,2,1,0.40807998367680065,0.3755445395823945,0.9055294837788206,0.06731503945680684,2,2
walked,2,1,0.40807998367680065,0.3755445395823945,0.9055294837788206,0.06731503945680684,2,2
appear,2,1,0.40807998367680065,0.3755445395823945,0.9055294837788206,0.06731503945680684,2,2
annie,2,1,0.40807998367680065,0.3755445395823945,0.9055294837788206,0.06731503945680684,1,1
anger,2,1,0.40807998367680065,0.3755445395823945,0.9055294837788206,0.06731503945680684,2,2
admit,2,1,0.40807998367680065,0.3755445395823945,0.9055294837788206,0.06731503945680684,2,1
wiser,2,1,0.40807998367680065,0.3755445395823945,0.9055294837788206,0.06731503945680684,2,1
stronger,17,9,3.4686798612528054,3.3799008562415502,1.0008483768081702,0.06242815819375974,16,5
thinking,30,16,6.12119975515201,6.008712633318312,1.0043145183728739,0.05948415671612128,26,5
most,30,16,6.12119975515201,6.008712633318312,1.0043145183728739,0.05948415671612128,24,6
caring,15,8,3.060599877576005,3.004356316659156,0.9907557881344744,0.04204889097617255,13,5
of,641,348,130.7896347684146,130.68949977467327,1.0001098947100948,0.011564399595400414,81,8
call,35,19,7.141399714344011,7.135346252065495,0.9891168207430195,0.002954860873964962,33,7
tears,11,6,2.2444399102224035,2.253267237494367,0.9612543750882865,-0.007675773222295809,10,4
sit,11,6,2.2444399102224035,2.253267237494367,0.9612543750882865,-0.007675773222295809,10,2
might,11,6,2.2444399102224035,2.253267237494367,0.9612543750882865,-0.007675773222295809,10,5
showing,11,6,2.2444399102224035,2.253267237494367,0.9612543750882865,-0.007675773222295809,11,4
talk,33,18,6.733319730667211,6.7598017124831005,0.9838455472407727,-0.013300812764131465,30,4
lunch,9,5,1.836359926545603,1.8777226979119723,0.938457828643505,-0.03963122687729199,8,4
inspiring,9,5,1.836359926545603,1.8777226979119723,0.938457828643505,-0.03963122687729199,9,6
failed,9,5,1.836359926545603,1.8777226979119723,0.938457828643505,-0.03963122687729199,9,1
mind,9,5,1.836359926545603,1.8777226979119723,0.938457828643505,-0.03963122687729199,9,6
excited,9,5,1.836359926545603,1.8777226979119723,0.938457828643505,-0.03963122687729199,9,5
three,9,5,1.836359926545603,1.8777226979119723,0.938457828643505,-0.03963122687729199,7,4
long,49,27,9.997959600081616,10.139702568724651,0.9779718424811263,-0.058337617044081934,40,6
met,38,21,7.753519689859212,7.886435331230284,0.9729177244321282,-0.06207328045873763,32,6
turned,7,4,1.4282799428688022,1.502178158329578,0.9055294837788206,-0.0798686848364434,7,3
learned,7,4,1.4282799428688022,1.502178158329578,0.9055294837788206,-0.0798686848364434,6,5
grief,7,4,1.4282799428688022,1.502178158329578,0.9055294837788206,-0.0798686848364434,7,1
taken,7,4,1.4282799428688022,1.502178158329578,0.9055294837788206,-0.0798686848364434,7,3
meeting,7,4,1.4282799428688022,1.502178158329578,0.9055294837788206,-0.0798686848364434,7,3
meaning,7,4,1.4282799428688022,1.502178158329578,0.9055294837788206,-0.0798686848364434,6,4
last,65,36,13.26259946949602,13.519603424966201,0.9749947592467849,-0.0917855922770953,43,6
condolences,14,8,2.8565598857376044,3.004356316659156,0.9268360598677341,-0.11296792521543245,14,2
helped,14,8,2.8565598857376044,3.004356316659156,0.9268360598677341,-0.11296792521543245,12,5
difficult,32,18,6.52927973882881,6.7598017124831005,0.9544770234425406,-0.11692698813793506,29,4
terrible,5,3,1.0201999591920017,1.1266336187471835,0.8537849418486023,-0.13484277672786885,4,2
abilities,5,3,1.0201999591920017,1.1266336187471835,0.8537849418486023,-0.13484277672786885,5,2
absence,5,3,1.0201999591920017,1.1266336187471835,0.8537849418486023,-0.13484277672786885,5,3
running,5,3,1.0201999591920017,1.1266336187471835,0.8537849418486023,-0.13484277672786885,4,4
waiting,5,3,1.0201999591920017,1.1266336187471835,0.8537849418486023,-0.13484277672786885,5,3
forgiveness,5,3,1.0201999591920017,1.1266336187471835,0.8537849418486023,-0.13484277672786885,5,1
cared,5,3,1.0201999591920017,1.1266336187471835,0.8537849418486023,-0.13484277672786885,5,1
smiling,5,3,1.0201999591920017,1.1266336187471835,0.8537849418486023,-0.13484277672786885,5,2
void,5,3,1.0201999591920017,1.1266336187471835,0.8537849418486023,-0.13484277672786885,5,3
ones,5,3,1.0201999591920017,1.1266336187471835,0.8537849418486023,-0.13484277672786885,5,2
reach,21,12,4.284839828606406,4.506534474988734,0.9345064272597429,-0.138377159948781,20,6
ago,12,7,2.448479902060804,2.6288117770767614,0.9055294837788207,-0.14829865968104983,11,4
losing,10,6,2.0403999183840034,2.253267237494367,0.8776670381240878,-0.19071693292373607,10,4
forget,17,10,3.4686798612528054,3.7554453958239447,0.9055294837788207,-0.19783861872794342,15,5
apology,17,10,3.4686798612528054,3.7554453958239447,0.9055294837788207,-0.19783861872794342,13,1
older,3,2,0.612119975515201,0.751089079164789,0.7606447663742094,-0.22240659370991114,3,2
worry,3,2,0.612119975515201,0.751089079164789,0.7606447663742094,-0.22240659370991114,3,2
point,3,2,0.612119975515201,0.751089079164789,0.7606447663742094,-0.22240659370991114,3,2
prioritize,3,2,0.612119975515201,0.751089079164789,0.7606447663742094,-0.22240659370991114,3,1
lie,3,2,0.612119975515201,0.751089079164789,0.7606447663742094,-0.22240659370991114,3,3
limited,3,2,0.612119975515201,0.751089079164789,0.7606447663742094,-0.22240659370991114,3,2
action,3,2,0.612119975515201,0.751089079164789,0.7606447663742094,-0.22240659370991114,3,3
member,3,2,0.612119975515201,0.751089079164789,0.7606447663742094,-0.22240659370991114,3,3
cooking,3,2,0.612119975515201,0.751089079164789,0.7606447663742094,-0.22240659370991114,3,3
desire,3,2,0.612119975515201,0.751089079164789,0.7606447663742094,-0.22240659370991114,3,1
dates,3,2,0.612119975515201,0.751089079164789,0.7606447663742094,-0.22240659370991114,3,1
shy,3,2,0.612119975515201,0.751089079164789,0.7606447663742094,-0.22240659370991114,3,2
town,3,2,0.612119975515201,0.751089079164789,0.7606447663742094,-0.22240659370991114,3,1
chaos,3,2,0.612119975515201,0.751089079164789,0.7606447663742094,-0.22240659370991114,3,3
born,3,2,0.612119975515201,0.751089079164789,0.7606447663742094,-0.22240659370991114,3,2
perfectly,3,2,0.612119975515201,0.751089079164789,0.7606447663742094,-0.22240659370991114,2,2
mornings,3,2,0.612119975515201,0.751089079164789,0.7606447663742094,-0.22240659370991114,3,3
hopes,3,2,0.612119975515201,0.751089079164789,0.7606447663742094,-0.22240659370991114,3,2
reached,3,2,0.612119975515201,0.751089079164789,0.7606447663742094,-0.22240659370991114,3,3
hug,3,2,0.612119975515201,0.751089079164789,0.7606447663742094,-0.22240659370991114,3,2
watch,3,2,0.612119975515201,0.751089079164789,0.7606447663742094,-0.22240659370991114,3,3
hardest,3,2,0.612119975515201,0.751089079164789,0.7606447663742094,-0.22240659370991114,3,2
handled,3,2,0.612119975515201,0.751089079164789,0.7606447663742094,-0.22240659370991114,3,3
promised,3,2,0.612119975515201,0.751089079164789,0.7606447663742094,-0.22240659370991114,3,3
music,3,2,0.612119975515201,0.751089079164789,0.7606447663742094,-0.22240659370991114,3,2
raised,3,2,0.612119975515201,0.751089079164789,0.7606447663742094,-0.22240659370991114,3,3
season,3,2,0.612119975515201,0.751089079164789,0.7606447663742094,-0.22240659370991114,3,3
interview,3,2,0.612119975515201,0.751089079164789,0.7606447663742094,-0.22240659370991114,3,2
arms,3,2,0.612119975515201,0.751089079164789,0.7606447663742094,-0.22240659370991114,3,2
feet,3,2,0.612119975515201,0.751089079164789,0.7606447663742094,-0.22240659370991114,3,2
began,3,2,0.612119975515201,0.751089079164789,0.7606447663742094,-0.22240659370991114,3,2
skills,3,2,0.612119975515201,0.751089079164789,0.7606447663742094,-0.22240659370991114,3,2
smile,31,18,6.32523974699041,6.7598017124831005,0.9251084996443085,-0.22262821858332188,26,6
others,15,9,3.060599877576005,3.3799008562415502,0.8864657051729509,-0.23360463602169718,12,5
shop,8,5,1.6323199347072026,1.8777226979119723,0.8396727940494518,-0.24381444480048187,7,4
stood,8,5,1.6323199347072026,1.8777226979119723,0.8396727940494518,-0.24381444480048187,8,4
back,41,24,8.365639665374413,9.013068949977468,0.9203136386160259,-0.28802843319020943,31,7
enough,18,11,3.672719853091206,4.1309899354063395,0.874032806082166,-0.30497833709409644,16,6
who,71,41,14.486839420526422,15.397326122878173,0.9360774663641303,-0.30879368912993554,46,8
dark,6,4,1.224239951030402,1.502178158329578,0.7847922192749778,-0.3145517720666865,5,4
does,6,4,1.224239951030402,1.502178158329578,0.7847922192749778,-0.3145517720666865,5,2
lessons,6,4,1.224239951030402,1.502178158329578,0.7847922192749778,-0.3145517720666865,6,4
movie,6,4,1.224239951030402,1.502178158329578,0.7847922192749778,-0.3145517720666865,6,4
else,11,7,2.2444399102224035,2.6288117770767614,0.8330871250765151,-0.3244906217334062,11,5
both,30,18,6.12119975515201,6.7598017124831005,0.8957399758460767,-0.33047317056134795,25,6
showed,16,10,3.264639869414405,3.7554453958239447,0.8537849418486023,-0.3448660986520224,14,5
soul,16,10,3.264639869414405,3.7554453958239447,0.8537849418486023,-0.3448660986520224,14,5
without,42,25,8.569679657212813,9.388613489559862,0.9055294837788207,-0.35881856569326304,33,6
grown,9,6,1.836359926545603,2.253267237494367,0.7940797011598888,-0.385271822570125,9,3
free,14,9,2.8565598857376044,3.3799008562415502,0.829274369355341,-0.39082193780493096,14,3
at,139,80,28.361558865537646,30.043563166591557,0.9415256868607117,-0.4085415405021911,62,8
remember,105,61,21.424199143032034,22.90821691452606,0.9320327857430789,-0.41370371637945264,61,7
guitar,4,3,0.8161599673536013,1.1266336187471835,0.6985513160579474,-0.41890177747859314,4,2
although,4,3,0.8161599673536013,1.1266336187471835,0.6985513160579474,-0.41890177747859314,4,3
wishing,4,3,0.8161599673536013,1.1266336187471835,0.6985513160579474,-0.41890177747859314,4,2
precious,4,3,0.8161599673536013,1.1266336187471835,0.6985513160579474,-0.41890177747859314,4,3
nature,4,3,0.8161599673536013,1.1266336187471835,0.6985513160579474,-0.41890177747859314,4,4
asking,4,3,0.8161599673536013,1.1266336187471835,0.6985513160579474,-0.41890177747859314,4,4
mistakes,4,3,0.8161599673536013,1.1266336187471835,0.6985513160579474,-0.41890177747859314,4,2
treated,4,3,0.8161599673536013,1.1266336187471835,0.6985513160579474,-0.41890177747859314,4,3
connected,4,3,0.8161599673536013,1.1266336187471835,0.6985513160579474,-0.41890177747859314,4,2
planned,4,3,0.8161599673536013,1.1266336187471835,0.6985513160579474,-0.41890177747859314,3,3
company,4,3,0.8161599673536013,1.1266336187471835,0.6985513160579474,-0.41890177747859314,4,3
meaningful,4,3,0.8161599673536013,1.1266336187471835,0.6985513160579474,-0.41890177747859314,4,3
acknowledge,4,3,0.8161599673536013,1.1266336187471835,0.6985513160579474,-0.41890177747859314,4,2
first,50,30,10.201999591920016,11.266336187471834,0.8995915855245333,-0.42682218807761196,41,8
worrying,1,1,0.20403999183840033,0.3755445395823945,0.5433176902672924,-0.4282161551999038,1,1
worse,1,1,0.20403999183840033,0.3755445395823945,0.5433176902672924,-0.4282161551999038,1,1
james,1,1,0.20403999183840033,0.3755445395823945,0.5433176902672924,-0.4282161551999038,1,1
among,1,1,0.20403999183840033,0.3755445395823945,0.5433176902672924,-0.4282161551999038,1,1
lasts,1,1,0.20403999183840033,0.3755445395823945,0.5433176902672924,-0.4282161551999038,1,1
accomplishments,1,1,0.20403999183840033,0.3755445395823945,0.5433176902672924,-0.4282161551999038,1,1
absolutely,1,1,0.20403999183840033,0.3755445395823945,0.5433176902672924,-0.4282161551999038,1,1
accepted,1,1,0.20403999183840033,0.3755445395823945,0.5433176902672924,-0.4282161551999038,1,1
popcorn,1,1,0.20403999183840033,0.3755445395823945,0.5433176902672924,-0.4282161551999038,1,1
worried,1,1,0.20403999183840033,0.3755445395823945,0.5433176902672924,-0.4282161551999038,1,1
positivity,1,1,0.20403999183840033,0.3755445395823945,0.5433176902672924,-0.4282161551999038,1,1
admired,1,1,0.20403999183840033,0.3755445395823945,0.5433176902672924,-0.4282161551999038,1,1
adore,1,1,0.20403999183840033,0.3755445395823945,0.5433176902672924,-0.4282161551999038,1,1
achieving,1,1,0.20403999183840033,0.3755445395823945,0.5433176902672924,-0.4282161551999038,1,1
acting,1,1,0.20403999183840033,0.3755445395823945,0.5433176902672924,-0.4282161551999038,1,1
accountability,1,1,0.20403999183840033,0.3755445395823945,0.5433176902672924,-0.4282161551999038,1,1
presentations,1,1,0.20403999183840033,0.3755445395823945,0.5433176902672924,-0.4282161551999038,1,1
privacy,1,1,0.20403999183840033,0.3755445395823945,0.5433176902672924,-0.4282161551999038,1,1
problem,1,1,0.20403999183840033,0.3755445395823945,0.5433176902672924,-0.4282161551999038,1,1
proceed,1,1,0.20403999183840033,0.3755445395823945,0.5433176902672924,-0.4282161551999038,1,1
teasing,1,1,0.20403999183840033,0.3755445395823945,0.5433176902672924,-0.4282161551999038,1,1
comfortable,1,1,0.20403999183840033,0.3755445395823945,0.5433176902672924,-0.4282161551999038,1,1
comforts,1,1,0.20403999183840033,0.3755445395823945,0.5433176902672924,-0.4282161551999038,1,1
teenage,1,1,0.20403999183840033,0.3755445395823945,0.5433176902672924,-0.4282161551999038,1,1
colleague,1,1,0.20403999183840033,0.3755445395823945,0.5433176902672924,-0.4282161551999038,1,1
megan,1,1,0.20403999183840033,0.3755445395823945,0.5433176902672924,-0.4282161551999038,1,1
memorable,1,1,0.20403999183840033,0.3755445395823945,0.5433176902672924,-0.4282161551999038,1,1
meat,1,1,0.20403999183840033,0.3755445395823945,0.5433176902672924,-0.4282161551999038,1,1
cover,1,1,0.20403999183840033,0.3755445395823945,0.5433176902672924,-0.4282161551999038,1,1
cost,1,1,0.20403999183840033,0.3755445395823945,0.5433176902672924,-0.4282161551999038,1,1
country,1,1,0.20403999183840033,0.3755445395823945,0.5433176902672924,-0.4282161551999038,1,1
cleaning,1,1,0.20403999183840033,0.3755445395823945,0.5433176902672924,-0.4282161551999038,1,1
chose,1,1,0.20403999183840033,0.3755445395823945,0.5433176902672924,-0.4282161551999038,1,1
character,1,1,0.20403999183840033,0.3755445395823945,0.5433176902672924,-0.4282161551999038,1,1
careless,1,1,0.20403999183840033,0.3755445395823945,0.5433176902672924,-0.4282161551999038,1,1
confide,1,1,0.20403999183840033,0.3755445395823945,0.5433176902672924,-0.4282161551999038,1,1
overcoming,1,1,0.20403999183840033,0.3755445395823945,0.5433176902672924,-0.4282161551999038,1,1
condition,1,1,0.20403999183840033,0.3755445395823945,0.5433176902672924,-0.4282161551999038,1,1
swamped,1,1,0.20403999183840033,0.3755445395823945,0.5433176902672924,-0.4282161551999038,1,1
convinced,1,1,0.20403999183840033,0.3755445395823945,0.5433176902672924,-0.4282161551999038,1,1
considerate,1,1,0.20403999183840033,0.3755445395823945,0.5433176902672924,-0.4282161551999038,1,1
consistently,1,1,0.20403999183840033,0.3755445395823945,0.5433176902672924,-0.4282161551999038,1,1
constantly,1,1,0.20403999183840033,0.3755445395823945,0.5433176902672924,-0.4282161551999038,1,1
departure,1,1,0.20403999183840033,0.3755445395823945,0.5433176902672924,-0.4282161551999038,1,1
describe,1,1,0.20403999183840033,0.3755445395823945,0.5433176902672924,-0.4282161551999038,1,1
desperation,1,1,0.20403999183840033,0.3755445395823945,0.5433176902672924,-0.4282161551999038,1,1
pal,1,1,0.20403999183840033,0.3755445395823945,0.5433176902672924,-0.4282161551999038,1,1
math,1,1,0.20403999183840033,0.3755445395823945,0.5433176902672924,-0.4282161551999038,1,1
deed,1,1,0.20403999183840033,0.3755445395823945,0.5433176902672924,-0.4282161551999038,1,1
succeed,1,1,0.20403999183840033,0.3755445395823945,0.5433176902672924,-0.4282161551999038,1,1
successful,1,1,0.20403999183840033,0.3755445395823945,0.5433176902672924,-0.4282161551999038,1,1
suddenly,1,1,0.20403999183840033,0.3755445395823945,0.5433176902672924,-0.4282161551999038,1,1
dare,1,1,0.20403999183840033,0.3755445395823945,0.5433176902672924,-0.4282161551999038,1,1
data,1,1,0.20403999183840033,0.3755445395823945,0.5433176902672924,-0.4282161551999038,1,1
crisis,1,1,0.20403999183840033,0.3755445395823945,0.5433176902672924,-0.4282161551999038,1,1
cruel,1,1,0.20403999183840033,0.3755445395823945,0.5433176902672924,-0.4282161551999038,1,1
spending,1,1,0.20403999183840033,0.3755445395823945,0.5433176902672924,-0.4282161551999038,1,1
eagerness,1,1,0.20403999183840033,0.3755445395823945,0.5433176902672924,-0.4282161551999038,1,1
spring,1,1,0.20403999183840033,0.3755445395823945,0.5433176902672924,-0.4282161551999038,1,1
duty,1,1,0.20403999183840033,0.3755445395823945,0.5433176902672924,-0.4282161551999038,1,1
st,1,1,0.20403999183840033,0.3755445395823945,0.5433176902672924,-0.4282161551999038,1,1
drinks,1,1,0.20403999183840033,0.3755445395823945,0.5433176902672924,-0.4282161551999038,1,1
dreamed,1,1,0.20403999183840033,0.3755445395823945,0.5433176902672924,-0.4282161551999038,1,1
bump,1,1,0.20403999183840033,0.3755445395823945,0.5433176902672924,-0.4282161551999038,1,1
busier,1,1,0.20403999183840033,0.3755445395823945,0.5433176902672924,-0.4282161551999038,1,1
truth,1,1,0.20403999183840033,0.3755445395823945,0.5433176902672924,-0.4282161551999038,1,1
braai,1,1,0.20403999183840033,0.3755445395823945,0.5433176902672924,-0.4282161551999038,1,1
braais,1,1,0.20403999183840033,0.3755445395823945,0.5433176902672924,-0.4282161551999038,1,1
terribly,1,1,0.20403999183840033,0.3755445395823945,0.5433176902672924,-0.4282161551999038,1,1
tested,1,1,0.20403999183840033,0.3755445395823945,0.5433176902672924,-0.4282161551999038,1,1
club,1,1,0.20403999183840033,0.3755445395823945,0.5433176902672924,-0.4282161551999038,1,1
outside,1,1,0.20403999183840033,0.3755445395823945,0.5433176902672924,-0.4282161551999038,1,1
thick,1,1,0.20403999183840033,0.3755445395823945,0.5433176902672924,-0.4282161551999038,1,1
porch,1,1,0.20403999183840033,0.3755445395823945,0.5433176902672924,-0.4282161551999038,1,1
thin,1,1,0.20403999183840033,0.3755445395823945,0.5433176902672924,-0.4282161551999038,1,1
steal,1,1,0.20403999183840033,0.3755445395823945,0.5433176902672924,-0.4282161551999038,1,1
stopped,1,1,0.20403999183840033,0.3755445395823945,0.5433176902672924,-0.4282161551999038,1,1
stomachs,1,1,0.20403999183840033,0.3755445395823945,0.5433176902672924,-0.4282161551999038,1,1
experienced,1,1,0.20403999183840033,0.3755445395823945,0.5433176902672924,-0.4282161551999038,1,1
main,1,1,0.20403999183840033,0.3755445395823945,0.5433176902672924,-0.4282161551999038,1,1
sleep,1,1,0.20403999183840033,0.3755445395823945,0.5433176902672924,-0.4282161551999038,1,1
struggle,1,1,0.20403999183840033,0.3755445395823945,0.5433176902672924,-0.4282161551999038,1,1
eternally,1,1,0.20403999183840033,0.3755445395823945,0.5433176902672924,-0.4282161551999038,1,1
snapping,1,1,0.20403999183840033,0.3755445395823945,0.5433176902672924,-0.4282161551999038,1,1
endured,1,1,0.20403999183840033,0.3755445395823945,0.5433176902672924,-0.4282161551999038,1,1
embarrassment,1,1,0.20403999183840033,0.3755445395823945,0.5433176902672924,-0.4282161551999038,1,1
soulmate,1,1,0.20403999183840033,0.3755445395823945,0.5433176902672924,-0.4282161551999038,1,1
served,1,1,0.20403999183840033,0.3755445395823945,0.5433176902672924,-0.4282161551999038,1,1
shame,1,1,0.20403999183840033,0.3755445395823945,0.5433176902672924,-0.4282161551999038,1,1
slowly,1,1,0.20403999183840033,0.3755445395823945,0.5433176902672924,-0.4282161551999038,1,1
lungs,1,1,0.20403999183840033,0.3755445395823945,0.5433176902672924,-0.4282161551999038,1,1
fault,1,1,0.20403999183840033,0.3755445395823945,0.5433176902672924,-0.4282161551999038,1,1
fancy,1,1,0.20403999183840033,0.3755445395823945,0.5433176902672924,-0.4282161551999038,1,1
behalf,1,1,0.20403999183840033,0.3755445395823945,0.5433176902672924,-0.4282161551999038,1,1
unseen,1,1,0.20403999183840033,0.3755445395823945,0.5433176902672924,-0.4282161551999038,1,1
upcoming,1,1,0.20403999183840033,0.3755445395823945,0.5433176902672924,-0.4282161551999038,1,1
utterly,1,1,0.20403999183840033,0.3755445395823945,0.5433176902672924,-0.4282161551999038,1,1
aware,1,1,0.20403999183840033,0.3755445395823945,0.5433176902672924,-0.4282161551999038,1,1
awesome,1,1,0.20403999183840033,0.3755445395823945,0.5433176902672924,-0.4282161551999038,1,1
captain,1,1,0.20403999183840033,0.3755445395823945,0.5433176902672924,-0.4282161551999038,1,1
candy,1,1,0.20403999183840033,0.3755445395823945,0.5433176902672924,-0.4282161551999038,1,1
calls,1,1,0.20403999183840033,0.3755445395823945,0.5433176902672924,-0.4282161551999038,1,1
shows,1,1,0.20403999183840033,0.3755445395823945,0.5433176902672924,-0.4282161551999038,1,1
sickness,1,1,0.20403999183840033,0.3755445395823945,0.5433176902672924,-0.4282161551999038,1,1
signs,1,1,0.20403999183840033,0.3755445395823945,0.5433176902672924,-0.4282161551999038,1,1
feared,1,1,0.20403999183840033,0.3755445395823945,0.5433176902672924,-0.4282161551999038,1,1
rushing,1,1,0.20403999183840033,0.3755445395823945,0.5433176902672924,-0.4282161551999038,1,1
further,1,1,0.20403999183840033,0.3755445395823945,0.5433176902672924,-0.4282161551999038,1,1
fueled,1,1,0.20403999183840033,0.3755445395823945,0.5433176902672924,-0.4282161551999038,1,1
gardening,1,1,0.20403999183840033,0.3755445395823945,0.5433176902672924,-0.4282161551999038,1,1
four,1,1,0.20403999183840033,0.3755445395823945,0.5433176902672924,-0.4282161551999038,1,1
attempts,1,1,0.20403999183840033,0.3755445395823945,0.5433176902672924,-0.4282161551999038,1,1
attending,1,1,0.20403999183840033,0.3755445395823945,0.5433176902672924,-0.4282161551999038,1,1
saving,1,1,0.20403999183840033,0.3755445395823945,0.5433176902672924,-0.4282161551999038,1,1
attentive,1,1,0.20403999183840033,0.3755445395823945,0.5433176902672924,-0.4282161551999038,1,1
ultimately,1,1,0.20403999183840033,0.3755445395823945,0.5433176902672924,-0.4282161551999038,1,1
mission,1,1,0.20403999183840033,0.3755445395823945,0.5433176902672924,-0.4282161551999038,1,1
board,1,1,0.20403999183840033,0.3755445395823945,0.5433176902672924,-0.4282161551999038,1,1
bite,1,1,0.20403999183840033,0.3755445395823945,0.5433176902672924,-0.4282161551999038,1,1
benefit,1,1,0.20403999183840033,0.3755445395823945,0.5433176902672924,-0.4282161551999038,1,1
forsake,1,1,0.20403999183840033,0.3755445395823945,0.5433176902672924,-0.4282161551999038,1,1
separate,1,1,0.20403999183840033,0.3755445395823945,0.5433176902672924,-0.4282161551999038,1,1
fine,1,1,0.20403999183840033,0.3755445395823945,0.5433176902672924,-0.4282161551999038,1,1
figured,1,1,0.20403999183840033,0.3755445395823945,0.5433176902672924,-0.4282161551999038,1,1
seriously,1,1,0.20403999183840033,0.3755445395823945,0.5433176902672924,-0.4282161551999038,1,1
restored,1,1,0.20403999183840033,0.3755445395823945,0.5433176902672924,-0.4282161551999038,1,1
group,1,1,0.20403999183840033,0.3755445395823945,0.5433176902672924,-0.4282161551999038,1,1
grade,1,1,0.20403999183840033,0.3755445395823945,0.5433176902672924,-0.4282161551999038,1,1
grandmother,1,1,0.20403999183840033,0.3755445395823945,0.5433176902672924,-0.4282161551999038,1,1
goodness,1,1,0.20403999183840033,0.3755445395823945,0.5433176902672924,-0.4282161551999038,1,1
gps,1,1,0.20403999183840033,0.3755445395823945,0.5433176902672924,-0.4282161551999038,1,1
god's,1,1,0.20403999183840033,0.3755445395823945,0.5433176902672924,-0.4282161551999038,1,1
roles,1,1,0.20403999183840033,0.3755445395823945,0.5433176902672924,-0.4282161551999038,1,1
girlfriend,1,1,0.20403999183840033,0.3755445395823945,0.5433176902672924,-0.4282161551999038,1,1
romantic,1,1,0.20403999183840033,0.3755445395823945,0.5433176902672924,-0.4282161551999038,1,1
rooms,1,1,0.20403999183840033,0.3755445395823945,0.5433176902672924,-0.4282161551999038,1,1
roots,1,1,0.20403999183840033,0.3755445395823945,0.5433176902672924,-0.4282161551999038,1,1
hospital,1,1,0.20403999183840033,0.3755445395823945,0.5433176902672924,-0.4282161551999038,1,1
hit,1,1,0.20403999183840033,0.3755445395823945,0.5433176902672924,-0.4282161551999038,1,1
hiked,1,1,0.20403999183840033,0.3755445395823945,0.5433176902672924,-0.4282161551999038,1,1
hero,1,1,0.20403999183840033,0.3755445395823945,0.5433176902672924,-0.4282161551999038,1,1
healthy,1,1,0.20403999183840033,0.3755445395823945,0.5433176902672924,-0.4282161551999038,1,1
heartbreak,1,1,0.20403999183840033,0.3755445395823945,0.5433176902672924,-0.4282161551999038,1,1
heading,1,1,0.20403999183840033,0.3755445395823945,0.5433176902672924,-0.4282161551999038,1,1
respectful,1,1,0.20403999183840033,0.3755445395823945,0.5433176902672924,-0.4282161551999038,1,1
responded,1,1,0.20403999183840033,0.3755445395823945,0.5433176902672924,-0.4282161551999038,1,1
independent,1,1,0.20403999183840033,0.3755445395823945,0.5433176902672924,-0.4282161551999038,1,1
infinite,1,1,0.20403999183840033,0.3755445395823945,0.5433176902672924,-0.4282161551999038,1,1
reassured,1,1,0.20403999183840033,0.3755445395823945,0.5433176902672924,-0.4282161551999038,1,1
loads,1,1,0.20403999183840033,0.3755445395823945,0.5433176902672924,-0.4282161551999038,1,1
lonely,1,1,0.20403999183840033,0.3755445395823945,0.5433176902672924,-0.4282161551999038,1,1
ignore,1,1,0.20403999183840033,0.3755445395823945,0.5433176902672924,-0.4282161551999038,1,1
hunting,1,1,0.20403999183840033,0.3755445395823945,0.5433176902672924,-0.4282161551999038,1,1
aren't,1,1,0.20403999183840033,0.3755445395823945,0.5433176902672924,-0.4282161551999038,1,1
wave,1,1,0.20403999183840033,0.3755445395823945,0.5433176902672924,-0.4282161551999038,1,1
anytime,1,1,0.20403999183840033,0.3755445395823945,0.5433176902672924,-0.4282161551999038,1,1
weak,1,1,0.20403999183840033,0.3755445395823945,0.5433176902672924,-0.4282161551999038,1,1
amiable,1,1,0.20403999183840033,0.3755445395823945,0.5433176902672924,-0.4282161551999038,1,1
avoid,1,1,0.20403999183840033,0.3755445395823945,0.5433176902672924,-0.4282161551999038,1,1
via,1,1,0.20403999183840033,0.3755445395823945,0.5433176902672924,-0.4282161551999038,1,1
offers,1,1,0.20403999183840033,0.3755445395823945,0.5433176902672924,-0.4282161551999038,1,1
motivate,1,1,0.20403999183840033,0.3755445395823945,0.5433176902672924,-0.4282161551999038,1,1
vibe,1,1,0.20403999183840033,0.3755445395823945,0.5433176902672924,-0.4282161551999038,1,1
vibes,1,1,0.20403999183840033,0.3755445395823945,0.5433176902672924,-0.4282161551999038,1,1
hum,1,1,0.20403999183840033,0.3755445395823945,0.5433176902672924,-0.4282161551999038,1,1
humans,1,1,0.20403999183840033,0.3755445395823945,0.5433176902672924,-0.4282161551999038,1,1
humming,1,1,0.20403999183840033,0.3755445395823945,0.5433176902672924,-0.4282161551999038,1,1
hungry,1,1,0.20403999183840033,0.3755445395823945,0.5433176902672924,-0.4282161551999038,1,1
hopeful,1,1,0.20403999183840033,0.3755445395823945,0.5433176902672924,-0.4282161551999038,1,1
lines,1,1,0.20403999183840033,0.3755445395823945,0.5433176902672924,-0.4282161551999038,1,1
list,1,1,0.20403999183840033,0.3755445395823945,0.5433176902672924,-0.4282161551999038,1,1
piece,1,1,0.20403999183840033,0.3755445395823945,0.5433176902672924,-0.4282161551999038,1,1
lighter,1,1,0.20403999183840033,0.3755445395823945,0.5433176902672924,-0.4282161551999038,1,1
putting,1,1,0.20403999183840033,0.3755445395823945,0.5433176902672924,-0.4282161551999038,1,1
qualified,1,1,0.20403999183840033,0.3755445395823945,0.5433176902672924,-0.4282161551999038,1,1
interested,1,1,0.20403999183840033,0.3755445395823945,0.5433176902672924,-0.4282161551999038,1,1
introduced,1,1,0.20403999183840033,0.3755445395823945,0.5433176902672924,-0.4282161551999038,1,1
law,1,1,0.20403999183840033,0.3755445395823945,0.5433176902672924,-0.4282161551999038,1,1
leading,1,1,0.20403999183840033,0.3755445395823945,0.5433176902672924,-0.4282161551999038,1,1
pottery,1,1,0.20403999183840033,0.3755445395823945,0.5433176902672924,-0.4282161551999038,1,1
pour,1,1,0.20403999183840033,0.3755445395823945,0.5433176902672924,-0.4282161551999038,1,1
wore,1,1,0.20403999183840033,0.3755445395823945,0.5433176902672924,-0.4282161551999038,1,1
nearby,1,1,0.20403999183840033,0.3755445395823945,0.5433176902672924,-0.4282161551999038,1,1
movies,1,1,0.20403999183840033,0.3755445395823945,0.5433176902672924,-0.4282161551999038,1,1
vows,1,1,0.20403999183840033,0.3755445395823945,0.5433176902672924,-0.4282161551999038,1,1
vulnerable,1,1,0.20403999183840033,0.3755445395823945,0.5433176902672924,-0.4282161551999038,1,1
approached,1,1,0.20403999183840033,0.3755445395823945,0.5433176902672924,-0.4282161551999038,1,1
quieter,1,1,0.20403999183840033,0.3755445395823945,0.5433176902672924,-0.4282161551999038,1,1
instrumental,1,1,0.20403999183840033,0.3755445395823945,0.5433176902672924,-0.4282161551999038,1,1
intelligent,1,1,0.20403999183840033,0.3755445395823945,0.5433176902672924,-0.4282161551999038,1,1
inseparable,1,1,0.20403999183840033,0.3755445395823945,0.5433176902672924,-0.4282161551999038,1,1
insight,1,1,0.20403999183840033,0.3755445395823945,0.5433176902672924,-0.4282161551999038,1,1
white,1,1,0.20403999183840033,0.3755445395823945,0.5433176902672924,-0.4282161551999038,1,1
agreed,1,1,0.20403999183840033,0.3755445395823945,0.5433176902672924,-0.4282161551999038,1,1
wipe,1,1,0.20403999183840033,0.3755445395823945,0.5433176902672924,-0.4282161551999038,1,1
justified,1,1,0.20403999183840033,0.3755445395823945,0.5433176902672924,-0.4282161551999038,1,1
joked,1,1,0.20403999183840033,0.3755445395823945,0.5433176902672924,-0.4282161551999038,1,1
nervous,1,1,0.20403999183840033,0.3755445395823945,0.5433176902672924,-0.4282161551999038,1,1
promising,1,1,0.20403999183840033,0.3755445395823945,0.5433176902672924,-0.4282161551999038,1,1
jim,1,1,0.20403999183840033,0.3755445395823945,0.5433176902672924,-0.4282161551999038,1,1
provider,1,1,0.20403999183840033,0.3755445395823945,0.5433176902672924,-0.4282161551999038,1,1
accomplishment,1,1,0.20403999183840033,0.3755445395823945,0.5433176902672924,-0.4282161551999038,1,1
must,12,8,2.448479902060804,3.004356316659156,0.7989966033342536,-0.44490378387729,10,3
change,12,8,2.448479902060804,3.004356316659156,0.7989966033342536,-0.44490378387729,12,4
there's,12,8,2.448479902060804,3.004356316659156,0.7989966033342536,-0.44490378387729,12,5
prayers,12,8,2.448479902060804,3.004356316659156,0.7989966033342536,-0.44490378387729,11,1
week,17,11,3.4686798612528054,4.1309899354063395,0.8267877895371841,-0.4482607446660832,14,4
climb,0,1,0.0,0.3755445395823945,0.1811058967557641,-0.4560335377615026,0,0
chosen,0,1,0.0,0.3755445395823945,0.1811058967557641,-0.4560335377615026,0,0
closeness,0,1,0.0,0.3755445395823945,0.1811058967557641,-0.4560335377615026,0,0
clubs,0,1,0.0,0.3755445395823945,0.1811058967557641,-0.4560335377615026,0,0
thankyou,0,1,0.0,0.3755445395823945,0.1811058967557641,-0.4560335377615026,0,0
thato,0,1,0.0,0.3755445395823945,0.1811058967557641,-0.4560335377615026,0,0
seniors,0,1,0.0,0.3755445395823945,0.1811058967557641,-0.4560335377615026,0,0
senoir,0,1,0.0,0.3755445395823945,0.1811058967557641,-0.4560335377615026,0,0
serious,0,1,0.0,0.3755445395823945,0.1811058967557641,-0.4560335377615026,0,0
finance,0,1,0.0,0.3755445395823945,0.1811058967557641,-0.4560335377615026,0,0
clay,0,1,0.0,0.3755445395823945,0.1811058967557641,-0.4560335377615026,0,0
fifteen,0,1,0.0,0.3755445395823945,0.1811058967557641,-0.4560335377615026,0,0
misfortune,0,1,0.0,0.3755445395823945,0.1811058967557641,-0.4560335377615026,0,0
milly,0,1,0.0,0.3755445395823945,0.1811058967557641,-0.4560335377615026,0,0
organization's,0,1,0.0,0.3755445395823945,0.1811058967557641,-0.4560335377615026,0,0
otherwise,0,1,0.0,0.3755445395823945,0.1811058967557641,-0.4560335377615026,0,0
foe,0,1,0.0,0.3755445395823945,0.1811058967557641,-0.4560335377615026,0,0
shard,0,1,0.0,0.3755445395823945,0.1811058967557641,-0.4560335377615026,0,0
sharp,0,1,0.0,0.3755445395823945,0.1811058967557641,-0.4560335377615026,0,0
favourite,0,1,0.0,0.3755445395823945,0.1811058967557641,-0.4560335377615026,0,0
commence,0,1,0.0,0.3755445395823945,0.1811058967557641,-0.4560335377615026,0,0
commendable,0,1,0.0,0.3755445395823945,0.1811058967557641,-0.4560335377615026,0,0
teen,0,1,0.0,0.3755445395823945,0.1811058967557641,-0.4560335377615026,0,0
tells,0,1,0.0,0.3755445395823945,0.1811058967557641,-0.4560335377615026,0,0
finest,0,1,0.0,0.3755445395823945,0.1811058967557641,-0.4560335377615026,0,0
seed,0,1,0.0,0.3755445395823945,0.1811058967557641,-0.4560335377615026,0,0
forcused,0,1,0.0,0.3755445395823945,0.1811058967557641,-0.4560335377615026,0,0
floor,0,1,0.0,0.3755445395823945,0.1811058967557641,-0.4560335377615026,0,0
fly,0,1,0.0,0.3755445395823945,0.1811058967557641,-0.4560335377615026,0,0
loudly,0,1,0.0,0.3755445395823945,0.1811058967557641,-0.4560335377615026,0,0
fourth,0,1,0.0,0.3755445395823945,0.1811058967557641,-0.4560335377615026,0,0
scenario,0,1,0.0,0.3755445395823945,0.1811058967557641,-0.4560335377615026,0,0
scene,0,1,0.0,0.3755445395823945,0.1811058967557641,-0.4560335377615026,0,0
scent,0,1,0.0,0.3755445395823945,0.1811058967557641,-0.4560335377615026,0,0
scratched,0,1,0.0,0.3755445395823945,0.1811058967557641,-0.4560335377615026,0,0
forgeting,0,1,0.0,0.3755445395823945,0.1811058967557641,-0.4560335377615026,0,0
forgiving,0,1,0.0,0.3755445395823945,0.1811058967557641,-0.4560335377615026,0,0
formula,0,1,0.0,0.3755445395823945,0.1811058967557641,-0.4560335377615026,0,0
clause,0,1,0.0,0.3755445395823945,0.1811058967557641,-0.4560335377615026,0,0
seethe,0,1,0.0,0.3755445395823945,0.1811058967557641,-0.4560335377615026,0,0
selected,0,1,0.0,0.3755445395823945,0.1811058967557641,-0.4560335377615026,0,0
firms,0,1,0.0,0.3755445395823945,0.1811058967557641,-0.4560335377615026,0,0
fixed,0,1,0.0,0.3755445395823945,0.1811058967557641,-0.4560335377615026,0,0
flashbacks,0,1,0.0,0.3755445395823945,0.1811058967557641,-0.4560335377615026,0,0
flaws,0,1,0.0,0.3755445395823945,0.1811058967557641,-0.4560335377615026,0,0
sells,0,1,0.0,0.3755445395823945,0.1811058967557641,-0.4560335377615026,0,0
outburst,0,1,0.0,0.3755445395823945,0.1811058967557641,-0.4560335377615026,0,0
outing,0,1,0.0,0.3755445395823945,0.1811058967557641,-0.4560335377615026,0,0
outstand,0,1,0.0,0.3755445395823945,0.1811058967557641,-0.4560335377615026,0,0
thier,0,1,0.0,0.3755445395823945,0.1811058967557641,-0.4560335377615026,0,0
classic,0,1,0.0,0.3755445395823945,0.1811058967557641,-0.4560335377615026,0,0
cocoon,0,1,0.0,0.3755445395823945,0.1811058967557641,-0.4560335377615026,0,0
seated,0,1,0.0,0.3755445395823945,0.1811058967557641,-0.4560335377615026,0,0
shock,0,1,0.0,0.3755445395823945,0.1811058967557641,-0.4560335377615026,0,0
mice,0,1,0.0,0.3755445395823945,0.1811058967557641,-0.4560335377615026,0,0
meetup,0,1,0.0,0.3755445395823945,0.1811058967557641,-0.4560335377615026,0,0
concious,0,1,0.0,0.3755445395823945,0.1811058967557641,-0.4560335377615026,0,0
concluded,0,1,0.0,0.3755445395823945,0.1811058967557641,-0.4560335377615026,0,0
conference,0,1,0.0,0.3755445395823945,0.1811058967557641,-0.4560335377615026,0,0
tbh,0,1,0.0,0.3755445395823945,0.1811058967557641,-0.4560335377615026,0,0
tearing,0,1,0.0,0.3755445395823945,0.1811058967557641,-0.4560335377615026,0,0
communicative,0,1,0.0,0.3755445395823945,0.1811058967557641,-0.4560335377615026,0,0
compatibility,0,1,0.0,0.3755445395823945,0.1811058967557641,-0.4560335377615026,0,0
comedic,0,1,0.0,0.3755445395823945,0.1811058967557641,-0.4560335377615026,0,0
comforter,0,1,0.0,0.3755445395823945,0.1811058967557641,-0.4560335377615026,0,0
explained,0,1,0.0,0.3755445395823945,0.1811058967557641,-0.4560335377615026,0,0
coke,0,1,0.0,0.3755445395823945,0.1811058967557641,-0.4560335377615026,0,0
tart,0,1,0.0,0.3755445395823945,0.1811058967557641,-0.4560335377615026,0,0
confided,0,1,0.0,0.3755445395823945,0.1811058967557641,-0.4560335377615026,0,0
confirmation,0,1,0.0,0.3755445395823945,0.1811058967557641,-0.4560335377615026,0,0
confirmed,0,1,0.0,0.3755445395823945,0.1811058967557641,-0.4560335377615026,0,0
confused,0,1,0.0,0.3755445395823945,0.1811058967557641,-0.4560335377615026,0,0
completing,0,1,0.0,0.3755445395823945,0.1811058967557641,-0.4560335377615026,0,0
outstanding,0,1,0.0,0.3755445395823945,0.1811058967557641,-0.4560335377615026,0,0
overcame,0,1,0.0,0.3755445395823945,0.1811058967557641,-0.4560335377615026,0,0
mentally,0,1,0.0,0.3755445395823945,0.1811058967557641,-0.4560335377615026,0,0
merited,0,1,0.0,0.3755445395823945,0.1811058967557641,-0.4560335377615026,0,0
ma,0,1,0.0,0.3755445395823945,0.1811058967557641,-0.4560335377615026,0,0
madness,0,1,0.0,0.3755445395823945,0.1811058967557641,-0.4560335377615026,0,0
farm,0,1,0.0,0.3755445395823945,0.1811058967557641,-0.4560335377615026,0,0
extended,0,1,0.0,0.3755445395823945,0.1811058967557641,-0.4560335377615026,0,0
secure,0,1,0.0,0.3755445395823945,0.1811058967557641,-0.4560335377615026,0,0
colleges,0,1,0.0,0.3755445395823945,0.1811058967557641,-0.4560335377615026,0,0
colombia,0,1,0.0,0.3755445395823945,0.1811058967557641,-0.4560335377615026,0,0
com,0,1,0.0,0.3755445395823945,0.1811058967557641,-0.4560335377615026,0,0
term,0,1,0.0,0.3755445395823945,0.1811058967557641,-0.4560335377615026,0,0
terms,0,1,0.0,0.3755445395823945,0.1811058967557641,-0.4560335377615026,0,0
texting,0,1,0.0,0.3755445395823945,0.1811058967557641,-0.4560335377615026,0,0
thami,0,1,0.0,0.3755445395823945,0.1811058967557641,-0.4560335377615026,0,0
feasible,0,1,0.0,0.3755445395823945,0.1811058967557641,-0.4560335377615026,0,0
feathered,0,1,0.0,0.3755445395823945,0.1811058967557641,-0.4560335377615026,0,0
fed,0,1,0.0,0.3755445395823945,0.1811058967557641,-0.4560335377615026,0,0
passport,0,1,0.0,0.3755445395823945,0.1811058967557641,-0.4560335377615026,0,0
pat,0,1,0.0,0.3755445395823945,0.1811058967557641,-0.4560335377615026,0,0
shirley,0,1,0.0,0.3755445395823945,0.1811058967557641,-0.4560335377615026,0,0
lucy,0,1,0.0,0.3755445395823945,0.1811058967557641,-0.4560335377615026,0,0
lwtter,0,1,0.0,0.3755445395823945,0.1811058967557641,-0.4560335377615026,0,0
figuring,0,1,0.0,0.3755445395823945,0.1811058967557641,-0.4560335377615026,0,0
finals,0,1,0.0,0.3755445395823945,0.1811058967557641,-0.4560335377615026,0,0
serve,0,1,0.0,0.3755445395823945,0.1811058967557641,-0.4560335377615026,0,0
serves,0,1,0.0,0.3755445395823945,0.1811058967557641,-0.4560335377615026,0,0
feflectionof,0,1,0.0,0.3755445395823945,0.1811058967557641,-0.4560335377615026,0,0
festivals,0,1,0.0,0.3755445395823945,0.1811058967557641,-0.4560335377615026,0,0
several,0,1,0.0,0.3755445395823945,0.1811058967557641,-0.4560335377615026,0,0
shanghai,0,1,0.0,0.3755445395823945,0.1811058967557641,-0.4560335377615026,0,0
favorable,0,1,0.0,0.3755445395823945,0.1811058967557641,-0.4560335377615026,0,0
favorites,0,1,0.0,0.3755445395823945,0.1811058967557641,-0.4560335377615026,0,0
she'd,0,1,0.0,0.3755445395823945,0.1811058967557641,-0.4560335377615026,0,0
patricia,0,1,0.0,0.3755445395823945,0.1811058967557641,-0.4560335377615026,0,0
candidate,0,1,0.0,0.3755445395823945,0.1811058967557641,-0.4560335377615026,0,0
cans,0,1,0.0,0.3755445395823945,0.1811058967557641,-0.4560335377615026,0,0
train,0,1,0.0,0.3755445395823945,0.1811058967557641,-0.4560335377615026,0,0
toll,0,1,0.0,0.3755445395823945,0.1811058967557641,-0.4560335377615026,0,0
tomatoes,0,1,0.0,0.3755445395823945,0.1811058967557641,-0.4560335377615026,0,0
celebrates,0,1,0.0,0.3755445395823945,0.1811058967557641,-0.4560335377615026,0,0
cement,0,1,0.0,0.3755445395823945,0.1811058967557641,-0.4560335377615026,0,0
cena,0,1,0.0,0.3755445395823945,0.1811058967557641,-0.4560335377615026,0,0
cents,0,1,0.0,0.3755445395823945,0.1811058967557641,-0.4560335377615026,0,0
certain,0,1,0.0,0.3755445395823945,0.1811058967557641,-0.4560335377615026,0,0
challant,0,1,0.0,0.3755445395823945,0.1811058967557641,-0.4560335377615026,0,0
carve,0,1,0.0,0.3755445395823945,0.1811058967557641,-0.4560335377615026,0,0
carved,0,1,0.0,0.3755445395823945,0.1811058967557641,-0.4560335377615026,0,0
secretive,0,1,0.0,0.3755445395823945,0.1811058967557641,-0.4560335377615026,0,0
caurage,0,1,0.0,0.3755445395823945,0.1811058967557641,-0.4560335377615026,0,0
caving,0,1,0.0,0.3755445395823945,0.1811058967557641,-0.4560335377615026,0,0
tool,0,1,0.0,0.3755445395823945,0.1811058967557641,-0.4560335377615026,0,0
torn,0,1,0.0,0.3755445395823945,0.1811058967557641,-0.4560335377615026,0,0
total,0,1,0.0,0.3755445395823945,0.1811058967557641,-0.4560335377615026,0,0
fullest,0,1,0.0,0.3755445395823945,0.1811058967557641,-0.4560335377615026,0,0
fruit,0,1,0.0,0.3755445395823945,0.1811058967557641,-0.4560335377615026,0,0
fruitful,0,1,0.0,0.3755445395823945,0.1811058967557641,-0.4560335377615026,0,0
frustratin,0,1,0.0,0.3755445395823945,0.1811058967557641,-0.4560335377615026,0,0
sandra,0,1,0.0,0.3755445395823945,0.1811058967557641,-0.4560335377615026,0,0
saray,0,1,0.0,0.3755445395823945,0.1811058967557641,-0.4560335377615026,0,0
sass,0,1,0.0,0.3755445395823945,0.1811058967557641,-0.4560335377615026,0,0
gentleness,0,1,0.0,0.3755445395823945,0.1811058967557641,-0.4560335377615026,0,0
cash,0,1,0.0,0.3755445395823945,0.1811058967557641,-0.4560335377615026,0,0
graceful,0,1,0.0,0.3755445395823945,0.1811058967557641,-0.4560335377615026,0,0
glorified,0,1,0.0,0.3755445395823945,0.1811058967557641,-0.4560335377615026,0,0
glowing,0,1,0.0,0.3755445395823945,0.1811058967557641,-0.4560335377615026,0,0
roar,0,1,0.0,0.3755445395823945,0.1811058967557641,-0.4560335377615026,0,0
roddents,0,1,0.0,0.3755445395823945,0.1811058967557641,-0.4560335377615026,0,0
rolling,0,1,0.0,0.3755445395823945,0.1811058967557641,-0.4560335377615026,0,0
rom,0,1,0.0,0.3755445395823945,0.1811058967557641,-0.4560335377615026,0,0
girlfriends,0,1,0.0,0.3755445395823945,0.1811058967557641,-0.4560335377615026,0,0
persevered,0,1,0.0,0.3755445395823945,0.1811058967557641,-0.4560335377615026,0,0
personalities,0,1,0.0,0.3755445395823945,0.1811058967557641,-0.4560335377615026,0,0
rhings,0,1,0.0,0.3755445395823945,0.1811058967557641,-0.4560335377615026,0,0
rights,0,1,0.0,0.3755445395823945,0.1811058967557641,-0.4560335377615026,0,0
rings,0,1,0.0,0.3755445395823945,0.1811058967557641,-0.4560335377615026,0,0
canceling,0,1,0.0,0.3755445395823945,0.1811058967557641,-0.4560335377615026,0,0
risky,0,1,0.0,0.3755445395823945,0.1811058967557641,-0.4560335377615026,0,0
carol's,0,1,0.0,0.3755445395823945,0.1811058967557641,-0.4560335377615026,0,0
tought,0,1,0.0,0.3755445395823945,0.1811058967557641,-0.4560335377615026,0,0
tourism,0,1,0.0,0.3755445395823945,0.1811058967557641,-0.4560335377615026,0,0
gladly,0,1,0.0,0.3755445395823945,0.1811058967557641,-0.4560335377615026,0,0
rome,0,1,0.0,0.3755445395823945,0.1811058967557641,-0.4560335377615026,0,0
genuity,0,1,0.0,0.3755445395823945,0.1811058967557641,-0.4560335377615026,0,0
german,0,1,0.0,0.3755445395823945,0.1811058967557641,-0.4560335377615026,0,0
gide,0,1,0.0,0.3755445395823945,0.1811058967557641,-0.4560335377615026,0,0
gazed,0,1,0.0,0.3755445395823945,0.1811058967557641,-0.4560335377615026,0,0
genius,0,1,0.0,0.3755445395823945,0.1811058967557641,-0.4560335377615026,0,0
tower,0,1,0.0,0.3755445395823945,0.1811058967557641,-0.4560335377615026,0,0
toys,0,1,0.0,0.3755445395823945,0.1811058967557641,-0.4560335377615026,0,0
rip,0,1,0.0,0.3755445395823945,0.1811058967557641,-0.4560335377615026,0,0
throws,0,1,0.0,0.3755445395823945,0.1811058967557641,-0.4560335377615026,0,0
thus,0,1,0.0,0.3755445395823945,0.1811058967557641,-0.4560335377615026,0,0
ticked,0,1,0.0,0.3755445395823945,0.1811058967557641,-0.4560335377615026,0,0
cheeks,0,1,0.0,0.3755445395823945,0.1811058967557641,-0.4560335377615026,0,0
cheese,0,1,0.0,0.3755445395823945,0.1811058967557641,-0.4560335377615026,0,0
cherrish,0,1,0.0,0.3755445395823945,0.1811058967557641,-0.4560335377615026,0,0
cherry,0,1,0.0,0.3755445395823945,0.1811058967557641,-0.4560335377615026,0,0
chest,0,1,0.0,0.3755445395823945,0.1811058967557641,-0.4560335377615026,0,0
chicken,0,1,0.0,0.3755445395823945,0.1811058967557641,-0.4560335377615026,0,0
satisfied,0,1,0.0,0.3755445395823945,0.1811058967557641,-0.4560335377615026,0,0
chuck,0,1,0.0,0.3755445395823945,0.1811058967557641,-0.4560335377615026,0,0
cinema,0,1,0.0,0.3755445395823945,0.1811058967557641,-0.4560335377615026,0,0
circumstances,0,1,0.0,0.3755445395823945,0.1811058967557641,-0.4560335377615026,0,0
rudely,0,1,0.0,0.3755445395823945,0.1811058967557641,-0.4560335377615026,0,0
claim,0,1,0.0,0.3755445395823945,0.1811058967557641,-0.4560335377615026,0,0
thomas,0,1,0.0,0.3755445395823945,0.1811058967557641,-0.4560335377615026,0,0
chickens,0,1,0.0,0.3755445395823945,0.1811058967557641,-0.4560335377615026,0,0
chill,0,1,0.0,0.3755445395823945,0.1811058967557641,-0.4560335377615026,0,0
chilled,0,1,0.0,0.3755445395823945,0.1811058967557641,-0.4560335377615026,0,0
china,0,1,0.0,0.3755445395823945,0.1811058967557641,-0.4560335377615026,0,0
chips,0,1,0.0,0.3755445395823945,0.1811058967557641,-0.4560335377615026,0,0
forthcoming,0,1,0.0,0.3755445395823945,0.1811058967557641,-0.4560335377615026,0,0
fortitude,0,1,0.0,0.3755445395823945,0.1811058967557641,-0.4560335377615026,0,0
payment,0,1,0.0,0.3755445395823945,0.1811058967557641,-0.4560335377615026,0,0
pays,0,1,0.0,0.3755445395823945,0.1811058967557641,-0.4560335377615026,0,0
peaceful,0,1,0.0,0.3755445395823945,0.1811058967557641,-0.4560335377615026,0,0
farming,0,1,0.0,0.3755445395823945,0.1811058967557641,-0.4560335377615026,0,0
civilised,0,1,0.0,0.3755445395823945,0.1811058967557641,-0.4560335377615026,0,0
ruth,0,1,0.0,0.3755445395823945,0.1811058967557641,-0.4560335377615026,0,0
furthering,0,1,0.0,0.3755445395823945,0.1811058967557641,-0.4560335377615026,0,0
g's,0,1,0.0,0.3755445395823945,0.1811058967557641,-0.4560335377615026,0,0
gardens,0,1,0.0,0.3755445395823945,0.1811058967557641,-0.4560335377615026,0,0
garry,0,1,0.0,0.3755445395823945,0.1811058967557641,-0.4560335377615026,0,0
sadly,0,1,0.0,0.3755445395823945,0.1811058967557641,-0.4560335377615026,0,0
saga,0,1,0.0,0.3755445395823945,0.1811058967557641,-0.4560335377615026,0,0
satisfy,0,1,0.0,0.3755445395823945,0.1811058967557641,-0.4560335377615026,0,0
frank,0,1,0.0,0.3755445395823945,0.1811058967557641,-0.4560335377615026,0,0
freinds,0,1,0.0,0.3755445395823945,0.1811058967557641,-0.4560335377615026,0,0
freshmen,0,1,0.0,0.3755445395823945,0.1811058967557641,-0.4560335377615026,0,0
scam,0,1,0.0,0.3755445395823945,0.1811058967557641,-0.4560335377615026,0,0
scares,0,1,0.0,0.3755445395823945,0.1811058967557641,-0.4560335377615026,0,0
throught,0,1,0.0,0.3755445395823945,0.1811058967557641,-0.4560335377615026,0,0
checks,0,1,0.0,0.3755445395823945,0.1811058967557641,-0.4560335377615026,0,0
cheddar,0,1,0.0,0.3755445395823945,0.1811058967557641,-0.4560335377615026,0,0
tier,0,1,0.0,0.3755445395823945,0.1811058967557641,-0.4560335377615026,0,0
tis,0,1,0.0,0.3755445395823945,0.1811058967557641,-0.4560335377615026,0,0
tole,0,1,0.0,0.3755445395823945,0.1811058967557641,-0.4560335377615026,0,0
salon,0,1,0.0,0.3755445395823945,0.1811058967557641,-0.4560335377615026,0,0
salty,0,1,0.0,0.3755445395823945,0.1811058967557641,-0.4560335377615026,0,0
fulfill,0,1,0.0,0.3755445395823945,0.1811058967557641,-0.4560335377615026,0,0
peers,0,1,0.0,0.3755445395823945,0.1811058967557641,-0.4560335377615026,0,0
pencilled,0,1,0.0,0.3755445395823945,0.1811058967557641,-0.4560335377615026,0,0
pens,0,1,0.0,0.3755445395823945,0.1811058967557641,-0.4560335377615026,0,0
peo,0,1,0.0,0.3755445395823945,0.1811058967557641,-0.4560335377615026,0,0
chirp,0,1,0.0,0.3755445395823945,0.1811058967557641,-0.4560335377615026,0,0
scary,0,1,0.0,0.3755445395823945,0.1811058967557641,-0.4560335377615026,0,0
elevator,0,1,0.0,0.3755445395823945,0.1811058967557641,-0.4560335377615026,0,0
eli,0,1,0.0,0.3755445395823945,0.1811058967557641,-0.4560335377615026,0,0
spared,0,1,0.0,0.3755445395823945,0.1811058967557641,-0.4560335377615026,0,0
speaks,0,1,0.0,0.3755445395823945,0.1811058967557641,-0.4560335377615026,0,0
dwindled,0,1,0.0,0.3755445395823945,0.1811058967557641,-0.4560335377615026,0,0
dyed,0,1,0.0,0.3755445395823945,0.1811058967557641,-0.4560335377615026,0,0
ssinf,0,1,0.0,0.3755445395823945,0.1811058967557641,-0.4560335377615026,0,0
stacey,0,1,0.0,0.3755445395823945,0.1811058967557641,-0.4560335377615026,0,0
stared,0,1,0.0,0.3755445395823945,0.1811058967557641,-0.4560335377615026,0,0
depart,0,1,0.0,0.3755445395823945,0.1811058967557641,-0.4560335377615026,0,0
departed,0,1,0.0,0.3755445395823945,0.1811058967557641,-0.4560335377615026,0,0
describes,0,1,0.0,0.3755445395823945,0.1811058967557641,-0.4560335377615026,0,0
deliberately,0,1,0.0,0.3755445395823945,0.1811058967557641,-0.4560335377615026,0,0
switzerland,0,1,0.0,0.3755445395823945,0.1811058967557641,-0.4560335377615026,0,0
stubborn,0,1,0.0,0.3755445395823945,0.1811058967557641,-0.4560335377615026,0,0
stuff,0,1,0.0,0.3755445395823945,0.1811058967557641,-0.4560335377615026,0,0
spice,0,1,0.0,0.3755445395823945,0.1811058967557641,-0.4560335377615026,0,0
eassy,0,1,0.0,0.3755445395823945,0.1811058967557641,-0.4560335377615026,0,0
eat,0,1,0.0,0.3755445395823945,0.1811058967557641,-0.4560335377615026,0,0
economy,0,1,0.0,0.3755445395823945,0.1811058967557641,-0.4560335377615026,0,0
detailed,0,1,0.0,0.3755445395823945,0.1811058967557641,-0.4560335377615026,0,0
devastating,0,1,0.0,0.3755445395823945,0.1811058967557641,-0.4560335377615026,0,0
devil,0,1,0.0,0.3755445395823945,0.1811058967557641,-0.4560335377615026,0,0
maurey,0,1,0.0,0.3755445395823945,0.1811058967557641,-0.4560335377615026,0,0
maximise,0,1,0.0,0.3755445395823945,0.1811058967557641,-0.4560335377615026,0,0
panic,0,1,0.0,0.3755445395823945,0.1811058967557641,-0.4560335377615026,0,0
paraise,0,1,0.0,0.3755445395823945,0.1811058967557641,-0.4560335377615026,0,0
defined,0,1,0.0,0.3755445395823945,0.1811058967557641,-0.4560335377615026,0,0
style,0,1,0.0,0.3755445395823945,0.1811058967557641,-0.4560335377615026,0,0
stylist,0,1,0.0,0.3755445395823945,0.1811058967557641,-0.4560335377615026,0,0
decide,0,1,0.0,0.3755445395823945,0.1811058967557641,-0.4560335377615026,0,0
decor,0,1,0.0,0.3755445395823945,0.1811058967557641,-0.4560335377615026,0,0
meditating,0,1,0.0,0.3755445395823945,0.1811058967557641,-0.4560335377615026,0,0
medtek,0,1,0.0,0.3755445395823945,0.1811058967557641,-0.4560335377615026,0,0
meep,0,1,0.0,0.3755445395823945,0.1811058967557641,-0.4560335377615026,0,0
paid,0,1,0.0,0.3755445395823945,0.1811058967557641,-0.4560335377615026,0,0
pair,0,1,0.0,0.3755445395823945,0.1811058967557641,-0.4560335377615026,0,0
pamela,0,1,0.0,0.3755445395823945,0.1811058967557641,-0.4560335377615026,0,0
mates,0,1,0.0,0.3755445395823945,0.1811058967557641,-0.4560335377615026,0,0
matric,0,1,0.0,0.3755445395823945,0.1811058967557641,-0.4560335377615026,0,0
ends,0,1,0.0,0.3755445395823945,0.1811058967557641,-0.4560335377615026,0,0
electricity,0,1,0.0,0.3755445395823945,0.1811058967557641,-0.4560335377615026,0,0
somewhat,0,1,0.0,0.3755445395823945,0.1811058967557641,-0.4560335377615026,0,0
sommersaults,0,1,0.0,0.3755445395823945,0.1811058967557641,-0.4560335377615026,0,0
ed,0,1,0.0,0.3755445395823945,0.1811058967557641,-0.4560335377615026,0,0
eachother,0,1,0.0,0.3755445395823945,0.1811058967557641,-0.4560335377615026,0,0
ean,0,1,0.0,0.3755445395823945,0.1811058967557641,-0.4560335377615026,0,0
spilled,0,1,0.0,0.3755445395823945,0.1811058967557641,-0.4560335377615026,0,0
spinning,0,1,0.0,0.3755445395823945,0.1811058967557641,-0.4560335377615026,0,0
sorts,0,1,0.0,0.3755445395823945,0.1811058967557641,-0.4560335377615026,0,0
souk,0,1,0.0,0.3755445395823945,0.1811058967557641,-0.4560335377615026,0,0
sounds,0,1,0.0,0.3755445395823945,0.1811058967557641,-0.4560335377615026,0,0
spaces,0,1,0.0,0.3755445395823945,0.1811058967557641,-0.4560335377615026,0,0
egypt,0,1,0.0,0.3755445395823945,0.1811058967557641,-0.4560335377615026,0,0
eiffel,0,1,0.0,0.3755445395823945,0.1811058967557641,-0.4560335377615026,0,0
endure,0,1,0.0,0.3755445395823945,0.1811058967557641,-0.4560335377615026,0,0
stealing,0,1,0.0,0.3755445395823945,0.1811058967557641,-0.4560335377615026,0,0
discussed,0,1,0.0,0.3755445395823945,0.1811058967557641,-0.4560335377615026,0,0
disdain,0,1,0.0,0.3755445395823945,0.1811058967557641,-0.4560335377615026,0,0
dislikes,0,1,0.0,0.3755445395823945,0.1811058967557641,-0.4560335377615026,0,0
dismissive,0,1,0.0,0.3755445395823945,0.1811058967557641,-0.4560335377615026,0,0
disney,0,1,0.0,0.3755445395823945,0.1811058967557641,-0.4560335377615026,0,0
dispair,0,1,0.0,0.3755445395823945,0.1811058967557641,-0.4560335377615026,0,0
masters,0,1,0.0,0.3755445395823945,0.1811058967557641,-0.4560335377615026,0,0
mankind,0,1,0.0,0.3755445395823945,0.1811058967557641,-0.4560335377615026,0,0
drained,0,1,0.0,0.3755445395823945,0.1811058967557641,-0.4560335377615026,0,0
statements,0,1,0.0,0.3755445395823945,0.1811058967557641,-0.4560335377615026,0,0
acceptance,0,1,0.0,0.3755445395823945,0.1811058967557641,-0.4560335377615026,0,0
accidently,0,1,0.0,0.3755445395823945,0.1811058967557641,-0.4560335377615026,0,0
parant,0,1,0.0,0.3755445395823945,0.1811058967557641,-0.4560335377615026,0,0
accumulate,0,1,0.0,0.3755445395823945,0.1811058967557641,-0.4560335377615026,0,0
accused,0,1,0.0,0.3755445395823945,0.1811058967557641,-0.4560335377615026,0,0
ace,0,1,0.0,0.3755445395823945,0.1811058967557641,-0.4560335377615026,0,0
wring,0,1,0.0,0.3755445395823945,0.1811058967557641,-0.4560335377615026,0,0
wronged,0,1,0.0,0.3755445395823945,0.1811058967557641,-0.4560335377615026,0,0
nests,0,1,0.0,0.3755445395823945,0.1811058967557641,-0.4560335377615026,0,0
newcomer,0,1,0.0,0.3755445395823945,0.1811058967557641,-0.4560335377615026,0,0
night's,0,1,0.0,0.3755445395823945,0.1811058967557641,-0.4560335377615026,0,0
wouldnt,0,1,0.0,0.3755445395823945,0.1811058967557641,-0.4560335377615026,0,0
wound,0,1,0.0,0.3755445395823945,0.1811058967557641,-0.4560335377615026,0,0
wrap,0,1,0.0,0.3755445395823945,0.1811058967557641,-0.4560335377615026,0,0
wrecking,0,1,0.0,0.3755445395823945,0.1811058967557641,-0.4560335377615026,0,0
accidental,0,1,0.0,0.3755445395823945,0.1811058967557641,-0.4560335377615026,0,0
yourselves,0,1,0.0,0.3755445395823945,0.1811058967557641,-0.4560335377615026,0,0
parrot,0,1,0.0,0.3755445395823945,0.1811058967557641,-0.4560335377615026,0,0
spouse,0,1,0.0,0.3755445395823945,0.1811058967557641,-0.4560335377615026,0,0
spread,0,1,0.0,0.3755445395823945,0.1811058967557641,-0.4560335377615026,0,0
drove,0,1,0.0,0.3755445395823945,0.1811058967557641,-0.4560335377615026,0,0
drown,0,1,0.0,0.3755445395823945,0.1811058967557641,-0.4560335377615026,0,0
dude,0,1,0.0,0.3755445395823945,0.1811058967557641,-0.4560335377615026,0,0
dugde,0,1,0.0,0.3755445395823945,0.1811058967557641,-0.4560335377615026,0,0
dumb,0,1,0.0,0.3755445395823945,0.1811058967557641,-0.4560335377615026,0,0
domestic,0,1,0.0,0.3755445395823945,0.1811058967557641,-0.4560335377615026,0,0
disrespect,0,1,0.0,0.3755445395823945,0.1811058967557641,-0.4560335377615026,0,0
disappoint,0,1,0.0,0.3755445395823945,0.1811058967557641,-0.4560335377615026,0,0
disconnect,0,1,0.0,0.3755445395823945,0.1811058967557641,-0.4560335377615026,0,0
discourage,0,1,0.0,0.3755445395823945,0.1811058967557641,-0.4560335377615026,0,0
stays,0,1,0.0,0.3755445395823945,0.1811058967557641,-0.4560335377615026,0,0
store,0,1,0.0,0.3755445395823945,0.1811058967557641,-0.4560335377615026,0,0
difficulties,0,1,0.0,0.3755445395823945,0.1811058967557641,-0.4560335377615026,0,0
dificult,0,1,0.0,0.3755445395823945,0.1811058967557641,-0.4560335377615026,0,0
dignified,0,1,0.0,0.3755445395823945,0.1811058967557641,-0.4560335377615026,0,0
dignify,0,1,0.0,0.3755445395823945,0.1811058967557641,-0.4560335377615026,0,0
dirt,0,1,0.0,0.3755445395823945,0.1811058967557641,-0.4560335377615026,0,0
diamond,0,1,0.0,0.3755445395823945,0.1811058967557641,-0.4560335377615026,0,0
dichotomy,0,1,0.0,0.3755445395823945,0.1811058967557641,-0.4560335377615026,0,0
didnt,0,1,0.0,0.3755445395823945,0.1811058967557641,-0.4560335377615026,0,0
died,0,1,0.0,0.3755445395823945,0.1811058967557641,-0.4560335377615026,0,0
stating,0,1,0.0,0.3755445395823945,0.1811058967557641,-0.4560335377615026,0,0
dnt,0,1,0.0,0.3755445395823945,0.1811058967557641,-0.4560335377615026,0,0
doctrate,0,1,0.0,0.3755445395823945,0.1811058967557641,-0.4560335377615026,0,0
stimulated,0,1,0.0,0.3755445395823945,0.1811058967557641,-0.4560335377615026,0,0
courses,0,1,0.0,0.3755445395823945,0.1811058967557641,-0.4560335377615026,0,0
court,0,1,0.0,0.3755445395823945,0.1811058967557641,-0.4560335377615026,0,0
cousins,0,1,0.0,0.3755445395823945,0.1811058967557641,-0.4560335377615026,0,0
countries,0,1,0.0,0.3755445395823945,0.1811058967557641,-0.4560335377615026,0,0
eveyday,0,1,0.0,0.3755445395823945,0.1811058967557641,-0.4560335377615026,0,0
eviction,0,1,0.0,0.3755445395823945,0.1811058967557641,-0.4560335377615026,0,0
evidence,0,1,0.0,0.3755445395823945,0.1811058967557641,-0.4560335377615026,0,0
evryone,0,1,0.0,0.3755445395823945,0.1811058967557641,-0.4560335377615026,0,0
map,0,1,0.0,0.3755445395823945,0.1811058967557641,-0.4560335377615026,0,0
mariana,0,1,0.0,0.3755445395823945,0.1811058967557641,-0.4560335377615026,0,0
particularly,0,1,0.0,0.3755445395823945,0.1811058967557641,-0.4560335377615026,0,0
parts,0,1,0.0,0.3755445395823945,0.1811058967557641,-0.4560335377615026,0,0
magnetic,0,1,0.0,0.3755445395823945,0.1811058967557641,-0.4560335377615026,0,0
soggy,0,1,0.0,0.3755445395823945,0.1811058967557641,-0.4560335377615026,0,0
susan,0,1,0.0,0.3755445395823945,0.1811058967557641,-0.4560335377615026,0,0
suspenseful,0,1,0.0,0.3755445395823945,0.1811058967557641,-0.4560335377615026,0,0
swallowed,0,1,0.0,0.3755445395823945,0.1811058967557641,-0.4560335377615026,0,0
crashing,0,1,0.0,0.3755445395823945,0.1811058967557641,-0.4560335377615026,0,0
melting,0,1,0.0,0.3755445395823945,0.1811058967557641,-0.4560335377615026,0,0
memores,0,1,0.0,0.3755445395823945,0.1811058967557641,-0.4560335377615026,0,0
slightly,0,1,0.0,0.3755445395823945,0.1811058967557641,-0.4560335377615026,0,0
sliqour,0,1,0.0,0.3755445395823945,0.1811058967557641,-0.4560335377615026,0,0
slogan,0,1,0.0,0.3755445395823945,0.1811058967557641,-0.4560335377615026,0,0
slump,0,1,0.0,0.3755445395823945,0.1811058967557641,-0.4560335377615026,0,0
ethic,0,1,0.0,0.3755445395823945,0.1811058967557641,-0.4560335377615026,0,0
europe,0,1,0.0,0.3755445395823945,0.1811058967557641,-0.4560335377615026,0,0
curl,0,1,0.0,0.3755445395823945,0.1811058967557641,-0.4560335377615026,0,0
survivor,0,1,0.0,0.3755445395823945,0.1811058967557641,-0.4560335377615026,0,0
transport,0,1,0.0,0.3755445395823945,0.1811058967557641,-0.4560335377615026,0,0
sympathies,0,1,0.0,0.3755445395823945,0.1811058967557641,-0.4560335377615026,0,0
contacting,0,1,0.0,0.3755445395823945,0.1811058967557641,-0.4560335377615026,0,0
extending,0,1,0.0,0.3755445395823945,0.1811058967557641,-0.4560335377615026,0,0
extroverted,0,1,0.0,0.3755445395823945,0.1811058967557641,-0.4560335377615026,0,0
shred,0,1,0.0,0.3755445395823945,0.1811058967557641,-0.4560335377615026,0,0
shuttered,0,1,0.0,0.3755445395823945,0.1811058967557641,-0.4560335377615026,0,0
expenses,0,1,0.0,0.3755445395823945,0.1811058967557641,-0.4560335377615026,0,0
executed,0,1,0.0,0.3755445395823945,0.1811058967557641,-0.4560335377615026,0,0
convesartions,0,1,0.0,0.3755445395823945,0.1811058967557641,-0.4560335377615026,0,0
t,0,1,0.0,0.3755445395823945,0.1811058967557641,-0.4560335377615026,0,0
tak,0,1,0.0,0.3755445395823945,0.1811058967557641,-0.4560335377615026,0,0
consequences,0,1,0.0,0.3755445395823945,0.1811058967557641,-0.4560335377615026,0,0
medical,0,1,0.0,0.3755445395823945,0.1811058967557641,-0.4560335377615026,0,0
eye,0,1,0.0,0.3755445395823945,0.1811058967557641,-0.4560335377615026,0,0
shouting,0,1,0.0,0.3755445395823945,0.1811058967557641,-0.4560335377615026,0,0
mend,0,1,0.0,0.3755445395823945,0.1811058967557641,-0.4560335377615026,0,0
menlyn,0,1,0.0,0.3755445395823945,0.1811058967557641,-0.4560335377615026,0,0
sip,0,1,0.0,0.3755445395823945,0.1811058967557641,-0.4560335377615026,0,0
sister's,0,1,0.0,0.3755445395823945,0.1811058967557641,-0.4560335377615026,0,0
sisters,0,1,0.0,0.3755445395823945,0.1811058967557641,-0.4560335377615026,0,0
site,0,1,0.0,0.3755445395823945,0.1811058967557641,-0.4560335377615026,0,0
size,0,1,0.0,0.3755445395823945,0.1811058967557641,-0.4560335377615026,0,0
everbody,0,1,0.0,0.3755445395823945,0.1811058967557641,-0.4560335377615026,0,0
everlasting,0,1,0.0,0.3755445395823945,0.1811058967557641,-0.4560335377615026,0,0
everyine,0,1,0.0,0.3755445395823945,0.1811058967557641,-0.4560335377615026,0,0
overweight,0,1,0.0,0.3755445395823945,0.1811058967557641,-0.4560335377615026,0,0
construction,0,1,0.0,0.3755445395823945,0.1811058967557641,-0.4560335377615026,0,0
enjoyed,0,1,0.0,0.3755445395823945,0.1811058967557641,-0.4560335377615026,0,0
enormous,0,1,0.0,0.3755445395823945,0.1811058967557641,-0.4560335377615026,0,0
enormously,0,1,0.0,0.3755445395823945,0.1811058967557641,-0.4560335377615026,0,0
enought,0,1,0.0,0.3755445395823945,0.1811058967557641,-0.4560335377615026,0,0
enraged,0,1,0.0,0.3755445395823945,0.1811058967557641,-0.4560335377615026,0,0
encourege,0,1,0.0,0.3755445395823945,0.1811058967557641,-0.4560335377615026,0,0
epitome,0,1,0.0,0.3755445395823945,0.1811058967557641,-0.4560335377615026,0,0
equally,0,1,0.0,0.3755445395823945,0.1811058967557641,-0.4560335377615026,0,0
eqully,0,1,0.0,0.3755445395823945,0.1811058967557641,-0.4560335377615026,0,0
esay,0,1,0.0,0.3755445395823945,0.1811058967557641,-0.4560335377615026,0,0
essence,0,1,0.0,0.3755445395823945,0.1811058967557641,-0.4560335377615026,0,0
snapped,0,1,0.0,0.3755445395823945,0.1811058967557641,-0.4560335377615026,0,0
employers,0,1,0.0,0.3755445395823945,0.1811058967557641,-0.4560335377615026,0,0
supplications,0,1,0.0,0.3755445395823945,0.1811058967557641,-0.4560335377615026,0,0
embarrasing,0,1,0.0,0.3755445395823945,0.1811058967557641,-0.4560335377615026,0,0
sorrows,0,1,0.0,0.3755445395823945,0.1811058967557641,-0.4560335377615026,0,0
mattered,0,1,0.0,0.3755445395823945,0.1811058967557641,-0.4560335377615026,0,0
maureen,0,1,0.0,0.3755445395823945,0.1811058967557641,-0.4560335377615026,0,0
dedicate,0,1,0.0,0.3755445395823945,0.1811058967557641,-0.4560335377615026,0,0
dearies,0,1,0.0,0.3755445395823945,0.1811058967557641,-0.4560335377615026,0,0
succumbed,0,1,0.0,0.3755445395823945,0.1811058967557641,-0.4560335377615026,0,0
suggesting,0,1,0.0,0.3755445395823945,0.1811058967557641,-0.4560335377615026,0,0
dani,0,1,0.0,0.3755445395823945,0.1811058967557641,-0.4560335377615026,0,0
darker,0,1,0.0,0.3755445395823945,0.1811058967557641,-0.4560335377615026,0,0
darling,0,1,0.0,0.3755445395823945,0.1811058967557641,-0.4560335377615026,0,0
soaking,0,1,0.0,0.3755445395823945,0.1811058967557641,-0.4560335377615026,0,0
soft,0,1,0.0,0.3755445395823945,0.1811058967557641,-0.4560335377615026,0,0
embarrased,0,1,0.0,0.3755445395823945,0.1811058967557641,-0.4560335377615026,0,0
supporter,0,1,0.0,0.3755445395823945,0.1811058967557641,-0.4560335377615026,0,0
suppose,0,1,0.0,0.3755445395823945,0.1811058967557641,-0.4560335377615026,0,0
surely,0,1,0.0,0.3755445395823945,0.1811058967557641,-0.4560335377615026,0,0
cries,0,1,0.0,0.3755445395823945,0.1811058967557641,-0.4560335377615026,0,0
crowed,0,1,0.0,0.3755445395823945,0.1811058967557641,-0.4560335377615026,0,0
survive,0,1,0.0,0.3755445395823945,0.1811058967557641,-0.4560335377615026,0,0
survived,0,1,0.0,0.3755445395823945,0.1811058967557641,-0.4560335377615026,0,0
everytime,0,1,0.0,0.3755445395823945,0.1811058967557641,-0.4560335377615026,0,0
sneakers,0,1,0.0,0.3755445395823945,0.1811058967557641,-0.4560335377615026,0,0
entering,0,1,0.0,0.3755445395823945,0.1811058967557641,-0.4560335377615026,0,0
entertain,0,1,0.0,0.3755445395823945,0.1811058967557641,-0.4560335377615026,0,0
entertainment,0,1,0.0,0.3755445395823945,0.1811058967557641,-0.4560335377615026,0,0
dating,0,1,0.0,0.3755445395823945,0.1811058967557641,-0.4560335377615026,0,0
solve,0,1,0.0,0.3755445395823945,0.1811058967557641,-0.4560335377615026,0,0
dave,0,1,0.0,0.3755445395823945,0.1811058967557641,-0.4560335377615026,0,0
supossed,0,1,0.0,0.3755445395823945,0.1811058967557641,-0.4560335377615026,0,0
current,0,1,0.0,0.3755445395823945,0.1811058967557641,-0.4560335377615026,0,0
cut,0,1,0.0,0.3755445395823945,0.1811058967557641,-0.4560335377615026,0,0
cuts,0,1,0.0,0.3755445395823945,0.1811058967557641,-0.4560335377615026,0,0
crushed,0,1,0.0,0.3755445395823945,0.1811058967557641,-0.4560335377615026,0,0
cuisines,0,1,0.0,0.3755445395823945,0.1811058967557641,-0.4560335377615026,0,0
mail,0,1,0.0,0.3755445395823945,0.1811058967557641,-0.4560335377615026,0,0
majeure,0,1,0.0,0.3755445395823945,0.1811058967557641,-0.4560335377615026,0,0
slap,0,1,0.0,0.3755445395823945,0.1811058967557641,-0.4560335377615026,0,0
soil,0,1,0.0,0.3755445395823945,0.1811058967557641,-0.4560335377615026,0,0
solo,0,1,0.0,0.3755445395823945,0.1811058967557641,-0.4560335377615026,0,0
solution,0,1,0.0,0.3755445395823945,0.1811058967557641,-0.4560335377615026,0,0
daughters,0,1,0.0,0.3755445395823945,0.1811058967557641,-0.4560335377615026,0,0
propose,0,1,0.0,0.3755445395823945,0.1811058967557641,-0.4560335377615026,0,0
propped,0,1,0.0,0.3755445395823945,0.1811058967557641,-0.4560335377615026,0,0
jax,0,1,0.0,0.3755445395823945,0.1811058967557641,-0.4560335377615026,0,0
purposed,0,1,0.0,0.3755445395823945,0.1811058967557641,-0.4560335377615026,0,0
invited,0,1,0.0,0.3755445395823945,0.1811058967557641,-0.4560335377615026,0,0
inviting,0,1,0.0,0.3755445395823945,0.1811058967557641,-0.4560335377615026,0,0
involving,0,1,0.0,0.3755445395823945,0.1811058967557641,-0.4560335377615026,0,0
link,0,1,0.0,0.3755445395823945,0.1811058967557641,-0.4560335377615026,0,0
pigtails,0,1,0.0,0.3755445395823945,0.1811058967557641,-0.4560335377615026,0,0
apooligies,0,1,0.0,0.3755445395823945,0.1811058967557641,-0.4560335377615026,0,0
applying,0,1,0.0,0.3755445395823945,0.1811058967557641,-0.4560335377615026,0,0
watered,0,1,0.0,0.3755445395823945,0.1811058967557641,-0.4560335377615026,0,0
people's,0,1,0.0,0.3755445395823945,0.1811058967557641,-0.4560335377615026,0,0
answer,0,1,0.0,0.3755445395823945,0.1811058967557641,-0.4560335377615026,0,0
anyway,0,1,0.0,0.3755445395823945,0.1811058967557641,-0.4560335377615026,0,0
prying,0,1,0.0,0.3755445395823945,0.1811058967557641,-0.4560335377615026,0,0
public,0,1,0.0,0.3755445395823945,0.1811058967557641,-0.4560335377615026,0,0
publically,0,1,0.0,0.3755445395823945,0.1811058967557641,-0.4560335377615026,0,0
isnt,0,1,0.0,0.3755445395823945,0.1811058967557641,-0.4560335377615026,0,0
pillow,0,1,0.0,0.3755445395823945,0.1811058967557641,-0.4560335377615026,0,0
irealized,0,1,0.0,0.3755445395823945,0.1811058967557641,-0.4560335377615026,0,0
irritable,0,1,0.0,0.3755445395823945,0.1811058967557641,-0.4560335377615026,0,0
putted,0,1,0.0,0.3755445395823945,0.1811058967557641,-0.4560335377615026,0,0
queen,0,1,0.0,0.3755445395823945,0.1811058967557641,-0.4560335377615026,0,0
interest,0,1,0.0,0.3755445395823945,0.1811058967557641,-0.4560335377615026,0,0
international,0,1,0.0,0.3755445395823945,0.1811058967557641,-0.4560335377615026,0,0
annual,0,1,0.0,0.3755445395823945,0.1811058967557641,-0.4560335377615026,0,0
jealousy,0,1,0.0,0.3755445395823945,0.1811058967557641,-0.4560335377615026,0,0
jennie,0,1,0.0,0.3755445395823945,0.1811058967557641,-0.4560335377615026,0,0
jenny,0,1,0.0,0.3755445395823945,0.1811058967557641,-0.4560335377615026,0,0
jersey's,0,1,0.0,0.3755445395823945,0.1811058967557641,-0.4560335377615026,0,0
protective,0,1,0.0,0.3755445395823945,0.1811058967557641,-0.4560335377615026,0,0
protector,0,1,0.0,0.3755445395823945,0.1811058967557641,-0.4560335377615026,0,0
wet,0,1,0.0,0.3755445395823945,0.1811058967557641,-0.4560335377615026,0,0
wether,0,1,0.0,0.3755445395823945,0.1811058967557641,-0.4560335377615026,0,0
amazes,0,1,0.0,0.3755445395823945,0.1811058967557641,-0.4560335377615026,0,0
ambitious,0,1,0.0,0.3755445395823945,0.1811058967557641,-0.4560335377615026,0,0
ambulance,0,1,0.0,0.3755445395823945,0.1811058967557641,-0.4560335377615026,0,0
amix,0,1,0.0,0.3755445395823945,0.1811058967557641,-0.4560335377615026,0,0
whenver,0,1,0.0,0.3755445395823945,0.1811058967557641,-0.4560335377615026,0,0
promotion,0,1,0.0,0.3755445395823945,0.1811058967557641,-0.4560335377615026,0,0
kidness,0,1,0.0,0.3755445395823945,0.1811058967557641,-0.4560335377615026,0,0
joyce,0,1,0.0,0.3755445395823945,0.1811058967557641,-0.4560335377615026,0,0
isolation,0,1,0.0,0.3755445395823945,0.1811058967557641,-0.4560335377615026,0,0
j,0,1,0.0,0.3755445395823945,0.1811058967557641,-0.4560335377615026,0,0
jabbs,0,1,0.0,0.3755445395823945,0.1811058967557641,-0.4560335377615026,0,0
jacob,0,1,0.0,0.3755445395823945,0.1811058967557641,-0.4560335377615026,0,0
wedge,0,1,0.0,0.3755445395823945,0.1811058967557641,-0.4560335377615026,0,0
angal,0,1,0.0,0.3755445395823945,0.1811058967557641,-0.4560335377615026,0,0
anguish,0,1,0.0,0.3755445395823945,0.1811058967557641,-0.4560335377615026,0,0
ania,0,1,0.0,0.3755445395823945,0.1811058967557641,-0.4560335377615026,0,0
animals,0,1,0.0,0.3755445395823945,0.1811058967557641,-0.4560335377615026,0,0
anisha,0,1,0.0,0.3755445395823945,0.1811058967557641,-0.4560335377615026,0,0
weird,0,1,0.0,0.3755445395823945,0.1811058967557641,-0.4560335377615026,0,0
kiddind,0,1,0.0,0.3755445395823945,0.1811058967557641,-0.4560335377615026,0,0
aspects,0,1,0.0,0.3755445395823945,0.1811058967557641,-0.4560335377615026,0,0
ass,0,1,0.0,0.3755445395823945,0.1811058967557641,-0.4560335377615026,0,0
assigned,0,1,0.0,0.3755445395823945,0.1811058967557641,-0.4560335377615026,0,0
assitance,0,1,0.0,0.3755445395823945,0.1811058967557641,-0.4560335377615026,0,0
assume,0,1,0.0,0.3755445395823945,0.1811058967557641,-0.4560335377615026,0,0
assumed,0,1,0.0,0.3755445395823945,0.1811058967557641,-0.4560335377615026,0,0
assurance,0,1,0.0,0.3755445395823945,0.1811058967557641,-0.4560335377615026,0,0
arm,0,1,0.0,0.3755445395823945,0.1811058967557641,-0.4560335377615026,0,0
neck,0,1,0.0,0.3755445395823945,0.1811058967557641,-0.4560335377615026,0,0
nyla,0,1,0.0,0.3755445395823945,0.1811058967557641,-0.4560335377615026,0,0
obsessed,0,1,0.0,0.3755445395823945,0.1811058967557641,-0.4560335377615026,0,0
obtacles,0,1,0.0,0.3755445395823945,0.1811058967557641,-0.4560335377615026,0,0
atmosphere,0,1,0.0,0.3755445395823945,0.1811058967557641,-0.4560335377615026,0,0
wants,0,1,0.0,0.3755445395823945,0.1811058967557641,-0.4560335377615026,0,0
volunteeredto,0,1,0.0,0.3755445395823945,0.1811058967557641,-0.4560335377615026,0,0
individuals,0,1,0.0,0.3755445395823945,0.1811058967557641,-0.4560335377615026,0,0
indoors,0,1,0.0,0.3755445395823945,0.1811058967557641,-0.4560335377615026,0,0
influenced,0,1,0.0,0.3755445395823945,0.1811058967557641,-0.4560335377615026,0,0
inform,0,1,0.0,0.3755445395823945,0.1811058967557641,-0.4560335377615026,0,0
incredibally,0,1,0.0,0.3755445395823945,0.1811058967557641,-0.4560335377615026,0,0
realisation,0,1,0.0,0.3755445395823945,0.1811058967557641,-0.4560335377615026,0,0
realised,0,1,0.0,0.3755445395823945,0.1811058967557641,-0.4560335377615026,0,0
rainbow,0,1,0.0,0.3755445395823945,0.1811058967557641,-0.4560335377615026,0,0
rained,0,1,0.0,0.3755445395823945,0.1811058967557641,-0.4560335377615026,0,0
rainiest,0,1,0.0,0.3755445395823945,0.1811058967557641,-0.4560335377615026,0,0
random,0,1,0.0,0.3755445395823945,0.1811058967557641,-0.4560335377615026,0,0
institution,0,1,0.0,0.3755445395823945,0.1811058967557641,-0.4560335377615026,0,0
vocabulary,0,1,0.0,0.3755445395823945,0.1811058967557641,-0.4560335377615026,0,0
waste,0,1,0.0,0.3755445395823945,0.1811058967557641,-0.4560335377615026,0,0
apprecite,0,1,0.0,0.3755445395823945,0.1811058967557641,-0.4560335377615026,0,0
approachable,0,1,0.0,0.3755445395823945,0.1811058967557641,-0.4560335377615026,0,0
areas,0,1,0.0,0.3755445395823945,0.1811058967557641,-0.4560335377615026,0,0
aplogy,0,1,0.0,0.3755445395823945,0.1811058967557641,-0.4560335377615026,0,0
puppy,0,1,0.0,0.3755445395823945,0.1811058967557641,-0.4560335377615026,0,0
purchase,0,1,0.0,0.3755445395823945,0.1811058967557641,-0.4560335377615026,0,0
purple,0,1,0.0,0.3755445395823945,0.1811058967557641,-0.4560335377615026,0,0
internship,0,1,0.0,0.3755445395823945,0.1811058967557641,-0.4560335377615026,0,0
intimate,0,1,0.0,0.3755445395823945,0.1811058967557641,-0.4560335377615026,0,0
intimidating,0,1,0.0,0.3755445395823945,0.1811058967557641,-0.4560335377615026,0,0
introspectiveness,0,1,0.0,0.3755445395823945,0.1811058967557641,-0.4560335377615026,0,0
quietness,0,1,0.0,0.3755445395823945,0.1811058967557641,-0.4560335377615026,0,0
aspect,0,1,0.0,0.3755445395823945,0.1811058967557641,-0.4560335377615026,0,0
rage,0,1,0.0,0.3755445395823945,0.1811058967557641,-0.4560335377615026,0,0
mrs,0,1,0.0,0.3755445395823945,0.1811058967557641,-0.4560335377615026,0,0
mum,0,1,0.0,0.3755445395823945,0.1811058967557641,-0.4560335377615026,0,0
musketeers,0,1,0.0,0.3755445395823945,0.1811058967557641,-0.4560335377615026,0,0
arrangement,0,1,0.0,0.3755445395823945,0.1811058967557641,-0.4560335377615026,0,0
arrested,0,1,0.0,0.3755445395823945,0.1811058967557641,-0.4560335377615026,0,0
w,0,1,0.0,0.3755445395823945,0.1811058967557641,-0.4560335377615026,0,0
wafling,0,1,0.0,0.3755445395823945,0.1811058967557641,-0.4560335377615026,0,0
waking,0,1,0.0,0.3755445395823945,0.1811058967557641,-0.4560335377615026,0,0
wall,0,1,0.0,0.3755445395823945,0.1811058967557641,-0.4560335377615026,0,0
initiative,0,1,0.0,0.3755445395823945,0.1811058967557641,-0.4560335377615026,0,0
rats,0,1,0.0,0.3755445395823945,0.1811058967557641,-0.4560335377615026,0,0
react,0,1,0.0,0.3755445395823945,0.1811058967557641,-0.4560335377615026,0,0
integration,0,1,0.0,0.3755445395823945,0.1811058967557641,-0.4560335377615026,0,0
acknowledging,0,1,0.0,0.3755445395823945,0.1811058967557641,-0.4560335377615026,0,0
yelled,0,1,0.0,0.3755445395823945,0.1811058967557641,-0.4560335377615026,0,0
yes,0,1,0.0,0.3755445395823945,0.1811058967557641,-0.4560335377615026,0,0
abegail,0,1,0.0,0.3755445395823945,0.1811058967557641,-0.4560335377615026,0,0
lekgau,0,1,0.0,0.3755445395823945,0.1811058967557641,-0.4560335377615026,0,0
advises,0,1,0.0,0.3755445395823945,0.1811058967557641,-0.4560335377615026,0,0
leaders,0,1,0.0,0.3755445395823945,0.1811058967557641,-0.4560335377615026,0,0
laila,0,1,0.0,0.3755445395823945,0.1811058967557641,-0.4560335377615026,0,0
lame,0,1,0.0,0.3755445395823945,0.1811058967557641,-0.4560335377615026,0,0
lanky,0,1,0.0,0.3755445395823945,0.1811058967557641,-0.4560335377615026,0,0
lastly,0,1,0.0,0.3755445395823945,0.1811058967557641,-0.4560335377615026,0,0
prayed,0,1,0.0,0.3755445395823945,0.1811058967557641,-0.4560335377615026,0,0
prayer,0,1,0.0,0.3755445395823945,0.1811058967557641,-0.4560335377615026,0,0
licence,0,1,0.0,0.3755445395823945,0.1811058967557641,-0.4560335377615026,0,0
poke,0,1,0.0,0.3755445395823945,0.1811058967557641,-0.4560335377615026,0,0
legs,0,1,0.0,0.3755445395823945,0.1811058967557641,-0.4560335377615026,0,0
poker,0,1,0.0,0.3755445395823945,0.1811058967557641,-0.4560335377615026,0,0
policeman,0,1,0.0,0.3755445395823945,0.1811058967557641,-0.4560335377615026,0,0
pomp,0,1,0.0,0.3755445395823945,0.1811058967557641,-0.4560335377615026,0,0
poorly,0,1,0.0,0.3755445395823945,0.1811058967557641,-0.4560335377615026,0,0
prefer,0,1,0.0,0.3755445395823945,0.1811058967557641,-0.4560335377615026,0,0
prematurely,0,1,0.0,0.3755445395823945,0.1811058967557641,-0.4560335377615026,0,0
preparation,0,1,0.0,0.3755445395823945,0.1811058967557641,-0.4560335377615026,0,0
kneel,0,1,0.0,0.3755445395823945,0.1811058967557641,-0.4560335377615026,0,0
knowledgeable,0,1,0.0,0.3755445395823945,0.1811058967557641,-0.4560335377615026,0,0
pressured,0,1,0.0,0.3755445395823945,0.1811058967557641,-0.4560335377615026,0,0
nowadays,0,1,0.0,0.3755445395823945,0.1811058967557641,-0.4560335377615026,0,0
praying,0,1,0.0,0.3755445395823945,0.1811058967557641,-0.4560335377615026,0,0
zoo,0,1,0.0,0.3755445395823945,0.1811058967557641,-0.4560335377615026,0,0
accorded,0,1,0.0,0.3755445395823945,0.1811058967557641,-0.4560335377615026,0,0
letters,0,1,0.0,0.3755445395823945,0.1811058967557641,-0.4560335377615026,0,0
playing,0,1,0.0,0.3755445395823945,0.1811058967557641,-0.4560335377615026,0,0
plunge,0,1,0.0,0.3755445395823945,0.1811058967557641,-0.4560335377615026,0,0
yoy,0,1,0.0,0.3755445395823945,0.1811058967557641,-0.4560335377615026,0,0
nolonger,0,1,0.0,0.3755445395823945,0.1811058967557641,-0.4560335377615026,0,0
non,0,1,0.0,0.3755445395823945,0.1811058967557641,-0.4560335377615026,0,0
none,0,1,0.0,0.3755445395823945,0.1811058967557641,-0.4560335377615026,0,0
nonstop,0,1,0.0,0.3755445395823945,0.1811058967557641,-0.4560335377615026,0,0
noodles,0,1,0.0,0.3755445395823945,0.1811058967557641,-0.4560335377615026,0,0
noone,0,1,0.0,0.3755445395823945,0.1811058967557641,-0.4560335377615026,0,0
academics,0,1,0.0,0.3755445395823945,0.1811058967557641,-0.4560335377615026,0,0
addition,0,1,0.0,0.3755445395823945,0.1811058967557641,-0.4560335377615026,0,0
accommodation,0,1,0.0,0.3755445395823945,0.1811058967557641,-0.4560335377615026,0,0
abolutely,0,1,0.0,0.3755445395823945,0.1811058967557641,-0.4560335377615026,0,0
lemno,0,1,0.0,0.3755445395823945,0.1811058967557641,-0.4560335377615026,0,0
laurels,0,1,0.0,0.3755445395823945,0.1811058967557641,-0.4560335377615026,0,0
le,0,1,0.0,0.3755445395823945,0.1811058967557641,-0.4560335377615026,0,0
ae,0,1,0.0,0.3755445395823945,0.1811058967557641,-0.4560335377615026,0,0
affirmations,0,1,0.0,0.3755445395823945,0.1811058967557641,-0.4560335377615026,0,0
afforded,0,1,0.0,0.3755445395823945,0.1811058967557641,-0.4560335377615026,0,0
woking,0,1,0.0,0.3755445395823945,0.1811058967557641,-0.4560335377615026,0,0
womb,0,1,0.0,0.3755445395823945,0.1811058967557641,-0.4560335377615026,0,0
wonders,0,1,0.0,0.3755445395823945,0.1811058967557641,-0.4560335377615026,0,0
wont,0,1,0.0,0.3755445395823945,0.1811058967557641,-0.4560335377615026,0,0
actually,0,1,0.0,0.3755445395823945,0.1811058967557641,-0.4560335377615026,0,0
academically,0,1,0.0,0.3755445395823945,0.1811058967557641,-0.4560335377615026,0,0
karl,0,1,0.0,0.3755445395823945,0.1811058967557641,-0.4560335377615026,0,0
kate,0,1,0.0,0.3755445395823945,0.1811058967557641,-0.4560335377615026,0,0
keen,0,1,0.0,0.3755445395823945,0.1811058967557641,-0.4560335377615026,0,0
key,0,1,0.0,0.3755445395823945,0.1811058967557641,-0.4560335377615026,0,0
alternative,0,1,0.0,0.3755445395823945,0.1811058967557641,-0.4560335377615026,0,0
aims,0,1,0.0,0.3755445395823945,0.1811058967557641,-0.4560335377615026,0,0
al,0,1,0.0,0.3755445395823945,0.1811058967557641,-0.4560335377615026,0,0
alcohol,0,1,0.0,0.3755445395823945,0.1811058967557641,-0.4560335377615026,0,0
previleged,0,1,0.0,0.3755445395823945,0.1811058967557641,-0.4560335377615026,0,0
kill,0,1,0.0,0.3755445395823945,0.1811058967557641,-0.4560335377615026,0,0
killing,0,1,0.0,0.3755445395823945,0.1811058967557641,-0.4560335377615026,0,0
kinda,0,1,0.0,0.3755445395823945,0.1811058967557641,-0.4560335377615026,0,0
judging,0,1,0.0,0.3755445395823945,0.1811058967557641,-0.4560335377615026,0,0
myour,0,1,0.0,0.3755445395823945,0.1811058967557641,-0.4560335377615026,0,0
july,0,1,0.0,0.3755445395823945,0.1811058967557641,-0.4560335377615026,0,0
progression,0,1,0.0,0.3755445395823945,0.1811058967557641,-0.4560335377615026,0,0
prom,0,1,0.0,0.3755445395823945,0.1811058967557641,-0.4560335377615026,0,0
john's,0,1,0.0,0.3755445395823945,0.1811058967557641,-0.4560335377615026,0,0
joint,0,1,0.0,0.3755445395823945,0.1811058967557641,-0.4560335377615026,0,0
where's,0,1,0.0,0.3755445395823945,0.1811058967557641,-0.4560335377615026,0,0
whichever,0,1,0.0,0.3755445395823945,0.1811058967557641,-0.4560335377615026,0,0
wholesome,0,1,0.0,0.3755445395823945,0.1811058967557641,-0.4560335377615026,0,0
wifey,0,1,0.0,0.3755445395823945,0.1811058967557641,-0.4560335377615026,0,0
wih,0,1,0.0,0.3755445395823945,0.1811058967557641,-0.4560335377615026,0,0
allowance,0,1,0.0,0.3755445395823945,0.1811058967557641,-0.4560335377615026,0,0
almighty,0,1,0.0,0.3755445395823945,0.1811058967557641,-0.4560335377615026,0,0
player,0,1,0.0,0.3755445395823945,0.1811058967557641,-0.4560335377615026,0,0
jug,0,1,0.0,0.3755445395823945,0.1811058967557641,-0.4560335377615026,0,0
nago,0,1,0.0,0.3755445395823945,0.1811058967557641,-0.4560335377615026,0,0
agree,0,1,0.0,0.3755445395823945,0.1811058967557641,-0.4560335377615026,0,0
aim,0,1,0.0,0.3755445395823945,0.1811058967557641,-0.4560335377615026,0,0
wires,0,1,0.0,0.3755445395823945,0.1811058967557641,-0.4560335377615026,0,0
withdrawing,0,1,0.0,0.3755445395823945,0.1811058967557641,-0.4560335377615026,0,0
adversary,0,1,0.0,0.3755445395823945,0.1811058967557641,-0.4560335377615026,0,0
advertures,0,1,0.0,0.3755445395823945,0.1811058967557641,-0.4560335377615026,0,0
advices,0,1,0.0,0.3755445395823945,0.1811058967557641,-0.4560335377615026,0,0
kindnes,0,1,0.0,0.3755445395823945,0.1811058967557641,-0.4560335377615026,0,0
plane,0,1,0.0,0.3755445395823945,0.1811058967557641,-0.4560335377615026,0,0
plant,0,1,0.0,0.3755445395823945,0.1811058967557641,-0.4560335377615026,0,0
plants,0,1,0.0,0.3755445395823945,0.1811058967557641,-0.4560335377615026,0,0
wink,0,1,0.0,0.3755445395823945,0.1811058967557641,-0.4560335377615026,0,0
proceeded,0,1,0.0,0.3755445395823945,0.1811058967557641,-0.4560335377615026,0,0
nina,0,1,0.0,0.3755445395823945,0.1811058967557641,-0.4560335377615026,0,0
negative,0,1,0.0,0.3755445395823945,0.1811058967557641,-0.4560335377615026,0,0
negotiate,0,1,0.0,0.3755445395823945,0.1811058967557641,-0.4560335377615026,0,0
neighbour's,0,1,0.0,0.3755445395823945,0.1811058967557641,-0.4560335377615026,0,0
neighbours,0,1,0.0,0.3755445395823945,0.1811058967557641,-0.4560335377615026,0,0
nerve,0,1,0.0,0.3755445395823945,0.1811058967557641,-0.4560335377615026,0,0
notice,0,1,0.0,0.3755445395823945,0.1811058967557641,-0.4560335377615026,0,0
notices,0,1,0.0,0.3755445395823945,0.1811058967557641,-0.4560335377615026,0,0
noticing,0,1,0.0,0.3755445395823945,0.1811058967557641,-0.4560335377615026,0,0
precision,0,1,0.0,0.3755445395823945,0.1811058967557641,-0.4560335377615026,0,0
license,0,1,0.0,0.3755445395823945,0.1811058967557641,-0.4560335377615026,0,0
lies,0,1,0.0,0.3755445395823945,0.1811058967557641,-0.4560335377615026,0,0
priotize,0,1,0.0,0.3755445395823945,0.1811058967557641,-0.4560335377615026,0,0
afterlife,0,1,0.0,0.3755445395823945,0.1811058967557641,-0.4560335377615026,0,0
borrn,0,1,0.0,0.3755445395823945,0.1811058967557641,-0.4560335377615026,0,0
botenical,0,1,0.0,0.3755445395823945,0.1811058967557641,-0.4560335377615026,0,0
unbeknown,0,1,0.0,0.3755445395823945,0.1811058967557641,-0.4560335377615026,0,0
handed,0,1,0.0,0.3755445395823945,0.1811058967557641,-0.4560335377615026,0,0
hangouts,0,1,0.0,0.3755445395823945,0.1811058967557641,-0.4560335377615026,0,0
happend,0,1,0.0,0.3755445395823945,0.1811058967557641,-0.4560335377615026,0,0
resove,0,1,0.0,0.3755445395823945,0.1811058967557641,-0.4560335377615026,0,0
response,0,1,0.0,0.3755445395823945,0.1811058967557641,-0.4560335377615026,0,0
ressillient,0,1,0.0,0.3755445395823945,0.1811058967557641,-0.4560335377615026,0,0
budget,0,1,0.0,0.3755445395823945,0.1811058967557641,-0.4560335377615026,0,0
trulu,0,1,0.0,0.3755445395823945,0.1811058967557641,-0.4560335377615026,0,0
truthful,0,1,0.0,0.3755445395823945,0.1811058967557641,-0.4560335377615026,0,0
tubes,0,1,0.0,0.3755445395823945,0.1811058967557641,-0.4560335377615026,0,0
instructor,0,1,0.0,0.3755445395823945,0.1811058967557641,-0.4560335377615026,0,0
breakfast,0,1,0.0,0.3755445395823945,0.1811058967557641,-0.4560335377615026,0,0
breakthroughs,0,1,0.0,0.3755445395823945,0.1811058967557641,-0.4560335377615026,0,0
breaktime,0,1,0.0,0.3755445395823945,0.1811058967557641,-0.4560335377615026,0,0
helps,0,1,0.0,0.3755445395823945,0.1811058967557641,-0.4560335377615026,0,0
heartand,0,1,0.0,0.3755445395823945,0.1811058967557641,-0.4560335377615026,0,0
half,0,1,0.0,0.3755445395823945,0.1811058967557641,-0.4560335377615026,0,0
hallo,0,1,0.0,0.3755445395823945,0.1811058967557641,-0.4560335377615026,0,0
resting,0,1,0.0,0.3755445395823945,0.1811058967557641,-0.4560335377615026,0,0
restuarants,0,1,0.0,0.3755445395823945,0.1811058967557641,-0.4560335377615026,0,0
result,0,1,0.0,0.3755445395823945,0.1811058967557641,-0.4560335377615026,0,0
ca,0,1,0.0,0.3755445395823945,0.1811058967557641,-0.4560335377615026,0,0
bullying,0,1,0.0,0.3755445395823945,0.1811058967557641,-0.4560335377615026,0,0
bumbed,0,1,0.0,0.3755445395823945,0.1811058967557641,-0.4560335377615026,0,0
tumultous,0,1,0.0,0.3755445395823945,0.1811058967557641,-0.4560335377615026,0,0
moral,0,1,0.0,0.3755445395823945,0.1811058967557641,-0.4560335377615026,0,0
ok,0,1,0.0,0.3755445395823945,0.1811058967557641,-0.4560335377615026,0,0
online,0,1,0.0,0.3755445395823945,0.1811058967557641,-0.4560335377615026,0,0
phemelo,0,1,0.0,0.3755445395823945,0.1811058967557641,-0.4560335377615026,0,0
rememberthat,0,1,0.0,0.3755445395823945,0.1811058967557641,-0.4560335377615026,0,0
removed,0,1,0.0,0.3755445395823945,0.1811058967557641,-0.4560335377615026,0,0
rendered,0,1,0.0,0.3755445395823945,0.1811058967557641,-0.4560335377615026,0,0
heavens,0,1,0.0,0.3755445395823945,0.1811058967557641,-0.4560335377615026,0,0
bleeding,0,1,0.0,0.3755445395823945,0.1811058967557641,-0.4560335377615026,0,0
bill,0,1,0.0,0.3755445395823945,0.1811058967557641,-0.4560335377615026,0,0
birth,0,1,0.0,0.3755445395823945,0.1811058967557641,-0.4560335377615026,0,0
bitter,0,1,0.0,0.3755445395823945,0.1811058967557641,-0.4560335377615026,0,0
relocation,0,1,0.0,0.3755445395823945,0.1811058967557641,-0.4560335377615026,0,0
boom,0,1,0.0,0.3755445395823945,0.1811058967557641,-0.4560335377615026,0,0
hereby,0,1,0.0,0.3755445395823945,0.1811058967557641,-0.4560335377615026,0,0
repairable,0,1,0.0,0.3755445395823945,0.1811058967557641,-0.4560335377615026,0,0
repairs,0,1,0.0,0.3755445395823945,0.1811058967557641,-0.4560335377615026,0,0
replacement,0,1,0.0,0.3755445395823945,0.1811058967557641,-0.4560335377615026,0,0
replaying,0,1,0.0,0.3755445395823945,0.1811058967557641,-0.4560335377615026,0,0
represent,0,1,0.0,0.3755445395823945,0.1811058967557641,-0.4560335377615026,0,0
healed,0,1,0.0,0.3755445395823945,0.1811058967557641,-0.4560335377615026,0,0
breathing,0,1,0.0,0.3755445395823945,0.1811058967557641,-0.4560335377615026,0,0
u,0,1,0.0,0.3755445395823945,0.1811058967557641,-0.4560335377615026,0,0
uesd,0,1,0.0,0.3755445395823945,0.1811058967557641,-0.4560335377615026,0,0
boyz,0,1,0.0,0.3755445395823945,0.1811058967557641,-0.4560335377615026,0,0
brat,0,1,0.0,0.3755445395823945,0.1811058967557641,-0.4560335377615026,0,0
booking,0,1,0.0,0.3755445395823945,0.1811058967557641,-0.4560335377615026,0,0
hepi,0,1,0.0,0.3755445395823945,0.1811058967557641,-0.4560335377615026,0,0
perserverance,0,1,0.0,0.3755445395823945,0.1811058967557641,-0.4560335377615026,0,0
mirror,0,1,0.0,0.3755445395823945,0.1811058967557641,-0.4560335377615026,0,0
mis,0,1,0.0,0.3755445395823945,0.1811058967557641,-0.4560335377615026,0,0
mischievous,0,1,0.0,0.3755445395823945,0.1811058967557641,-0.4560335377615026,0,0
travelled,0,1,0.0,0.3755445395823945,0.1811058967557641,-0.4560335377615026,0,0
travis,0,1,0.0,0.3755445395823945,0.1811058967557641,-0.4560335377615026,0,0
treacherous,0,1,0.0,0.3755445395823945,0.1811058967557641,-0.4560335377615026,0,0
bust,0,1,0.0,0.3755445395823945,0.1811058967557641,-0.4560335377615026,0,0
buts,0,1,0.0,0.3755445395823945,0.1811058967557641,-0.4560335377615026,0,0
butt,0,1,0.0,0.3755445395823945,0.1811058967557641,-0.4560335377615026,0,0
retain,0,1,0.0,0.3755445395823945,0.1811058967557641,-0.4560335377615026,0,0
goodbye,0,1,0.0,0.3755445395823945,0.1811058967557641,-0.4560335377615026,0,0
gor,0,1,0.0,0.3755445395823945,0.1811058967557641,-0.4560335377615026,0,0
bumping,0,1,0.0,0.3755445395823945,0.1811058967557641,-0.4560335377615026,0,0
calebrate,0,1,0.0,0.3755445395823945,0.1811058967557641,-0.4560335377615026,0,0
calender,0,1,0.0,0.3755445395823945,0.1811058967557641,-0.4560335377615026,0,0
calling,0,1,0.0,0.3755445395823945,0.1811058967557641,-0.4560335377615026,0,0
mo,0,1,0.0,0.3755445395823945,0.1811058967557641,-0.4560335377615026,0,0
mohau,0,1,0.0,0.3755445395823945,0.1811058967557641,-0.4560335377615026,0,0
onset,0,1,0.0,0.3755445395823945,0.1811058967557641,-0.4560335377615026,0,0
opinion,0,1,0.0,0.3755445395823945,0.1811058967557641,-0.4560335377615026,0,0
option,0,1,0.0,0.3755445395823945,0.1811058967557641,-0.4560335377615026,0,0
optional,0,1,0.0,0.3755445395823945,0.1811058967557641,-0.4560335377615026,0,0
gracing,0,1,0.0,0.3755445395823945,0.1811058967557641,-0.4560335377615026,0,0
graduating,0,1,0.0,0.3755445395823945,0.1811058967557641,-0.4560335377615026,0,0
granny,0,1,0.0,0.3755445395823945,0.1811058967557641,-0.4560335377615026,0,0
youe,0,1,0.0,0.3755445395823945,0.1811058967557641,-0.4560335377615026,0,0
calculate,0,1,0.0,0.3755445395823945,0.1811058967557641,-0.4560335377615026,0,0
tribulations,0,1,0.0,0.3755445395823945,0.1811058967557641,-0.4560335377615026,0,0
troubles,0,1,0.0,0.3755445395823945,0.1811058967557641,-0.4560335377615026,0,0
brownies,0,1,0.0,0.3755445395823945,0.1811058967557641,-0.4560335377615026,0,0
bubbly,0,1,0.0,0.3755445395823945,0.1811058967557641,-0.4560335377615026,0,0
requires,0,1,0.0,0.3755445395823945,0.1811058967557641,-0.4560335377615026,0,0
resembles,0,1,0.0,0.3755445395823945,0.1811058967557641,-0.4560335377615026,0,0
reserved,0,1,0.0,0.3755445395823945,0.1811058967557641,-0.4560335377615026,0,0
grownups,0,1,0.0,0.3755445395823945,0.1811058967557641,-0.4560335377615026,0,0
guardian,0,1,0.0,0.3755445395823945,0.1811058967557641,-0.4560335377615026,0,0
guiene,0,1,0.0,0.3755445395823945,0.1811058967557641,-0.4560335377615026,0,0
grocery,0,1,0.0,0.3755445395823945,0.1811058967557641,-0.4560335377615026,0,0
grasp,0,1,0.0,0.3755445395823945,0.1811058967557641,-0.4560335377615026,0,0
gratefull,0,1,0.0,0.3755445395823945,0.1811058967557641,-0.4560335377615026,0,0
permeated,0,1,0.0,0.3755445395823945,0.1811058967557641,-0.4560335377615026,0,0
greatful,0,1,0.0,0.3755445395823945,0.1811058967557641,-0.4560335377615026,0,0
greatly,0,1,0.0,0.3755445395823945,0.1811058967557641,-0.4560335377615026,0,0
reversed,0,1,0.0,0.3755445395823945,0.1811058967557641,-0.4560335377615026,0,0
guiging,0,1,0.0,0.3755445395823945,0.1811058967557641,-0.4560335377615026,0,0
guy,0,1,0.0,0.3755445395823945,0.1811058967557641,-0.4560335377615026,0,0
hade,0,1,0.0,0.3755445395823945,0.1811058967557641,-0.4560335377615026,0,0
hadn't,0,1,0.0,0.3755445395823945,0.1811058967557641,-0.4560335377615026,0,0
haert,0,1,0.0,0.3755445395823945,0.1811058967557641,-0.4560335377615026,0,0
hairstyles,0,1,0.0,0.3755445395823945,0.1811058967557641,-0.4560335377615026,0,0
pepper,0,1,0.0,0.3755445395823945,0.1811058967557641,-0.4560335377615026,0,0
perceive,0,1,0.0,0.3755445395823945,0.1811058967557641,-0.4560335377615026,0,0
percent,0,1,0.0,0.3755445395823945,0.1811058967557641,-0.4560335377615026,0,0
performed,0,1,0.0,0.3755445395823945,0.1811058967557641,-0.4560335377615026,0,0
gratefulness,0,1,0.0,0.3755445395823945,0.1811058967557641,-0.4560335377615026,0,0
occasions,0,1,0.0,0.3755445395823945,0.1811058967557641,-0.4560335377615026,0,0
occupy,0,1,0.0,0.3755445395823945,0.1811058967557641,-0.4560335377615026,0,0
mortgage,0,1,0.0,0.3755445395823945,0.1811058967557641,-0.4560335377615026,0,0
ifs,0,1,0.0,0.3755445395823945,0.1811058967557641,-0.4560335377615026,0,0
ignores,0,1,0.0,0.3755445395823945,0.1811058967557641,-0.4560335377615026,0,0
ignoring,0,1,0.0,0.3755445395823945,0.1811058967557641,-0.4560335377615026,0,0
recipes,0,1,0.0,0.3755445395823945,0.1811058967557641,-0.4560335377615026,0,0
recommend,0,1,0.0,0.3755445395823945,0.1811058967557641,-0.4560335377615026,0,0
humankind,0,1,0.0,0.3755445395823945,0.1811058967557641,-0.4560335377615026,0,0
vacuum,0,1,0.0,0.3755445395823945,0.1811058967557641,-0.4560335377615026,0,0
vague,0,1,0.0,0.3755445395823945,0.1811058967557641,-0.4560335377615026,0,0
awfully,0,1,0.0,0.3755445395823945,0.1811058967557641,-0.4560335377615026,0,0
b,0,1,0.0,0.3755445395823945,0.1811058967557641,-0.4560335377615026,0,0
bobotie,0,1,0.0,0.3755445395823945,0.1811058967557641,-0.4560335377615026,0,0
background,0,1,0.0,0.3755445395823945,0.1811058967557641,-0.4560335377615026,0,0
varsity,0,1,0.0,0.3755445395823945,0.1811058967557641,-0.4560335377615026,0,0
immaculate,0,1,0.0,0.3755445395823945,0.1811058967557641,-0.4560335377615026,0,0
immature,0,1,0.0,0.3755445395823945,0.1811058967557641,-0.4560335377615026,0,0
immeasurably,0,1,0.0,0.3755445395823945,0.1811058967557641,-0.4560335377615026,0,0
reember,0,1,0.0,0.3755445395823945,0.1811058967557641,-0.4560335377615026,0,0
referring,0,1,0.0,0.3755445395823945,0.1811058967557641,-0.4560335377615026,0,0
hostels,0,1,0.0,0.3755445395823945,0.1811058967557641,-0.4560335377615026,0,0
household,0,1,0.0,0.3755445395823945,0.1811058967557641,-0.4560335377615026,0,0
bacon,0,1,0.0,0.3755445395823945,0.1811058967557641,-0.4560335377615026,0,0
bailed,0,1,0.0,0.3755445395823945,0.1811058967557641,-0.4560335377615026,0,0
upbring,0,1,0.0,0.3755445395823945,0.1811058967557641,-0.4560335377615026,0,0
update,0,1,0.0,0.3755445395823945,0.1811058967557641,-0.4560335377615026,0,0
backbone,0,1,0.0,0.3755445395823945,0.1811058967557641,-0.4560335377615026,0,0
moss,0,1,0.0,0.3755445395823945,0.1811058967557641,-0.4560335377615026,0,0
mothers,0,1,0.0,0.3755445395823945,0.1811058967557641,-0.4560335377615026,0,0
realy,0,1,0.0,0.3755445395823945,0.1811058967557641,-0.4560335377615026,0,0
rear,0,1,0.0,0.3755445395823945,0.1811058967557641,-0.4560335377615026,0,0
impacted,0,1,0.0,0.3755445395823945,0.1811058967557641,-0.4560335377615026,0,0
imperfections,0,1,0.0,0.3755445395823945,0.1811058967557641,-0.4560335377615026,0,0
impressing,0,1,0.0,0.3755445395823945,0.1811058967557641,-0.4560335377615026,0,0
imagin,0,1,0.0,0.3755445395823945,0.1811058967557641,-0.4560335377615026,0,0
imbibe,0,1,0.0,0.3755445395823945,0.1811058967557641,-0.4560335377615026,0,0
imm,0,1,0.0,0.3755445395823945,0.1811058967557641,-0.4560335377615026,0,0
motivated,0,1,0.0,0.3755445395823945,0.1811058967557641,-0.4560335377615026,0,0
victorious,0,1,0.0,0.3755445395823945,0.1811058967557641,-0.4560335377615026,0,0
videogames,0,1,0.0,0.3755445395823945,0.1811058967557641,-0.4560335377615026,0,0
avail,0,1,0.0,0.3755445395823945,0.1811058967557641,-0.4560335377615026,0,0
assured,0,1,0.0,0.3755445395823945,0.1811058967557641,-0.4560335377615026,0,0
asurances,0,1,0.0,0.3755445395823945,0.1811058967557641,-0.4560335377615026,0,0
i'ts,0,1,0.0,0.3755445395823945,0.1811058967557641,-0.4560335377615026,0,0
id,0,1,0.0,0.3755445395823945,0.1811058967557641,-0.4560335377615026,0,0
photographer,0,1,0.0,0.3755445395823945,0.1811058967557641,-0.4560335377615026,0,0
photography,0,1,0.0,0.3755445395823945,0.1811058967557641,-0.4560335377615026,0,0
physical,0,1,0.0,0.3755445395823945,0.1811058967557641,-0.4560335377615026,0,0
lively,0,1,0.0,0.3755445395823945,0.1811058967557641,-0.4560335377615026,0,0
loaded,0,1,0.0,0.3755445395823945,0.1811058967557641,-0.4560335377615026,0,0
venue,0,1,0.0,0.3755445395823945,0.1811058967557641,-0.4560335377615026,0,0
audit,0,1,0.0,0.3755445395823945,0.1811058967557641,-0.4560335377615026,0,0
auto,0,1,0.0,0.3755445395823945,0.1811058967557641,-0.4560335377615026,0,0
ava,0,1,0.0,0.3755445395823945,0.1811058967557641,-0.4560335377615026,0,0
villages,0,1,0.0,0.3755445395823945,0.1811058967557641,-0.4560335377615026,0,0
bertha,0,1,0.0,0.3755445395823945,0.1811058967557641,-0.4560335377615026,0,0
besides,0,1,0.0,0.3755445395823945,0.1811058967557641,-0.4560335377615026,0,0
unite,0,1,0.0,0.3755445395823945,0.1811058967557641,-0.4560335377615026,0,0
universe,0,1,0.0,0.3755445395823945,0.1811058967557641,-0.4560335377615026,0,0
unnecessarily,0,1,0.0,0.3755445395823945,0.1811058967557641,-0.4560335377615026,0,0
behave,0,1,0.0,0.3755445395823945,0.1811058967557641,-0.4560335377615026,0,0
hugging,0,1,0.0,0.3755445395823945,0.1811058967557641,-0.4560335377615026,0,0
reflexes,0,1,0.0,0.3755445395823945,0.1811058967557641,-0.4560335377615026,0,0
refused,0,1,0.0,0.3755445395823945,0.1811058967557641,-0.4560335377615026,0,0
regarless,0,1,0.0,0.3755445395823945,0.1811058967557641,-0.4560335377615026,0,0
honoured,0,1,0.0,0.3755445395823945,0.1811058967557641,-0.4560335377615026,0,0
pest,0,1,0.0,0.3755445395823945,0.1811058967557641,-0.4560335377615026,0,0
peter,0,1,0.0,0.3755445395823945,0.1811058967557641,-0.4560335377615026,0,0
uplifting,0,1,0.0,0.3755445395823945,0.1811058967557641,-0.4560335377615026,0,0
besties,0,1,0.0,0.3755445395823945,0.1811058967557641,-0.4560335377615026,0,0
betrayed,0,1,0.0,0.3755445395823945,0.1811058967557641,-0.4560335377615026,0,0
beverage,0,1,0.0,0.3755445395823945,0.1811058967557641,-0.4560335377615026,0,0
bid,0,1,0.0,0.3755445395823945,0.1811058967557641,-0.4560335377615026,0,0
biding,0,1,0.0,0.3755445395823945,0.1811058967557641,-0.4560335377615026,0,0
unemployed,0,1,0.0,0.3755445395823945,0.1811058967557641,-0.4560335377615026,0,0
unexpectedly,0,1,0.0,0.3755445395823945,0.1811058967557641,-0.4560335377615026,0,0
belive,0,1,0.0,0.3755445395823945,0.1811058967557641,-0.4560335377615026,0,0
honourable,0,1,0.0,0.3755445395823945,0.1811058967557641,-0.4560335377615026,0,0
relatives,0,1,0.0,0.3755445395823945,0.1811058967557641,-0.4560335377615026,0,0
relaxing,0,1,0.0,0.3755445395823945,0.1811058967557641,-0.4560335377615026,0,0
hm,0,1,0.0,0.3755445395823945,0.1811058967557641,-0.4560335377615026,0,0
holes,0,1,0.0,0.3755445395823945,0.1811058967557641,-0.4560335377615026,0,0
bestfriend,0,1,0.0,0.3755445395823945,0.1811058967557641,-0.4560335377615026,0,0
urger,0,1,0.0,0.3755445395823945,0.1811058967557641,-0.4560335377615026,0,0
useless,0,1,0.0,0.3755445395823945,0.1811058967557641,-0.4560335377615026,0,0
utmost,0,1,0.0,0.3755445395823945,0.1811058967557641,-0.4560335377615026,0,0
v,0,1,0.0,0.3755445395823945,0.1811058967557641,-0.4560335377615026,0,0
locate,0,1,0.0,0.3755445395823945,0.1811058967557641,-0.4560335377615026,0,0
london,0,1,0.0,0.3755445395823945,0.1811058967557641,-0.4560335377615026,0,0
limpopo,0,1,0.0,0.3755445395823945,0.1811058967557641,-0.4560335377615026,0,0
honours,0,1,0.0,0.3755445395823945,0.1811058967557641,-0.4560335377615026,0,0
homes,0,1,0.0,0.3755445395823945,0.1811058967557641,-0.4560335377615026,0,0
hommemade,0,1,0.0,0.3755445395823945,0.1811058967557641,-0.4560335377615026,0,0
honey,0,1,0.0,0.3755445395823945,0.1811058967557641,-0.4560335377615026,0,0
beleieve,0,1,0.0,0.3755445395823945,0.1811058967557641,-0.4560335377615026,0,0
beatiful,0,1,0.0,0.3755445395823945,0.1811058967557641,-0.4560335377615026,0,0
berries,0,1,0.0,0.3755445395823945,0.1811058967557641,-0.4560335377615026,0,0
unreachable,0,1,0.0,0.3755445395823945,0.1811058967557641,-0.4560335377615026,0,0
bart,0,1,0.0,0.3755445395823945,0.1811058967557641,-0.4560335377615026,0,0
beahviour,0,1,0.0,0.3755445395823945,0.1811058967557641,-0.4560335377615026,0,0
backs,0,1,0.0,0.3755445395823945,0.1811058967557641,-0.4560335377615026,0,0
humility,0,1,0.0,0.3755445395823945,0.1811058967557641,-0.4560335377615026,0,0
hundred,0,1,0.0,0.3755445395823945,0.1811058967557641,-0.4560335377615026,0,0
hundreds,0,1,0.0,0.3755445395823945,0.1811058967557641,-0.4560335377615026,0,0
reconsider,0,1,0.0,0.3755445395823945,0.1811058967557641,-0.4560335377615026,0,0
recovery,0,1,0.0,0.3755445395823945,0.1811058967557641,-0.4560335377615026,0,0
hiding,0,1,0.0,0.3755445395823945,0.1811058967557641,-0.4560335377615026,0,0
highschool,0,1,0.0,0.3755445395823945,0.1811058967557641,-0.4560335377615026,0,0
highway,0,1,0.0,0.3755445395823945,0.1811058967557641,-0.4560335377615026,0,0
benevolence,0,1,0.0,0.3755445395823945,0.1811058967557641,-0.4560335377615026,0,0
beautifull,0,1,0.0,0.3755445395823945,0.1811058967557641,-0.4560335377615026,0,0
child,7,5,1.4282799428688022,1.8777226979119723,0.7408877594553988,-0.46372494466956554,7,4
talking,7,5,1.4282799428688022,1.8777226979119723,0.7408877594553988,-0.46372494466956554,7,4
finding,7,5,1.4282799428688022,1.8777226979119723,0.7408877594553988,-0.46372494466956554,6,3
please,107,63,21.832279126708833,23.65930599369085,0.9197897906099832,-0.5032864059812667,61,6
these,25,16,5.100999795960008,6.008712633318312,0.8396727940494519,-0.5078625900406625,21,6
instead,10,7,2.0403999183840034,2.6288117770767614,0.7606447663742094,-0.5103288870178019,10,3
peace,30,19,6.12119975515201,7.135346252065495,0.8498045924693549,-0.5191552414627565,23,7
doing,35,22,7.141399714344011,8.261979870812679,0.8572345779772835,-0.5319690065526722,29,5
then,18,12,3.672719853091206,4.506534474988734,0.8041101815955928,-0.5449676244627198,17,5
mean,23,15,4.692919812283208,5.633168093735917,0.8237397239536368,-0.5462716637573463,22,4
feel,108,64,22.036319118547237,24.034850533273246,0.9139530138604841,-0.5473121068743262,55,8
tiny,5,4,1.0201999591920017,1.502178158329578,0.6640549547711351,-0.5724677486579347,5,3
present,5,4,1.0201999591920017,1.502178158329578,0.6640549547711351,-0.5724677486579347,5,3
quietly,5,4,1.0201999591920017,1.502178158329578,0.6640549547711351,-0.5724677486579347,5,3
witness,5,4,1.0201999591920017,1.502178158329578,0.6640549547711351,-0.5724677486579347,5,1
bringing,5,4,1.0201999591920017,1.502178158329578,0.6640549547711351,-0.5724677486579347,5,4
word,5,4,1.0201999591920017,1.502178158329578,0.6640549547711351,-0.5724677486579347,5,4
early,5,4,1.0201999591920017,1.502178158329578,0.6640549547711351,-0.5724677486579347,5,3
supportive,5,4,1.0201999591920017,1.502178158329578,0.6640549547711351,-0.5724677486579347,4,3
touch,5,4,1.0201999591920017,1.502178158329578,0.6640549547711351,-0.5724677486579347,5,3
keeping,8,6,1.6323199347072026,2.253267237494367,0.7104923641956901,-0.5924735774917802,8,4
changed,8,6,1.6323199347072026,2.253267237494367,0.7104923641956901,-0.5924735774917802,8,5
thanks,16,11,3.264639869414405,4.1309899354063395,0.7795427729922021,-0.5965109216237101,15,1
forever,36,23,7.345439706182412,8.637524410395073,0.8438764125428159,-0.6027957843497633,30,7
cat,2,2,0.40807998367680065,0.751089079164789,0.5433176902672924,-0.605606091693196,2,1
mall,2,2,0.40807998367680065,0.751089079164789,0.5433176902672924,-0.605606091693196,2,2
surround,2,2,0.40807998367680065,0.751089079164789,0.5433176902672924,-0.605606091693196,2,1
force,2,2,0.40807998367680065,0.751089079164789,0.5433176902672924,-0.605606091693196,2,1
forgot,2,2,0.40807998367680065,0.751089079164789,0.5433176902672924,-0.605606091693196,2,2
air,2,2,0.40807998367680065,0.751089079164789,0.5433176902672924,-0.605606091693196,2,2
despite,2,2,0.40807998367680065,0.751089079164789,0.5433176902672924,-0.605606091693196,2,1
wake,2,2,0.40807998367680065,0.751089079164789,0.5433176902672924,-0.605606091693196,2,2
rain,2,2,0.40807998367680065,0.751089079164789,0.5433176902672924,-0.605606091693196,2,2
welcomed,2,2,0.40807998367680065,0.751089079164789,0.5433176902672924,-0.605606091693196,2,2
provide,2,2,0.40807998367680065,0.751089079164789,0.5433176902672924,-0.605606091693196,2,2
weather,2,2,0.40807998367680065,0.751089079164789,0.5433176902672924,-0.605606091693196,2,2
strongest,2,2,0.40807998367680065,0.751089079164789,0.5433176902672924,-0.605606091693196,2,1
strangers,2,2,0.40807998367680065,0.751089079164789,0.5433176902672924,-0.605606091693196,2,2
laid,2,2,0.40807998367680065,0.751089079164789,0.5433176902672924,-0.605606091693196,2,1
monday,2,2,0.40807998367680065,0.751089079164789,0.5433176902672924,-0.605606091693196,2,2
importantly,2,2,0.40807998367680065,0.751089079164789,0.5433176902672924,-0.605606091693196,2,2
grant,2,2,0.40807998367680065,0.751089079164789,0.5433176902672924,-0.605606091693196,2,2
grows,2,2,0.40807998367680065,0.751089079164789,0.5433176902672924,-0.605606091693196,2,2
hurts,2,2,0.40807998367680065,0.751089079164789,0.5433176902672924,-0.605606091693196,2,2
loves,2,2,0.40807998367680065,0.751089079164789,0.5433176902672924,-0.605606091693196,2,2
focused,2,2,0.40807998367680065,0.751089079164789,0.5433176902672924,-0.605606091693196,2,2
picking,2,2,0.40807998367680065,0.751089079164789,0.5433176902672924,-0.605606091693196,2,2
rejoice,2,2,0.40807998367680065,0.751089079164789,0.5433176902672924,-0.605606091693196,2,2
teacher,2,2,0.40807998367680065,0.751089079164789,0.5433176902672924,-0.605606091693196,1,1
hectic,2,2,0.40807998367680065,0.751089079164789,0.5433176902672924,-0.605606091693196,2,2
manager,2,2,0.40807998367680065,0.751089079164789,0.5433176902672924,-0.605606091693196,2,1
financial,2,2,0.40807998367680065,0.751089079164789,0.5433176902672924,-0.605606091693196,2,2
financially,2,2,0.40807998367680065,0.751089079164789,0.5433176902672924,-0.605606091693196,2,2
bound,2,2,0.40807998367680065,0.751089079164789,0.5433176902672924,-0.605606091693196,2,2
holiday,2,2,0.40807998367680065,0.751089079164789,0.5433176902672924,-0.605606091693196,2,2
owe,2,2,0.40807998367680065,0.751089079164789,0.5433176902672924,-0.605606091693196,2,2
explore,2,2,0.40807998367680065,0.751089079164789,0.5433176902672924,-0.605606091693196,2,1
instant,2,2,0.40807998367680065,0.751089079164789,0.5433176902672924,-0.605606091693196,2,2
minutes,2,2,0.40807998367680065,0.751089079164789,0.5433176902672924,-0.605606091693196,2,2
idea,2,2,0.40807998367680065,0.751089079164789,0.5433176902672924,-0.605606091693196,2,2
hair,2,2,0.40807998367680065,0.751089079164789,0.5433176902672924,-0.605606091693196,2,2
lightly,2,2,0.40807998367680065,0.751089079164789,0.5433176902672924,-0.605606091693196,2,1
places,2,2,0.40807998367680065,0.751089079164789,0.5433176902672924,-0.605606091693196,2,1
gained,2,2,0.40807998367680065,0.751089079164789,0.5433176902672924,-0.605606091693196,2,2
land,2,2,0.40807998367680065,0.751089079164789,0.5433176902672924,-0.605606091693196,2,1
accomplished,2,2,0.40807998367680065,0.751089079164789,0.5433176902672924,-0.605606091693196,2,2
achieved,2,2,0.40807998367680065,0.751089079164789,0.5433176902672924,-0.605606091693196,2,2
he's,2,2,0.40807998367680065,0.751089079164789,0.5433176902672924,-0.605606091693196,2,2
toast,2,2,0.40807998367680065,0.751089079164789,0.5433176902672924,-0.605606091693196,2,1
mate,2,2,0.40807998367680065,0.751089079164789,0.5433176902672924,-0.605606091693196,2,2
funeral,2,2,0.40807998367680065,0.751089079164789,0.5433176902672924,-0.605606091693196,2,1
remembering,2,2,0.40807998367680065,0.751089079164789,0.5433176902672924,-0.605606091693196,2,1
understood,2,2,0.40807998367680065,0.751089079164789,0.5433176902672924,-0.605606091693196,2,2
managed,2,2,0.40807998367680065,0.751089079164789,0.5433176902672924,-0.605606091693196,2,2
supporting,2,2,0.40807998367680065,0.751089079164789,0.5433176902672924,-0.605606091693196,2,2
sadness,2,2,0.40807998367680065,0.751089079164789,0.5433176902672924,-0.605606091693196,2,2
known,11,8,2.2444399102224035,3.004356316659156,0.7350768750675132,-0.6229147708709277,10,3
throw,0,2,0.0,0.751089079164789,0.10866353805345848,-0.6449330515120488,0,0
degree,0,2,0.0,0.751089079164789,0.10866353805345848,-0.6449330515120488,0,0
window,0,2,0.0,0.751089079164789,0.10866353805345848,-0.6449330515120488,0,0
checking,0,2,0.0,0.751089079164789,0.10866353805345848,-0.6449330515120488,0,0
caregiver,0,2,0.0,0.751089079164789,0.10866353805345848,-0.6449330515120488,0,0
certainly,0,2,0.0,0.751089079164789,0.10866353805345848,-0.6449330515120488,0,0
checked,0,2,0.0,0.751089079164789,0.10866353805345848,-0.6449330515120488,0,0
likes,0,2,0.0,0.751089079164789,0.10866353805345848,-0.6449330515120488,0,0
windshield,0,2,0.0,0.751089079164789,0.10866353805345848,-0.6449330515120488,0,0
drivers,0,2,0.0,0.751089079164789,0.10866353805345848,-0.6449330515120488,0,0
who's,0,2,0.0,0.751089079164789,0.10866353805345848,-0.6449330515120488,0,0
karabo,0,2,0.0,0.751089079164789,0.10866353805345848,-0.6449330515120488,0,0
direction,0,2,0.0,0.751089079164789,0.10866353805345848,-0.6449330515120488,0,0
dirty,0,2,0.0,0.751089079164789,0.10866353805345848,-0.6449330515120488,0,0
s,0,2,0.0,0.751089079164789,0.10866353805345848,-0.6449330515120488,0,0
ruined,0,2,0.0,0.751089079164789,0.10866353805345848,-0.6449330515120488,0,0
invite,0,2,0.0,0.751089079164789,0.10866353805345848,-0.6449330515120488,0,0
apologise,0,2,0.0,0.751089079164789,0.10866353805345848,-0.6449330515120488,0,0
root,0,2,0.0,0.751089079164789,0.10866353805345848,-0.6449330515120488,0,0
fought,0,2,0.0,0.751089079164789,0.10866353805345848,-0.6449330515120488,0,0
alright,0,2,0.0,0.751089079164789,0.10866353805345848,-0.6449330515120488,0,0
aknowledge,0,2,0.0,0.751089079164789,0.10866353805345848,-0.6449330515120488,0,0
lil,0,2,0.0,0.751089079164789,0.10866353805345848,-0.6449330515120488,0,0
cemented,0,2,0.0,0.751089079164789,0.10866353805345848,-0.6449330515120488,0,0
timing,0,2,0.0,0.751089079164789,0.10866353805345848,-0.6449330515120488,0,0
says,0,2,0.0,0.751089079164789,0.10866353805345848,-0.6449330515120488,0,0
saying,0,2,0.0,0.751089079164789,0.10866353805345848,-0.6449330515120488,0,0
youve,0,2,0.0,0.751089079164789,0.10866353805345848,-0.6449330515120488,0,0
vinegar,0,2,0.0,0.751089079164789,0.10866353805345848,-0.6449330515120488,0,0
ill,0,2,0.0,0.751089079164789,0.10866353805345848,-0.6449330515120488,0,0
supposed,0,2,0.0,0.751089079164789,0.10866353805345848,-0.6449330515120488,0,0
offend,0,2,0.0,0.751089079164789,0.10866353805345848,-0.6449330515120488,0,0
o,0,2,0.0,0.751089079164789,0.10866353805345848,-0.6449330515120488,0,0
introvert,0,2,0.0,0.751089079164789,0.10866353805345848,-0.6449330515120488,0,0
eternal,0,2,0.0,0.751089079164789,0.10866353805345848,-0.6449330515120488,0,0
sleepovers,0,2,0.0,0.751089079164789,0.10866353805345848,-0.6449330515120488,0,0
radio,0,2,0.0,0.751089079164789,0.10866353805345848,-0.6449330515120488,0,0
intentionally,0,2,0.0,0.751089079164789,0.10866353805345848,-0.6449330515120488,0,0
intension,0,2,0.0,0.751089079164789,0.10866353805345848,-0.6449330515120488,0,0
intellect,0,2,0.0,0.751089079164789,0.10866353805345848,-0.6449330515120488,0,0
d,0,2,0.0,0.751089079164789,0.10866353805345848,-0.6449330515120488,0,0
entirely,0,2,0.0,0.751089079164789,0.10866353805345848,-0.6449330515120488,0,0
engel,0,2,0.0,0.751089079164789,0.10866353805345848,-0.6449330515120488,0,0
instilled,0,2,0.0,0.751089079164789,0.10866353805345848,-0.6449330515120488,0,0
flies,0,2,0.0,0.751089079164789,0.10866353805345848,-0.6449330515120488,0,0
girls,0,2,0.0,0.751089079164789,0.10866353805345848,-0.6449330515120488,0,0
keys,0,2,0.0,0.751089079164789,0.10866353805345848,-0.6449330515120488,0,0
eating,0,2,0.0,0.751089079164789,0.10866353805345848,-0.6449330515120488,0,0
mature,0,2,0.0,0.751089079164789,0.10866353805345848,-0.6449330515120488,0,0
encouraged,0,2,0.0,0.751089079164789,0.10866353805345848,-0.6449330515120488,0,0
answering,0,2,0.0,0.751089079164789,0.10866353805345848,-0.6449330515120488,0,0
anymore,0,2,0.0,0.751089079164789,0.10866353805345848,-0.6449330515120488,0,0
route,0,2,0.0,0.751089079164789,0.10866353805345848,-0.6449330515120488,0,0
issue,0,2,0.0,0.751089079164789,0.10866353805345848,-0.6449330515120488,0,0
gas,0,2,0.0,0.751089079164789,0.10866353805345848,-0.6449330515120488,0,0
tracey,0,2,0.0,0.751089079164789,0.10866353805345848,-0.6449330515120488,0,0
camp,0,2,0.0,0.751089079164789,0.10866353805345848,-0.6449330515120488,0,0
cape,0,2,0.0,0.751089079164789,0.10866353805345848,-0.6449330515120488,0,0
foot,0,2,0.0,0.751089079164789,0.10866353805345848,-0.6449330515120488,0,0
securing,0,2,0.0,0.751089079164789,0.10866353805345848,-0.6449330515120488,0,0
towards,0,2,0.0,0.751089079164789,0.10866353805345848,-0.6449330515120488,0,0
proper,0,2,0.0,0.751089079164789,0.10866353805345848,-0.6449330515120488,0,0
ancestor,0,2,0.0,0.751089079164789,0.10866353805345848,-0.6449330515120488,0,0
rosie,0,2,0.0,0.751089079164789,0.10866353805345848,-0.6449330515120488,0,0
studying,0,2,0.0,0.751089079164789,0.10866353805345848,-0.6449330515120488,0,0
stupid,0,2,0.0,0.751089079164789,0.10866353805345848,-0.6449330515120488,0,0
joe,0,2,0.0,0.751089079164789,0.10866353805345848,-0.6449330515120488,0,0
proposal,0,2,0.0,0.751089079164789,0.10866353805345848,-0.6449330515120488,0,0
carol,0,2,0.0,0.751089079164789,0.10866353805345848,-0.6449330515120488,0,0
humiliating,0,2,0.0,0.751089079164789,0.10866353805345848,-0.6449330515120488,0,0
physically,0,2,0.0,0.751089079164789,0.10866353805345848,-0.6449330515120488,0,0
sight,0,2,0.0,0.751089079164789,0.10866353805345848,-0.6449330515120488,0,0
corp,0,2,0.0,0.751089079164789,0.10866353805345848,-0.6449330515120488,0,0
guilty,0,2,0.0,0.751089079164789,0.10866353805345848,-0.6449330515120488,0,0
exist,0,2,0.0,0.751089079164789,0.10866353805345848,-0.6449330515120488,0,0
excellent,0,2,0.0,0.751089079164789,0.10866353805345848,-0.6449330515120488,0,0
expecting,0,2,0.0,0.751089079164789,0.10866353805345848,-0.6449330515120488,0,0
beat,0,2,0.0,0.751089079164789,0.10866353805345848,-0.6449330515120488,0,0
choosing,0,2,0.0,0.751089079164789,0.10866353805345848,-0.6449330515120488,0,0
selina,0,2,0.0,0.751089079164789,0.10866353805345848,-0.6449330515120488,0,0
individual,0,2,0.0,0.751089079164789,0.10866353805345848,-0.6449330515120488,0,0
surviving,0,2,0.0,0.751089079164789,0.10866353805345848,-0.6449330515120488,0,0
courageous,0,2,0.0,0.751089079164789,0.10866353805345848,-0.6449330515120488,0,0
bullies,0,2,0.0,0.751089079164789,0.10866353805345848,-0.6449330515120488,0,0
hurting,0,2,0.0,0.751089079164789,0.10866353805345848,-0.6449330515120488,0,0
usually,0,2,0.0,0.751089079164789,0.10866353805345848,-0.6449330515120488,0,0
mini,0,2,0.0,0.751089079164789,0.10866353805345848,-0.6449330515120488,0,0
lover,0,2,0.0,0.751089079164789,0.10866353805345848,-0.6449330515120488,0,0
industry,0,2,0.0,0.751089079164789,0.10866353805345848,-0.6449330515120488,0,0
assure,0,2,0.0,0.751089079164789,0.10866353805345848,-0.6449330515120488,0,0
indeed,0,2,0.0,0.751089079164789,0.10866353805345848,-0.6449330515120488,0,0
indebted,0,2,0.0,0.751089079164789,0.10866353805345848,-0.6449330515120488,0,0
buddy,0,2,0.0,0.751089079164789,0.10866353805345848,-0.6449330515120488,0,0
ou,0,2,0.0,0.751089079164789,0.10866353805345848,-0.6449330515120488,0,0
million,0,2,0.0,0.751089079164789,0.10866353805345848,-0.6449330515120488,0,0
therefore,0,2,0.0,0.751089079164789,0.10866353805345848,-0.6449330515120488,0,0
therapist,0,2,0.0,0.751089079164789,0.10866353805345848,-0.6449330515120488,0,0
trouble,0,2,0.0,0.751089079164789,0.10866353805345848,-0.6449330515120488,0,0
fight,0,2,0.0,0.751089079164789,0.10866353805345848,-0.6449330515120488,0,0
fighting,0,2,0.0,0.751089079164789,0.10866353805345848,-0.6449330515120488,0,0
regardless,0,2,0.0,0.751089079164789,0.10866353805345848,-0.6449330515120488,0,0
hospitality,0,2,0.0,0.751089079164789,0.10866353805345848,-0.6449330515120488,0,0
mention,0,2,0.0,0.751089079164789,0.10866353805345848,-0.6449330515120488,0,0
bunch,0,2,0.0,0.751089079164789,0.10866353805345848,-0.6449330515120488,0,0
belong,0,2,0.0,0.751089079164789,0.10866353805345848,-0.6449330515120488,0,0
tara,0,2,0.0,0.751089079164789,0.10866353805345848,-0.6449330515120488,0,0
fail,0,2,0.0,0.751089079164789,0.10866353805345848,-0.6449330515120488,0,0
shout,0,2,0.0,0.751089079164789,0.10866353805345848,-0.6449330515120488,0,0
contacted,0,2,0.0,0.751089079164789,0.10866353805345848,-0.6449330515120488,0,0
battle,0,2,0.0,0.751089079164789,0.10866353805345848,-0.6449330515120488,0,0
bed,0,2,0.0,0.751089079164789,0.10866353805345848,-0.6449330515120488,0,0
tall,0,2,0.0,0.751089079164789,0.10866353805345848,-0.6449330515120488,0,0
badly,0,2,0.0,0.751089079164789,0.10866353805345848,-0.6449330515120488,0,0
relocate,0,2,0.0,0.751089079164789,0.10866353805345848,-0.6449330515120488,0,0
reference,0,2,0.0,0.751089079164789,0.10866353805345848,-0.6449330515120488,0,0
loosing,0,2,0.0,0.751089079164789,0.10866353805345848,-0.6449330515120488,0,0
phases,0,2,0.0,0.751089079164789,0.10866353805345848,-0.6449330515120488,0,0
unacceptable,0,2,0.0,0.751089079164789,0.10866353805345848,-0.6449330515120488,0,0
ugly,0,2,0.0,0.751089079164789,0.10866353805345848,-0.6449330515120488,0,0
highly,0,2,0.0,0.751089079164789,0.10866353805345848,-0.6449330515120488,0,0
loretta,0,2,0.0,0.751089079164789,0.10866353805345848,-0.6449330515120488,0,0
favour,0,2,0.0,0.751089079164789,0.10866353805345848,-0.6449330515120488,0,0
bro,0,2,0.0,0.751089079164789,0.10866353805345848,-0.6449330515120488,0,0
breaking,0,2,0.0,0.751089079164789,0.10866353805345848,-0.6449330515120488,0,0
sends,0,2,0.0,0.751089079164789,0.10866353805345848,-0.6449330515120488,0,0
senior,0,2,0.0,0.751089079164789,0.10866353805345848,-0.6449330515120488,0,0
colour,0,2,0.0,0.751089079164789,0.10866353805345848,-0.6449330515120488,0,0
cloudy,0,2,0.0,0.751089079164789,0.10866353805345848,-0.6449330515120488,0,0
personality,0,2,0.0,0.751089079164789,0.10866353805345848,-0.6449330515120488,0,0
paul,0,2,0.0,0.751089079164789,0.10866353805345848,-0.6449330515120488,0,0
fianc,0,2,0.0,0.751089079164789,0.10866353805345848,-0.6449330515120488,0,0
blackmail,0,2,0.0,0.751089079164789,0.10866353805345848,-0.6449330515120488,0,0
hell,0,2,0.0,0.751089079164789,0.10866353805345848,-0.6449330515120488,0,0
bones,0,2,0.0,0.751089079164789,0.10866353805345848,-0.6449330515120488,0,0
loose,0,2,0.0,0.751089079164789,0.10866353805345848,-0.6449330515120488,0,0
would've,0,2,0.0,0.751089079164789,0.10866353805345848,-0.6449330515120488,0,0
brain,0,2,0.0,0.751089079164789,0.10866353805345848,-0.6449330515120488,0,0
brave,0,2,0.0,0.751089079164789,0.10866353805345848,-0.6449330515120488,0,0
type,0,2,0.0,0.751089079164789,0.10866353805345848,-0.6449330515120488,0,0
repair,0,2,0.0,0.751089079164789,0.10866353805345848,-0.6449330515120488,0,0
points,0,2,0.0,0.751089079164789,0.10866353805345848,-0.6449330515120488,0,0
lets,0,2,0.0,0.751089079164789,0.10866353805345848,-0.6449330515120488,0,0
abc,0,2,0.0,0.751089079164789,0.10866353805345848,-0.6449330515120488,0,0
zero,0,2,0.0,0.751089079164789,0.10866353805345848,-0.6449330515120488,0,0
wouldn't,0,2,0.0,0.751089079164789,0.10866353805345848,-0.6449330515120488,0,0
wow,0,2,0.0,0.751089079164789,0.10866353805345848,-0.6449330515120488,0,0
x,0,2,0.0,0.751089079164789,0.10866353805345848,-0.6449330515120488,0,0
worship,0,2,0.0,0.751089079164789,0.10866353805345848,-0.6449330515120488,0,0
steve,0,2,0.0,0.751089079164789,0.10866353805345848,-0.6449330515120488,0,0
wise,0,2,0.0,0.751089079164789,0.10866353805345848,-0.6449330515120488,0,0
n,0,2,0.0,0.751089079164789,0.10866353805345848,-0.6449330515120488,0,0
station,0,2,0.0,0.751089079164789,0.10866353805345848,-0.6449330515120488,0,0
lana,0,2,0.0,0.751089079164789,0.10866353805345848,-0.6449330515120488,0,0
dolls,0,2,0.0,0.751089079164789,0.10866353805345848,-0.6449330515120488,0,0
leg,0,2,0.0,0.751089079164789,0.10866353805345848,-0.6449330515120488,0,0
police,0,2,0.0,0.751089079164789,0.10866353805345848,-0.6449330515120488,0,0
appreciate,27,18,5.509079779636809,6.7598017124831005,0.8076344044513805,-0.6675822904320011,25,4
after,22,15,4.488879820444807,5.633168093735917,0.7886869697428438,-0.6732368013729839,18,8
phone,6,5,1.224239951030402,1.8777226979119723,0.6421027248613455,-0.7011503157730443,6,4
hiking,6,5,1.224239951030402,1.8777226979119723,0.6421027248613455,-0.7011503157730443,6,3
alive,6,5,1.224239951030402,1.8777226979119723,0.6421027248613455,-0.7011503157730443,6,4
goes,6,5,1.224239951030402,1.8777226979119723,0.6421027248613455,-0.7011503157730443,6,3
eyes,9,7,1.836359926545603,2.6288117770767614,0.6882024076719037,-0.7065914874295265,9,3
children,9,7,1.836359926545603,2.6288117770767614,0.6882024076719037,-0.7065914874295265,6,5
hard,25,17,5.100999795960008,6.384257172900706,0.7916914915323404,-0.7087173363202572,22,8
when,203,120,41.42011834319526,45.06534474988734,0.9175531117792034,-0.729959368900681,77,8
honestly,3,3,0.612119975515201,1.1266336187471835,0.5433176902672924,-0.741733773545124,2,2
class,3,3,0.612119975515201,1.1266336187471835,0.5433176902672924,-0.741733773545124,3,3
talked,3,3,0.612119975515201,1.1266336187471835,0.5433176902672924,-0.741733773545124,3,2
rare,3,3,0.612119975515201,1.1266336187471835,0.5433176902672924,-0.741733773545124,3,3
sun,3,3,0.612119975515201,1.1266336187471835,0.5433176902672924,-0.741733773545124,2,3
loud,3,3,0.612119975515201,1.1266336187471835,0.5433176902672924,-0.741733773545124,3,3
fast,3,3,0.612119975515201,1.1266336187471835,0.5433176902672924,-0.741733773545124,3,2
longer,3,3,0.612119975515201,1.1266336187471835,0.5433176902672924,-0.741733773545124,3,3
position,3,3,0.612119975515201,1.1266336187471835,0.5433176902672924,-0.741733773545124,3,1
yesterday,3,3,0.612119975515201,1.1266336187471835,0.5433176902672924,-0.741733773545124,3,2
bless,3,3,0.612119975515201,1.1266336187471835,0.5433176902672924,-0.741733773545124,3,2
body,3,3,0.612119975515201,1.1266336187471835,0.5433176902672924,-0.741733773545124,3,2
breathe,3,3,0.612119975515201,1.1266336187471835,0.5433176902672924,-0.741733773545124,3,1
looked,3,3,0.612119975515201,1.1266336187471835,0.5433176902672924,-0.741733773545124,3,3
front,3,3,0.612119975515201,1.1266336187471835,0.5433176902672924,-0.741733773545124,3,2
warmed,3,3,0.612119975515201,1.1266336187471835,0.5433176902672924,-0.741733773545124,3,2
joined,3,3,0.612119975515201,1.1266336187471835,0.5433176902672924,-0.741733773545124,3,1
ages,3,3,0.612119975515201,1.1266336187471835,0.5433176902672924,-0.741733773545124,3,1
games,3,3,0.612119975515201,1.1266336187471835,0.5433176902672924,-0.741733773545124,3,2
selfless,3,3,0.612119975515201,1.1266336187471835,0.5433176902672924,-0.741733773545124,2,3
valued,3,3,0.612119975515201,1.1266336187471835,0.5433176902672924,-0.741733773545124,3,3
beloved,3,3,0.612119975515201,1.1266336187471835,0.5433176902672924,-0.741733773545124,3,2
found,15,11,3.060599877576005,4.1309899354063395,0.7322977564472202,-0.7499815418952486,13,4
stick,0,3,0.0,1.1266336187471835,0.07761681289532749,-0.7898836372956015,0,0
tunnel,0,3,0.0,1.1266336187471835,0.07761681289532749,-0.7898836372956015,0,0
afford,0,3,0.0,1.1266336187471835,0.07761681289532749,-0.7898836372956015,0,0
replace,0,3,0.0,1.1266336187471835,0.07761681289532749,-0.7898836372956015,0,0
learnt,0,3,0.0,1.1266336187471835,0.07761681289532749,-0.7898836372956015,0,0
mad,0,3,0.0,1.1266336187471835,0.07761681289532749,-0.7898836372956015,0,0
bestie,0,3,0.0,1.1266336187471835,0.07761681289532749,-0.7898836372956015,0,0
unfortunately,0,3,0.0,1.1266336187471835,0.07761681289532749,-0.7898836372956015,0,0
shouldn't,0,3,0.0,1.1266336187471835,0.07761681289532749,-0.7898836372956015,0,0
behaviour,0,3,0.0,1.1266336187471835,0.07761681289532749,-0.7898836372956015,0,0
patients,0,3,0.0,1.1266336187471835,0.07761681289532749,-0.7898836372956015,0,0
thanking,0,3,0.0,1.1266336187471835,0.07761681289532749,-0.7898836372956015,0,0
honour,0,3,0.0,1.1266336187471835,0.07761681289532749,-0.7898836372956015,0,0
quite,0,3,0.0,1.1266336187471835,0.07761681289532749,-0.7898836372956015,0,0
awake,0,3,0.0,1.1266336187471835,0.07761681289532749,-0.7898836372956015,0,0
luck,0,3,0.0,1.1266336187471835,0.07761681289532749,-0.7898836372956015,0,0
ground,0,3,0.0,1.1266336187471835,0.07761681289532749,-0.7898836372956015,0,0
ve,0,3,0.0,1.1266336187471835,0.07761681289532749,-0.7898836372956015,0,0
cool,0,3,0.0,1.1266336187471835,0.07761681289532749,-0.7898836372956015,0,0
expect,0,3,0.0,1.1266336187471835,0.07761681289532749,-0.7898836372956015,0,0
becoming,0,3,0.0,1.1266336187471835,0.07761681289532749,-0.7898836372956015,0,0
use,0,3,0.0,1.1266336187471835,0.07761681289532749,-0.7898836372956015,0,0
hubby,0,3,0.0,1.1266336187471835,0.07761681289532749,-0.7898836372956015,0,0
wedding,0,3,0.0,1.1266336187471835,0.07761681289532749,-0.7898836372956015,0,0
gem,0,3,0.0,1.1266336187471835,0.07761681289532749,-0.7898836372956015,0,0
mr,0,3,0.0,1.1266336187471835,0.07761681289532749,-0.7898836372956015,0,0
glad,0,3,0.0,1.1266336187471835,0.07761681289532749,-0.7898836372956015,0,0
wanna,0,3,0.0,1.1266336187471835,0.07761681289532749,-0.7898836372956015,0,0
questioning,0,3,0.0,1.1266336187471835,0.07761681289532749,-0.7898836372956015,0,0
quality,0,3,0.0,1.1266336187471835,0.07761681289532749,-0.7898836372956015,0,0
currently,0,3,0.0,1.1266336187471835,0.07761681289532749,-0.7898836372956015,0,0
cried,0,3,0.0,1.1266336187471835,0.07761681289532749,-0.7898836372956015,0,0
mommy,0,3,0.0,1.1266336187471835,0.07761681289532749,-0.7898836372956015,0,0
incident,0,3,0.0,1.1266336187471835,0.07761681289532749,-0.7898836372956015,0,0
speech,0,3,0.0,1.1266336187471835,0.07761681289532749,-0.7898836372956015,0,0
lion,0,3,0.0,1.1266336187471835,0.07761681289532749,-0.7898836372956015,0,0
emotional,0,3,0.0,1.1266336187471835,0.07761681289532749,-0.7898836372956015,0,0
proved,0,3,0.0,1.1266336187471835,0.07761681289532749,-0.7898836372956015,0,0
issues,0,3,0.0,1.1266336187471835,0.07761681289532749,-0.7898836372956015,0,0
struggling,0,3,0.0,1.1266336187471835,0.07761681289532749,-0.7898836372956015,0,0
pen,0,3,0.0,1.1266336187471835,0.07761681289532749,-0.7898836372956015,0,0
case,0,3,0.0,1.1266336187471835,0.07761681289532749,-0.7898836372956015,0,0
andrew,0,3,0.0,1.1266336187471835,0.07761681289532749,-0.7898836372956015,0,0
spoken,0,3,0.0,1.1266336187471835,0.07761681289532749,-0.7898836372956015,0,0
angry,0,3,0.0,1.1266336187471835,0.07761681289532749,-0.7898836372956015,0,0
either,0,3,0.0,1.1266336187471835,0.07761681289532749,-0.7898836372956015,0,0
e,0,3,0.0,1.1266336187471835,0.07761681289532749,-0.7898836372956015,0,0
driver,0,3,0.0,1.1266336187471835,0.07761681289532749,-0.7898836372956015,0,0
driving,0,3,0.0,1.1266336187471835,0.07761681289532749,-0.7898836372956015,0,0
mary,0,3,0.0,1.1266336187471835,0.07761681289532749,-0.7898836372956015,0,0
marry,0,3,0.0,1.1266336187471835,0.07761681289532749,-0.7898836372956015,0,0
due,0,3,0.0,1.1266336187471835,0.07761681289532749,-0.7898836372956015,0,0
die,0,3,0.0,1.1266336187471835,0.07761681289532749,-0.7898836372956015,0,0
friend's,0,3,0.0,1.1266336187471835,0.07761681289532749,-0.7898836372956015,0,0
scared,0,3,0.0,1.1266336187471835,0.07761681289532749,-0.7898836372956015,0,0
many,39,26,7.957559681697613,9.764158029142257,0.8098508968135113,-0.8025520787449747,30,8
missed,10,8,2.0403999183840034,3.004356316659156,0.671157146800773,-0.8096924028397073,9,3
mine,7,6,1.4282799428688022,2.253267237494367,0.6269050272314912,-0.813437746433567,6,1
woman,7,6,1.4282799428688022,2.253267237494367,0.6269050272314912,-0.813437746433567,7,3
blessed,7,6,1.4282799428688022,2.253267237494367,0.6269050272314912,-0.813437746433567,7,3
anyone,7,6,1.4282799428688022,2.253267237494367,0.6269050272314912,-0.813437746433567,6,3
college,7,6,1.4282799428688022,2.253267237494367,0.6269050272314912,-0.813437746433567,7,3
space,7,6,1.4282799428688022,2.253267237494367,0.6269050272314912,-0.813437746433567,7,4
once,13,10,2.6525198938992043,3.7554453958239447,0.6985513160579473,-0.8205719006417571,13,6
plan,16,12,3.264639869414405,4.506534474988734,0.7171793511528259,-0.8380454429356065,16,4
thankful,4,4,0.8161599673536013,1.502178158329578,0.5433176902672924,-0.856504428354966,4,2
reflect,4,4,0.8161599673536013,1.502178158329578,0.5433176902672924,-0.856504428354966,4,4
name,4,4,0.8161599673536013,1.502178158329578,0.5433176902672924,-0.856504428354966,4,3
dinner,4,4,0.8161599673536013,1.502178158329578,0.5433176902672924,-0.856504428354966,4,3
loss,19,14,3.876759844929606,5.257623554153523,0.7306686179456691,-0.8587764749337765,19,4
blessing,11,9,2.2444399102224035,3.3799008562415502,0.6577003619025119,-0.9041785765985482,9,5
saw,14,11,2.8565598857376044,4.1309899354063395,0.6850527399022383,-0.9089203780789732,14,5
exam,0,4,0.0,1.502178158329578,0.06036863225192137,-0.9120850544365835,0,0
sick,0,4,0.0,1.502178158329578,0.06036863225192137,-0.9120850544365835,0,0
dont,0,4,0.0,1.502178158329578,0.06036863225192137,-0.9120850544365835,0,0
alot,0,4,0.0,1.502178158329578,0.06036863225192137,-0.9120850544365835,0,0
bigger,0,4,0.0,1.502178158329578,0.06036863225192137,-0.9120850544365835,0,0
including,0,4,0.0,1.502178158329578,0.06036863225192137,-0.9120850544365835,0,0
uncle,0,4,0.0,1.502178158329578,0.06036863225192137,-0.9120850544365835,0,0
ive,0,4,0.0,1.502178158329578,0.06036863225192137,-0.9120850544365835,0,0
gain,0,4,0.0,1.502178158329578,0.06036863225192137,-0.9120850544365835,0,0
snake,0,4,0.0,1.502178158329578,0.06036863225192137,-0.9120850544365835,0,0
babies,0,4,0.0,1.502178158329578,0.06036863225192137,-0.9120850544365835,0,0
gonna,0,4,0.0,1.502178158329578,0.06036863225192137,-0.9120850544365835,0,0
contract,0,4,0.0,1.502178158329578,0.06036863225192137,-0.9120850544365835,0,0
joel,0,4,0.0,1.502178158329578,0.06036863225192137,-0.9120850544365835,0,0
buy,0,4,0.0,1.502178158329578,0.06036863225192137,-0.9120850544365835,0,0
bulungu,0,4,0.0,1.502178158329578,0.06036863225192137,-0.9120850544365835,0,0
almost,0,4,0.0,1.502178158329578,0.06036863225192137,-0.9120850544365835,0,0
super,0,4,0.0,1.502178158329578,0.06036863225192137,-0.9120850544365835,0,0
cant,0,4,0.0,1.502178158329578,0.06036863225192137,-0.9120850544365835,0,0
years,61,40,12.44643950214242,15.021781583295779,0.8250379741095921,-0.9184761281909147,41,8
since,46,31,9.385839624566415,11.641880727054229,0.802040399918384,-0.9207920272017999,35,6
me,509,296,103.85635584574577,111.16118371638876,0.9336268573058532,-0.9327004186275313,81,8
down,20,15,4.080799836768007,5.633168093735917,0.7185814613212577,-0.9370534706435341,17,5
beginning,5,5,1.0201999591920017,1.8777226979119723,0.5433176902672924,-0.9576279422988843,5,2
gathered,5,5,1.0201999591920017,1.8777226979119723,0.5433176902672924,-0.9576279422988843,5,3
whole,5,5,1.0201999591920017,1.8777226979119723,0.5433176902672924,-0.9576279422988843,5,3
we're,5,5,1.0201999591920017,1.8777226979119723,0.5433176902672924,-0.9576279422988843,5,4
sent,5,5,1.0201999591920017,1.8777226979119723,0.5433176902672924,-0.9576279422988843,5,3
read,5,5,1.0201999591920017,1.8777226979119723,0.5433176902672924,-0.9576279422988843,5,2
distance,5,5,1.0201999591920017,1.8777226979119723,0.5433176902672924,-0.9576279422988843,5,3
couple,5,5,1.0201999591920017,1.8777226979119723,0.5433176902672924,-0.9576279422988843,5,2
pay,5,5,1.0201999591920017,1.8777226979119723,0.5433176902672924,-0.9576279422988843,4,3
friend,199,121,40.603958375841664,45.44088928946973,0.8921142321672826,-0.9728865450860427,69,8
matter,26,19,5.305039787798409,7.135346252065495,0.738354809850423,-0.9751300540726959,22,4
busy,15,12,3.060599877576005,4.506534474988734,0.6737139359314426,-0.9917900402813244,13,3
strong,15,12,3.060599877576005,4.506534474988734,0.6737139359314426,-0.9917900402813244,14,5
gone,9,8,1.836359926545603,3.004356316659156,0.6072374185340326,-1.0057389844425502,9,3
month,9,8,1.836359926545603,3.004356316659156,0.6072374185340326,-1.0057389844425502,8,3
kids,9,8,1.836359926545603,3.004356316659156,0.6072374185340326,-1.0057389844425502,6,4
better,32,23,6.52927973882881,8.637524410395073,0.7513968056888086,-1.0165097091577007,30,6
vee,0,5,0.0,1.8777226979119723,0.04939251729702658,-1.0197487923354973,0,0
till,0,5,0.0,1.8777226979119723,0.04939251729702658,-1.0197487923354973,0,0
guys,0,5,0.0,1.8777226979119723,0.04939251729702658,-1.0197487923354973,0,0
totally,0,5,0.0,1.8777226979119723,0.04939251729702658,-1.0197487923354973,0,0
fix,0,5,0.0,1.8777226979119723,0.04939251729702658,-1.0197487923354973,0,0
sis,0,5,0.0,1.8777226979119723,0.04939251729702658,-1.0197487923354973,0,0
exams,0,5,0.0,1.8777226979119723,0.04939251729702658,-1.0197487923354973,0,0
lord,0,5,0.0,1.8777226979119723,0.04939251729702658,-1.0197487923354973,0,0
sharon,0,5,0.0,1.8777226979119723,0.04939251729702658,-1.0197487923354973,0,0
jacket,0,5,0.0,1.8777226979119723,0.04939251729702658,-1.0197487923354973,0,0
heaven,0,5,0.0,1.8777226979119723,0.04939251729702658,-1.0197487923354973,0,0
peggy,0,5,0.0,1.8777226979119723,0.04939251729702658,-1.0197487923354973,0,0
lots,0,5,0.0,1.8777226979119723,0.04939251729702658,-1.0197487923354973,0,0
vacation,0,5,0.0,1.8777226979119723,0.04939251729702658,-1.0197487923354973,0,0
worth,6,6,1.224239951030402,2.253267237494367,0.5433176902672923,-1.049058298528186,6,2
wasn't,6,6,1.224239951030402,2.253267237494367,0.5433176902672923,-1.049058298528186,6,3
single,6,6,1.224239951030402,2.253267237494367,0.5433176902672923,-1.049058298528186,5,3
head,6,6,1.224239951030402,2.253267237494367,0.5433176902672923,-1.049058298528186,6,3
makes,6,6,1.224239951030402,2.253267237494367,0.5433176902672923,-1.049058298528186,6,3
enjoy,6,6,1.224239951030402,2.253267237494367,0.5433176902672923,-1.049058298528186,6,3
stressed,1,2,0.20403999183840033,0.751089079164789,0.32599061416037545,-1.0578529478918668,1,1
mental,1,2,0.20403999183840033,0.751089079164789,0.32599061416037545,-1.0578529478918668,1,1
stranger,1,2,0.20403999183840033,0.751089079164789,0.32599061416037545,-1.0578529478918668,1,1
crying,1,2,0.20403999183840033,0.751089079164789,0.32599061416037545,-1.0578529478918668,1,1
dreamt,1,2,0.20403999183840033,0.751089079164789,0.32599061416037545,-1.0578529478918668,1,1
wrote,1,2,0.20403999183840033,0.751089079164789,0.32599061416037545,-1.0578529478918668,1,1
crush,1,2,0.20403999183840033,0.751089079164789,0.32599061416037545,-1.0578529478918668,1,1
unique,1,2,0.20403999183840033,0.751089079164789,0.32599061416037545,-1.0578529478918668,1,1
mentor,1,2,0.20403999183840033,0.751089079164789,0.32599061416037545,-1.0578529478918668,1,1
clearly,1,2,0.20403999183840033,0.751089079164789,0.32599061416037545,-1.0578529478918668,1,1
approve,1,2,0.20403999183840033,0.751089079164789,0.32599061416037545,-1.0578529478918668,1,1
involved,1,2,0.20403999183840033,0.751089079164789,0.32599061416037545,-1.0578529478918668,1,1
pull,1,2,0.20403999183840033,0.751089079164789,0.32599061416037545,-1.0578529478918668,1,1
hosted,1,2,0.20403999183840033,0.751089079164789,0.32599061416037545,-1.0578529478918668,1,1
bags,1,2,0.20403999183840033,0.751089079164789,0.32599061416037545,-1.0578529478918668,1,1
allowed,1,2,0.20403999183840033,0.751089079164789,0.32599061416037545,-1.0578529478918668,1,1
order,1,2,0.20403999183840033,0.751089079164789,0.32599061416037545,-1.0578529478918668,1,1
third,1,2,0.20403999183840033,0.751089079164789,0.32599061416037545,-1.0578529478918668,1,1
called,1,2,0.20403999183840033,0.751089079164789,0.32599061416037545,-1.0578529478918668,1,1
treasured,1,2,0.20403999183840033,0.751089079164789,0.32599061416037545,-1.0578529478918668,1,1
placed,1,2,0.20403999183840033,0.751089079164789,0.32599061416037545,-1.0578529478918668,1,1
qualities,1,2,0.20403999183840033,0.751089079164789,0.32599061416037545,-1.0578529478918668,1,1
war,1,2,0.20403999183840033,0.751089079164789,0.32599061416037545,-1.0578529478918668,1,1
attitude,1,2,0.20403999183840033,0.751089079164789,0.32599061416037545,-1.0578529478918668,1,1
liked,1,2,0.20403999183840033,0.751089079164789,0.32599061416037545,-1.0578529478918668,1,1
fond,1,2,0.20403999183840033,0.751089079164789,0.32599061416037545,-1.0578529478918668,1,1
tragic,1,2,0.20403999183840033,0.751089079164789,0.32599061416037545,-1.0578529478918668,1,1
lovely,1,2,0.20403999183840033,0.751089079164789,0.32599061416037545,-1.0578529478918668,1,1
throughout,1,2,0.20403999183840033,0.751089079164789,0.32599061416037545,-1.0578529478918668,1,1
trade,1,2,0.20403999183840033,0.751089079164789,0.32599061416037545,-1.0578529478918668,1,1
primary,1,2,0.20403999183840033,0.751089079164789,0.32599061416037545,-1.0578529478918668,1,1
sweet,1,2,0.20403999183840033,0.751089079164789,0.32599061416037545,-1.0578529478918668,1,1
importance,1,2,0.20403999183840033,0.751089079164789,0.32599061416037545,-1.0578529478918668,1,1
suffering,1,2,0.20403999183840033,0.751089079164789,0.32599061416037545,-1.0578529478918668,1,1
environment,1,2,0.20403999183840033,0.751089079164789,0.32599061416037545,-1.0578529478918668,1,1
desires,1,2,0.20403999183840033,0.751089079164789,0.32599061416037545,-1.0578529478918668,1,1
drink,1,2,0.20403999183840033,0.751089079164789,0.32599061416037545,-1.0578529478918668,1,1
delighted,1,2,0.20403999183840033,0.751089079164789,0.32599061416037545,-1.0578529478918668,1,1
mia,1,2,0.20403999183840033,0.751089079164789,0.32599061416037545,-1.0578529478918668,1,1
brief,1,2,0.20403999183840033,0.751089079164789,0.32599061416037545,-1.0578529478918668,1,1
text,1,2,0.20403999183840033,0.751089079164789,0.32599061416037545,-1.0578529478918668,1,1
blamed,1,2,0.20403999183840033,0.751089079164789,0.32599061416037545,-1.0578529478918668,1,1
mercy,1,2,0.20403999183840033,0.751089079164789,0.32599061416037545,-1.0578529478918668,1,1
mess,1,2,0.20403999183840033,0.751089079164789,0.32599061416037545,-1.0578529478918668,1,1
fair,1,2,0.20403999183840033,0.751089079164789,0.32599061416037545,-1.0578529478918668,1,1
families,1,2,0.20403999183840033,0.751089079164789,0.32599061416037545,-1.0578529478918668,1,1
messy,1,2,0.20403999183840033,0.751089079164789,0.32599061416037545,-1.0578529478918668,1,1
expressing,1,2,0.20403999183840033,0.751089079164789,0.32599061416037545,-1.0578529478918668,1,1
highlight,1,2,0.20403999183840033,0.751089079164789,0.32599061416037545,-1.0578529478918668,1,1
famous,1,2,0.20403999183840033,0.751089079164789,0.32599061416037545,-1.0578529478918668,1,1
ambition,1,2,0.20403999183840033,0.751089079164789,0.32599061416037545,-1.0578529478918668,1,1
organization,1,2,0.20403999183840033,0.751089079164789,0.32599061416037545,-1.0578529478918668,1,1
ours,1,2,0.20403999183840033,0.751089079164789,0.32599061416037545,-1.0578529478918668,1,1
test,1,2,0.20403999183840033,0.751089079164789,0.32599061416037545,-1.0578529478918668,1,1
explain,1,2,0.20403999183840033,0.751089079164789,0.32599061416037545,-1.0578529478918668,1,1
regain,1,2,0.20403999183840033,0.751089079164789,0.32599061416037545,-1.0578529478918668,1,1
david,1,2,0.20403999183840033,0.751089079164789,0.32599061416037545,-1.0578529478918668,1,1
angels,1,2,0.20403999183840033,0.751089079164789,0.32599061416037545,-1.0578529478918668,1,1
m,1,2,0.20403999183840033,0.751089079164789,0.32599061416037545,-1.0578529478918668,1,1
bird,1,2,0.20403999183840033,0.751089079164789,0.32599061416037545,-1.0578529478918668,1,1
money,1,2,0.20403999183840033,0.751089079164789,0.32599061416037545,-1.0578529478918668,1,1
wear,1,2,0.20403999183840033,0.751089079164789,0.32599061416037545,-1.0578529478918668,1,1
dress,1,2,0.20403999183840033,0.751089079164789,0.32599061416037545,-1.0578529478918668,1,1
afraid,1,2,0.20403999183840033,0.751089079164789,0.32599061416037545,-1.0578529478918668,1,1
legal,1,2,0.20403999183840033,0.751089079164789,0.32599061416037545,-1.0578529478918668,1,1
lakyn,1,2,0.20403999183840033,0.751089079164789,0.32599061416037545,-1.0578529478918668,1,1
state,1,2,0.20403999183840033,0.751089079164789,0.32599061416037545,-1.0578529478918668,1,1
presentation,1,2,0.20403999183840033,0.751089079164789,0.32599061416037545,-1.0578529478918668,1,1
preschool,1,2,0.20403999183840033,0.751089079164789,0.32599061416037545,-1.0578529478918668,1,1
knowledge,1,2,0.20403999183840033,0.751089079164789,0.32599061416037545,-1.0578529478918668,1,1
lack,1,2,0.20403999183840033,0.751089079164789,0.32599061416037545,-1.0578529478918668,1,1
another,16,13,3.264639869414405,4.882079014571128,0.6640549547711352,-1.0699890156526337,13,6
trip,16,13,3.264639869414405,4.882079014571128,0.6640549547711352,-1.0699890156526337,14,4
made,59,40,12.038359518465619,15.021781583295779,0.798207470886516,-1.0740918038134812,46,7
come,33,24,6.733319730667211,9.013068949977468,0.7429037805695631,-1.0794822297006441,25,7
times,33,24,6.733319730667211,9.013068949977468,0.7429037805695631,-1.0794822297006441,28,6
little,22,17,4.488879820444807,6.384257172900706,0.6985513160579473,-1.083023506722549,19,5
funny,2,3,0.40807998367680065,1.1266336187471835,0.38808406447663746,-1.1051449725210556,2,1
joke,2,3,0.40807998367680065,1.1266336187471835,0.38808406447663746,-1.1051449725210556,2,2
remembered,2,3,0.40807998367680065,1.1266336187471835,0.38808406447663746,-1.1051449725210556,2,2
tired,2,3,0.40807998367680065,1.1266336187471835,0.38808406447663746,-1.1051449725210556,2,1
telling,2,3,0.40807998367680065,1.1266336187471835,0.38808406447663746,-1.1051449725210556,2,2
continues,2,3,0.40807998367680065,1.1266336187471835,0.38808406447663746,-1.1051449725210556,2,1
baby,2,3,0.40807998367680065,1.1266336187471835,0.38808406447663746,-1.1051449725210556,2,2
loyal,2,3,0.40807998367680065,1.1266336187471835,0.38808406447663746,-1.1051449725210556,2,2
food,2,3,0.40807998367680065,1.1266336187471835,0.38808406447663746,-1.1051449725210556,2,2
nor,2,3,0.40807998367680065,1.1266336187471835,0.38808406447663746,-1.1051449725210556,2,2
pillar,2,3,0.40807998367680065,1.1266336187471835,0.38808406447663746,-1.1051449725210556,2,2
painful,2,3,0.40807998367680065,1.1266336187471835,0.38808406447663746,-1.1051449725210556,2,1
haven't,2,3,0.40807998367680065,1.1266336187471835,0.38808406447663746,-1.1051449725210556,2,2
boss,2,3,0.40807998367680065,1.1266336187471835,0.38808406447663746,-1.1051449725210556,2,2
earlier,2,3,0.40807998367680065,1.1266336187471835,0.38808406447663746,-1.1051449725210556,2,1
rather,2,3,0.40807998367680065,1.1266336187471835,0.38808406447663746,-1.1051449725210556,2,2
daughter,2,3,0.40807998367680065,1.1266336187471835,0.38808406447663746,-1.1051449725210556,1,1
sad,0,6,0.0,2.253267237494367,0.04179366848209941,-1.1170861737824975,0,0
fact,0,6,0.0,2.253267237494367,0.04179366848209941,-1.1170861737824975,0,0
break,7,7,1.4282799428688022,2.6288117770767614,0.5433176902672924,-1.1331442767641795,7,4
while,14,12,2.8565598857376044,4.506534474988734,0.6302485207100592,-1.1505826421786478,13,7
forgive,23,18,4.692919812283208,6.7598017124831005,0.6901603092584525,-1.1514642830705224,21,3
special,23,18,4.692919812283208,6.7598017124831005,0.6901603092584525,-1.1514642830705224,21,7
everything,58,40,11.834319526627219,15.021781583295779,0.7847922192749779,-1.1530107819067372,45,7
things,58,40,11.834319526627219,15.021781583295779,0.7847922192749779,-1.1530107819067372,42,7
date,3,4,0.612119975515201,1.502178158329578,0.4225804257634496,-1.1674422418444643,3,3
ran,3,4,0.612119975515201,1.502178158329578,0.4225804257634496,-1.1674422418444643,3,2
check,3,4,0.612119975515201,1.502178158329578,0.4225804257634496,-1.1674422418444643,3,1
decision,3,4,0.612119975515201,1.502178158329578,0.4225804257634496,-1.1674422418444643,3,2
control,3,4,0.612119975515201,1.502178158329578,0.4225804257634496,-1.1674422418444643,3,2
second,3,4,0.612119975515201,1.502178158329578,0.4225804257634496,-1.1674422418444643,3,3
imagine,11,10,2.2444399102224035,3.7554453958239447,0.5950622321975108,-1.1696399533561193,11,5
help,48,34,9.793919608243217,12.768514345801412,0.7637944341438747,-1.1754181685807055,33,6
friends,43,31,8.773719649051214,11.641880727054229,0.7502958579881657,-1.1924571204925702,32,8
again,43,31,8.773719649051214,11.641880727054229,0.7502958579881657,-1.1924571204925702,36,5
ben,0,7,0.0,2.6288117770767614,0.03622117935115282,-1.2065989008137283,0,0
ever,38,28,7.753519689859212,10.515247108307046,0.7339554763259915,-1.2150436957500732,29,7
treat,4,5,0.8161599673536013,1.8777226979119723,0.44453265567323924,-1.2335200454476059,4,3
huge,4,5,0.8161599673536013,1.8777226979119723,0.44453265567323924,-1.2335200454476059,3,2
experiences,4,5,0.8161599673536013,1.8777226979119723,0.44453265567323924,-1.2335200454476059,3,3
top,4,5,0.8161599673536013,1.8777226979119723,0.44453265567323924,-1.2335200454476059,4,2
lived,4,5,0.8161599673536013,1.8777226979119723,0.44453265567323924,-1.2335200454476059,3,2
beautiful,22,18,4.488879820444807,6.7598017124831005,0.6607917854602204,-1.2790559956675844,17,6
same,19,16,3.876759844929606,6.008712633318312,0.6421027248613456,-1.2823381544571864,18,6
young,9,9,1.836359926545603,3.3799008562415502,0.5433176902672924,-1.2849369791263812,8,3
before,28,22,5.713119771475209,8.261979870812679,0.6882024076719037,-1.2858513663389912,25,7
lose,0,8,0.0,3.004356316659156,0.03195986413337014,-1.2899169598062301,0,0
oh,0,8,0.0,3.004356316659156,0.03195986413337014,-1.2899169598062301,0,0
to,1713,979,349.5205060191798,367.65810425116416,0.9504592774609552,-1.29948143603568,81,8
drive,5,6,1.0201999591920017,2.253267237494367,0.45973035330309353,-1.2995133811114563,4,3
experience,5,6,1.0201999591920017,2.253267237494367,0.45973035330309353,-1.2995133811114563,5,4
amazing,23,19,4.692919812283208,7.135346252065495,0.6547674728862242,-1.3421053959798175,22,8
been,204,129,41.62415833503367,48.445245606128886,0.8579804452483497,-1.3446291428532717,68,7
place,10,10,2.0403999183840034,3.7554453958239447,0.5433176902672924,-1.3544805261600907,10,6
sometimes,6,7,1.224239951030402,2.6288117770767614,0.4708753315649867,-1.3640793077174433,6,2
why,6,7,1.224239951030402,2.6288117770767614,0.4708753315649867,-1.3640793077174433,6,5
feeling,14,13,2.8565598857376044,4.882079014571128,0.5835634451019067,-1.381644567732513,13,5
where,21,18,4.284839828606406,6.7598017124831005,0.6314232616619884,-1.40942496826407,17,7
anything,36,28,7.345439706182412,10.515247108307046,0.6958279191142517,-1.4141191923806866,32,8
time,165,107,33.66659865333605,40.18326573531621,0.8364565371091804,-1.4197526202626207,70,8
sending,7,8,1.4282799428688022,3.004356316659156,0.4793979620005521,-1.4267693352983795,7,5
months,7,8,1.4282799428688022,3.004356316659156,0.4793979620005521,-1.4267693352983795,7,4
car,0,10,0.0,3.7554453958239447,0.025872270965109162,-1.4421899597560588,0,0
off,15,14,3.060599877576005,5.257623554153523,0.5807878758029678,-1.4457501452488697,15,5
being,59,43,12.038359518465619,16.148415202042962,0.7431586797908941,-1.4556598752714105,45,6
give,37,29,7.549479698020812,10.89079164788944,0.690658080848253,-1.4675823892300903,35,7
job,22,19,4.488879820444807,7.135346252065495,0.6269050272314912,-1.4695037203036043,22,4
laura,1,3,0.20403999183840033,1.1266336187471835,0.23285043868598246,-1.4734398010179723,1,1
play,1,3,0.20403999183840033,1.1266336187471835,0.23285043868598246,-1.4734398010179723,1,1
members,1,3,0.20403999183840033,1.1266336187471835,0.23285043868598246,-1.4734398010179723,1,1
accident,1,3,0.20403999183840033,1.1266336187471835,0.23285043868598246,-1.4734398010179723,1,1
arrive,1,3,0.20403999183840033,1.1266336187471835,0.23285043868598246,-1.4734398010179723,1,1
table,1,3,0.20403999183840033,1.1266336187471835,0.23285043868598246,-1.4734398010179723,1,1
respected,1,3,0.20403999183840033,1.1266336187471835,0.23285043868598246,-1.4734398010179723,1,1
broke,1,3,0.20403999183840033,1.1266336187471835,0.23285043868598246,-1.4734398010179723,1,1
dearly,1,3,0.20403999183840033,1.1266336187471835,0.23285043868598246,-1.4734398010179723,1,1
re,1,3,0.20403999183840033,1.1266336187471835,0.23285043868598246,-1.4734398010179723,1,1
helpful,1,3,0.20403999183840033,1.1266336187471835,0.23285043868598246,-1.4734398010179723,1,1
guess,1,3,0.20403999183840033,1.1266336187471835,0.23285043868598246,-1.4734398010179723,1,1
greetings,1,3,0.20403999183840033,1.1266336187471835,0.23285043868598246,-1.4734398010179723,1,1
somewhere,1,3,0.20403999183840033,1.1266336187471835,0.23285043868598246,-1.4734398010179723,1,1
farewell,1,3,0.20403999183840033,1.1266336187471835,0.23285043868598246,-1.4734398010179723,1,1
boy,1,3,0.20403999183840033,1.1266336187471835,0.23285043868598246,-1.4734398010179723,1,1
blame,1,3,0.20403999183840033,1.1266336187471835,0.23285043868598246,-1.4734398010179723,1,1
hasn't,1,3,0.20403999183840033,1.1266336187471835,0.23285043868598246,-1.4734398010179723,1,1
finished,1,3,0.20403999183840033,1.1266336187471835,0.23285043868598246,-1.4734398010179723,1,1
pictures,1,3,0.20403999183840033,1.1266336187471835,0.23285043868598246,-1.4734398010179723,1,1
problems,1,3,0.20403999183840033,1.1266336187471835,0.23285043868598246,-1.4734398010179723,1,1
surrounds,1,3,0.20403999183840033,1.1266336187471835,0.23285043868598246,-1.4734398010179723,1,1
keeps,1,3,0.20403999183840033,1.1266336187471835,0.23285043868598246,-1.4734398010179723,1,1
message,1,3,0.20403999183840033,1.1266336187471835,0.23285043868598246,-1.4734398010179723,1,1
person,40,31,8.161599673536013,11.641880727054229,0.6985513160579474,-1.474398727828801,32,8
comes,8,9,1.6323199347072026,3.3799008562415502,0.4861263544496827,-1.4874821832921403,7,2
pray,8,9,1.6323199347072026,3.3799008562415502,0.4861263544496827,-1.4874821832921403,6,4
hi,8,9,1.6323199347072026,3.3799008562415502,0.4861263544496827,-1.4874821832921403,8,3
spoke,8,9,1.6323199347072026,3.3799008562415502,0.4861263544496827,-1.4874821832921403,8,2
gotten,2,4,0.40807998367680065,1.502178158329578,0.30184316125960686,-1.496092694767418,2,1
attend,2,4,0.40807998367680065,1.502178158329578,0.30184316125960686,-1.496092694767418,2,2
son,2,4,0.40807998367680065,1.502178158329578,0.30184316125960686,-1.496092694767418,2,2
however,2,4,0.40807998367680065,1.502178158329578,0.30184316125960686,-1.496092694767418,2,2
vent,2,4,0.40807998367680065,1.502178158329578,0.30184316125960686,-1.496092694767418,2,1
gets,2,4,0.40807998367680065,1.502178158329578,0.30184316125960686,-1.496092694767418,2,2
expected,3,5,0.612119975515201,1.8777226979119723,0.34574762107918605,-1.5252036983206403,3,3
sitting,3,5,0.612119975515201,1.8777226979119723,0.34574762107918605,-1.5252036983206403,3,3
see,44,34,8.977759640889614,12.768514345801412,0.7008010787505655,-1.5324506404583949,36,8
maybe,13,13,2.6525198938992043,4.882079014571128,0.5433176902672924,-1.5444754898777433,12,4
meet,13,13,2.6525198938992043,4.882079014571128,0.5433176902672924,-1.5444754898777433,13,5
seen,13,13,2.6525198938992043,4.882079014571128,0.5433176902672924,-1.5444754898777433,11,4
everyday,4,6,0.8161599673536013,2.253267237494367,0.37614301633889474,-1.563021408150983,4,4
laughed,4,6,0.8161599673536013,2.253267237494367,0.37614301633889474,-1.563021408150983,4,3
bit,4,6,0.8161599673536013,2.253267237494367,0.37614301633889474,-1.563021408150983,4,2
real,4,6,0.8161599673536013,2.253267237494367,0.37614301633889474,-1.563021408150983,4,4
only,33,27,6.733319730667211,10.139702568724651,0.6618597317801562,-1.5669515519638608,27,7
never,94,66,19.17975923280963,24.785939612438035,0.7720830335377312,-1.587895837788131,51,8
which,10,11,2.0403999183840034,4.1309899354063395,0.49607267372231045,-1.6031906921342103,8,4
finally,10,11,2.0403999183840034,4.1309899354063395,0.49607267372231045,-1.6031906921342103,10,4
close,10,11,2.0403999183840034,4.1309899354063395,0.49607267372231045,-1.6031906921342103,10,4
asked,5,7,1.0201999591920017,2.6288117770767614,0.3984329728626811,-1.6058120059219911,5,2
welcome,5,7,1.0201999591920017,2.6288117770767614,0.3984329728626811,-1.6058120059219911,5,4
parents,5,7,1.0201999591920017,2.6288117770767614,0.3984329728626811,-1.6058120059219911,5,2
myself,25,22,5.100999795960008,8.261979870812679,0.6157600489695981,-1.6383033308139394,24,7
im,0,13,0.0,4.882079014571128,0.020122877417307124,-1.6443819732536344,0,0
for,592,359,120.79167516833299,134.8204897100796,0.895454051414105,-1.6508860402933097,81,8
cry,6,8,1.224239951030402,3.004356316659156,0.41547823373381176,-1.6511760690874486,6,3
tough,15,15,3.060599877576005,5.633168093735917,0.5433176902672924,-1.659125972154261,13,4
here,104,73,21.220159151193634,27.414751389514798,0.7724720902439735,-1.6685708204693506,67,8
well,50,39,10.201999591920016,14.646237043713384,0.6946213508480574,-1.6817417540300383,38,6
hesitate,7,9,1.4282799428688022,3.3799008562415502,0.428935018632073,-1.6977325749685936,7,3
happen,7,9,1.4282799428688022,3.3799008562415502,0.428935018632073,-1.6977325749685936,7,3
family,81,59,16.527239338910427,22.157127835361273,0.7442082648199047,-1.702866060981235,52,8
thought,12,13,2.448479902060804,4.882079014571128,0.5030719354326783,-1.7119919338218015,10,5
few,12,13,2.448479902060804,4.882079014571128,0.5030719354326783,-1.7119919338218015,10,4
can,162,109,33.05447867782085,40.934354814481,0.8062933759674431,-1.7189142448142694,69,8
left,20,19,4.080799836768007,7.135346252065495,0.5711801359220254,-1.7321750715713318,18,5
i'll,20,19,4.080799836768007,7.135346252065495,0.5711801359220254,-1.7321750715713318,19,6
there,82,60,16.731279330748826,22.53267237494367,0.7408877594553986,-1.7422001956679494,58,7
realise,1,4,0.20403999183840033,1.502178158329578,0.18110589675576413,-1.7808419386832581,1,1
hopefully,1,4,0.20403999183840033,1.502178158329578,0.18110589675576413,-1.7808419386832581,1,1
shall,1,4,0.20403999183840033,1.502178158329578,0.18110589675576413,-1.7808419386832581,1,1
hands,1,4,0.20403999183840033,1.502178158329578,0.18110589675576413,-1.7808419386832581,1,1
figure,1,4,0.20403999183840033,1.502178158329578,0.18110589675576413,-1.7808419386832581,1,1
grandma,1,4,0.20403999183840033,1.502178158329578,0.18110589675576413,-1.7808419386832581,1,1
definitely,1,4,0.20403999183840033,1.502178158329578,0.18110589675576413,-1.7808419386832581,1,1
probably,1,4,0.20403999183840033,1.502178158329578,0.18110589675576413,-1.7808419386832581,1,1
silly,1,4,0.20403999183840033,1.502178158329578,0.18110589675576413,-1.7808419386832581,1,1
visited,1,4,0.20403999183840033,1.502178158329578,0.18110589675576413,-1.7808419386832581,1,1
played,1,4,0.20403999183840033,1.502178158329578,0.18110589675576413,-1.7808419386832581,1,1
crazy,1,4,0.20403999183840033,1.502178158329578,0.18110589675576413,-1.7808419386832581,1,1
as,187,125,38.15547847378086,46.94306744779931,0.8117296169332058,-1.7877298218801165,72,8
end,9,11,1.836359926545603,4.1309899354063395,0.4488276571773285,-1.7915565550035182,9,3
course,2,5,0.40807998367680065,1.8777226979119723,0.24696258648513292,-1.8151998424131872,2,2
try,2,5,0.40807998367680065,1.8777226979119723,0.24696258648513292,-1.8151998424131872,2,2
win,2,5,0.40807998367680065,1.8777226979119723,0.24696258648513292,-1.8151998424131872,2,1
stuck,2,5,0.40807998367680065,1.8777226979119723,0.24696258648513292,-1.8151998424131872,2,2
decided,2,5,0.40807998367680065,1.8777226979119723,0.24696258648513292,-1.8151998424131872,2,1
acted,2,5,0.40807998367680065,1.8777226979119723,0.24696258648513292,-1.8151998424131872,2,1
complete,2,5,0.40807998367680065,1.8777226979119723,0.24696258648513292,-1.8151998424131872,2,2
truck,3,6,0.612119975515201,2.253267237494367,0.2925556793746959,-1.8324086647020492,2,1
house,3,6,0.612119975515201,2.253267237494367,0.2925556793746959,-1.8324086647020492,3,1
send,3,6,0.612119975515201,2.253267237494367,0.2925556793746959,-1.8324086647020492,2,3
kept,3,6,0.612119975515201,2.253267237494367,0.2925556793746959,-1.8324086647020492,3,2
too,29,26,5.9171597633136095,9.764158029142257,0.6048253533164198,-1.84200027156605,26,7
happy,42,35,8.569679657212813,13.144058885383807,0.6504507559538008,-1.8567693812602024,34,6
a,714,434,145.68455417261782,162.9863301787592,0.8934418635120377,-1.8580765381625552,81,8
part,11,13,2.2444399102224035,4.882079014571128,0.4628261805980639,-1.8840725953927455,10,5
husband,6,9,1.224239951030402,3.3799008562415502,0.3717436828144632,-1.9144376855555758,6,3
take,96,71,19.587839216486433,26.66366231035001,0.7332889106404715,-1.9595887098589182,63,7
wanted,21,21,4.284839828606406,7.886435331230284,0.5433176902672924,-1.963435106671178,19,5
school,13,15,2.6525198938992043,5.633168093735917,0.47321218184570624,-1.974165428841799,13,5
show,14,16,2.8565598857376044,6.008712633318312,0.4774610005379236,-2.018183637370472,14,6
done,9,12,1.836359926545603,4.506534474988734,0.4129214446031422,-2.022469609164015,8,3
important,9,12,1.836359926545603,4.506534474988734,0.4129214446031422,-2.022469609164015,9,3
lisa,1,5,0.20403999183840033,1.8777226979119723,0.14817755189107976,-2.0240384909364626,1,1
bought,1,5,0.20403999183840033,1.8777226979119723,0.14817755189107976,-2.0240384909364626,1,1
angel,1,5,0.20403999183840033,1.8777226979119723,0.14817755189107976,-2.0240384909364626,1,1
reason,1,5,0.20403999183840033,1.8777226979119723,0.14817755189107976,-2.0240384909364626,1,1
least,1,5,0.20403999183840033,1.8777226979119723,0.14817755189107976,-2.0240384909364626,1,1
slow,1,5,0.20403999183840033,1.8777226979119723,0.14817755189107976,-2.0240384909364626,1,1
way,85,65,17.34339930626403,24.41039507285564,0.7092162216466182,-2.062791136329158,57,7
regards,2,6,0.40807998367680065,2.253267237494367,0.20896834241049705,-2.0838710310415887,2,2
earth,2,6,0.40807998367680065,2.253267237494367,0.20896834241049705,-2.0838710310415887,2,2
appreciated,2,6,0.40807998367680065,2.253267237494367,0.20896834241049705,-2.0838710310415887,2,1
later,2,6,0.40807998367680065,2.253267237494367,0.20896834241049705,-2.0838710310415887,2,2
great,24,24,4.896959804121608,9.013068949977468,0.5433176902672924,-2.099177276744915,21,5
proud,24,24,4.896959804121608,9.013068949977468,0.5433176902672924,-2.099177276744915,23,6
think,24,24,4.896959804121608,9.013068949977468,0.5433176902672924,-2.099177276744915,23,6
worst,3,7,0.612119975515201,2.6288117770767614,0.2535482554580698,-2.100874158968134,3,2
focus,3,7,0.612119975515201,2.6288117770767614,0.2535482554580698,-2.100874158968134,3,3
could,35,32,7.141399714344011,12.017425266636623,0.5934700924458117,-2.1139762720118216,25,8
leave,4,8,0.8161599673536013,3.004356316659156,0.28763877720033126,-2.1159719722496733,4,3
put,4,8,0.8161599673536013,3.004356316659156,0.28763877720033126,-2.1159719722496733,4,2
stop,4,8,0.8161599673536013,3.004356316659156,0.28763877720033126,-2.1159719722496733,4,2
away,12,15,2.448479902060804,5.633168093735917,0.4381594276349132,-2.1370630195814293,12,5
some,21,22,4.284839828606406,8.261979870812679,0.5191702373665238,-2.137757621349784,18,5
something,25,25,5.100999795960008,9.388613489559862,0.5433176902672924,-2.1425240113464805,20,7
even,64,52,13.05855947765762,19.528316058284513,0.6675045908998164,-2.1425592522030956,50,8
ask,6,10,1.224239951030402,3.7554453958239447,0.3363395225464191,-2.15720693019597,5,2
having,6,10,1.224239951030402,3.7554453958239447,0.3363395225464191,-2.15720693019597,6,1
still,43,38,8.773719649051214,14.27069250413099,0.6138784292630447,-2.170885156213477,36,8
easy,7,11,1.4282799428688022,4.1309899354063395,0.35433762408736463,-2.182813077418342,7,5
letter,18,20,3.672719853091206,7.510890791647889,0.4903110863387761,-2.187324122385661,17,4
him,34,32,6.937359722505611,12.017425266636623,0.5767526250529719,-2.2162559889448565,24,5
willing,1,6,0.20403999183840033,2.253267237494367,0.12538100544629824,-2.2250709608511063,1,1
event,1,6,0.20403999183840033,2.253267237494367,0.12538100544629824,-2.2250709608511063,1,1
kind,19,21,3.876759844929606,7.886435331230284,0.4927765097773117,-2.227939961895582,18,8
other,31,30,6.32523974699041,11.266336187471834,0.5611313850301544,-2.239245440302749,27,7
all,194,136,39.583758416649665,51.07405738320565,0.774177954263651,-2.2715084448403116,73,8
granted,2,7,0.40807998367680065,2.6288117770767614,0.18110589675576413,-2.3154290855656785,2,1
said,2,7,0.40807998367680065,2.6288117770767614,0.18110589675576413,-2.3154290855656785,2,1
taught,12,16,2.448479902060804,6.008712633318312,0.41160431080855486,-2.3355779510692227,9,6
won't,3,8,0.612119975515201,3.004356316659156,0.22371904893359096,-2.338866747036605,3,3
pass,3,8,0.612119975515201,3.004356316659156,0.22371904893359096,-2.338866747036605,3,2
yours,3,8,0.612119975515201,3.004356316659156,0.22371904893359096,-2.338866747036605,3,1
start,4,9,0.8161599673536013,3.3799008562415502,0.2573610111792438,-2.352104746186528,3,2
married,4,9,0.8161599673536013,3.3799008562415502,0.2573610111792438,-2.352104746186528,4,1
now,76,62,15.507039379718424,23.283761454108458,0.665020852887166,-2.361599918499536,53,8
happened,13,17,2.6525198938992043,6.384257172900706,0.41913078963476835,-2.3684122052233176,13,3
continue,13,17,2.6525198938992043,6.384257172900706,0.41913078963476835,-2.3684122052233176,12,6
wife,6,11,1.224239951030402,4.1309899354063395,0.3070926075423826,-2.3822227282494874,6,3
brother,6,11,1.224239951030402,4.1309899354063395,0.3070926075423826,-2.3822227282494874,4,3
deal,1,7,0.20403999183840033,2.6288117770767614,0.10866353805345848,-2.3964456609962013,1,1
big,19,22,3.876759844929606,8.261979870812679,0.47087533156498673,-2.4001518880831614,17,6
coming,9,14,1.836359926545603,5.257623554153523,0.3559667625889157,-2.446682073500553,9,4
their,22,25,4.488879820444807,9.388613489559862,0.47939796200055207,-2.5077781902737,14,5
l,0,31,0.0,11.641880727054229,0.008624090321703052,-2.5395880433998927,0,0
nice,1,8,0.20403999183840033,3.004356316659156,0.09587959240011042,-2.5458998027680293,1,1
mom,3,9,0.612119975515201,3.3799008562415502,0.20016967536163405,-2.552348136791676,3,3
write,6,12,1.224239951030402,4.506534474988734,0.28252519893899203,-2.591743123189824,6,4
situation,7,13,1.4282799428688022,4.882079014571128,0.3018431612596069,-2.6065022403598053,7,3
wrong,8,14,1.6323199347072026,5.257623554153523,0.31849657705324036,-2.6234319017566827,8,3
loved,21,25,4.284839828606406,9.388613489559862,0.4580913859116386,-2.632913438311005,18,6
fun,9,15,1.836359926545603,5.633168093735917,0.333001165002534,-2.642326025062689,9,2
sister,10,16,2.0403999183840034,6.008712633318312,0.34574762107918605,-2.662900327352877,7,3
live,10,16,2.0403999183840034,6.008712633318312,0.34574762107918605,-2.662900327352877,10,4
wish,31,33,6.32523974699041,12.392969806219018,0.5108808132364092,-2.6718665504187573,25,5
business,2,9,0.40807998367680065,3.3799008562415502,0.14297833954402434,-2.699609762612141,2,2
go,18,23,3.672719853091206,8.637524410395073,0.4277181816997834,-2.7001165736420463,15,7
life,179,133,36.523158539073656,49.94742376445846,0.7305282801721271,-2.7250650993780847,74,8
party,3,10,0.612119975515201,3.7554453958239447,0.18110589675576413,-2.7457377234404965,3,2
thing,3,10,0.612119975515201,3.7554453958239447,0.18110589675576413,-2.7457377234404965,2,3
get,25,29,5.100999795960008,10.89079164788944,0.46964749497681213,-2.7614490918647783,22,4
different,4,11,0.8161599673536013,4.1309899354063395,0.21260257445241876,-2.764887453793381,4,1
used,5,12,1.0201999591920017,4.506534474988734,0.23905978371760864,-2.776792462802539,5,2
sorry,42,42,8.569679657212813,15.772870662460567,0.5433176902672925,-2.7783551254558474,39,2
people,15,21,3.060599877576005,7.886435331230284,0.39169414879735037,-2.7822921092047412,13,6
about,125,99,25.504998979800042,37.17890941865705,0.6852901520456803,-2.788455538065966,60,7
marriage,10,17,2.0403999183840034,6.384257172900706,0.32599061416037545,-2.84520599886649,9,3
make,62,57,12.65047949398082,21.406038756196484,0.5905627068122743,-2.849682715860229,47,6
lost,14,21,2.8565598857376044,7.886435331230284,0.36642355855236,-2.925178466540791,14,7
john,4,12,0.8161599673536013,4.506534474988734,0.19559436849622527,-2.947356882088398,4,3
told,4,12,0.8161599673536013,4.506534474988734,0.19559436849622527,-2.947356882088398,4,3
nothing,5,13,1.0201999591920017,4.882079014571128,0.2213516515903784,-2.961050762059721,4,3
age,2,11,0.40807998367680065,4.1309899354063395,0.11811254136245487,-3.0109551401270664,2,2
should,11,19,2.2444399102224035,7.135346252065495,0.32041812502942885,-3.0348525916921956,11,3
god,13,21,2.6525198938992043,7.886435331230284,0.34115296830736963,-3.0691175176427716,10,5
getting,3,12,0.612119975515201,4.506534474988734,0.15212895327484185,-3.08491033910604,3,2
came,4,13,0.8161599673536013,4.882079014571128,0.18110589675576413,-3.1168011926537775,4,4
took,5,14,1.0201999591920017,5.257623554153523,0.20608602044621435,-3.133470162161408,5,4
trying,6,15,1.224239951030402,5.633168093735917,0.22784290237015484,-3.1446233909517405,6,4
tell,8,17,1.6323199347072026,6.384257172900706,0.26389716384411344,-3.163987386738801,7,4
cannot,9,18,1.836359926545603,6.7598017124831005,0.2790009760832042,-3.1746234025821543,9,3
much,93,82,18.97571924097123,30.794652245756346,0.615760048969598,-3.179971120827436,56,7
able,3,13,0.612119975515201,4.882079014571128,0.14086014192114987,-3.235349052339724,3,2
don't,27,34,5.509079779636809,12.768514345801412,0.43307931832900115,-3.2408870813462856,23,6
them,27,34,5.509079779636809,12.768514345801412,0.43307931832900115,-3.2408870813462856,19,7
he,73,69,14.894919404203224,25.912573231185217,0.5745877731603739,-3.279801262748017,25,6
this,242,182,49.37767802489288,68.34910620399579,0.7219426843277721,-3.307648594456186,80,8
mother,6,16,1.224239951030402,6.008712633318312,0.21403424162044848,-3.3081542301590665,6,4
best,56,57,11.426239542950418,21.406038756196484,0.533868686958296,-3.317257180236578,39,7
got,32,39,6.52927973882881,14.646237043713384,0.4470335426249874,-3.366590180966375,24,6
if,55,57,11.222199551112018,21.406038756196484,0.5244196836492997,-3.3969722558752324,38,7
were,68,67,13.874719445011221,25.161484152020428,0.5513668412342153,-3.438970214074637,44,8
its,5,16,1.0201999591920017,6.008712633318312,0.1811058967557641,-3.44806427418209,5,4
went,7,18,1.4282799428688022,6.7598017124831005,0.22026392848674015,-3.473656557843774,7,4
no,46,51,9.385839624566415,19.152771518702117,0.4905683999500795,-3.487134311884576,35,8
miss,22,32,4.488879820444807,12.017425266636623,0.37614301633889474,-3.534484984377292,20,4
bad,1,21,0.20403999183840033,7.886435331230284,0.03790588536748552,-3.667127296850631,1,1
rest,13,25,2.6525198938992043,9.388613489559862,0.28763877720033126,-3.6763017669912013,13,4
didn't,4,17,0.8161599673536013,6.384257172900706,0.13971026321158947,-3.693878653996974,4,3
her,108,99,22.036319118547237,37.17890941865705,0.5924620039598113,-3.741879300664837,24,5
am,191,156,38.97163844113446,58.58494817485354,0.6648264388893707,-3.7668636297490123,75,7
out,51,58,10.406039583758417,21.78158329577888,0.4783053170729155,-3.826348108257192,39,7
us,119,108,24.280759028769637,40.558810274898605,0.5984005897413958,-3.843849339460603,58,8
say,17,30,3.4686798612528054,11.266336187471834,0.3117396583500858,-3.8589288872101144,14,5
sure,3,21,0.612119975515201,7.886435331230284,0.0884470658574662,-4.151557594642189,3,3
also,22,37,4.488879820444807,13.895147964548595,0.3259906141603754,-4.173764101151942,21,6
lot,14,30,2.8565598857376044,11.266336187471834,0.25829857406149964,-4.218101394888452,13,4
we,384,300,78.35135686594573,112.66336187471835,0.695193517163973,-4.722141976387192,78,8
what,80,91,16.323199347072027,34.174553101997894,0.4780008094701315,-4.798148298874583,53,7
always,153,146,31.21811875127525,54.829502779029596,0.5692782624984941,-4.852439358206168,72,8
would,49,68,9.997959600081616,25.537028691602824,0.3926164331128609,-4.978502369561947,37,7
going,29,51,5.9171597633136095,19.152771518702117,0.31122081287155584,-5.024491819376531,23,5
just,67,84,13.670679453172822,31.545741324921135,0.43401117269872475,-5.080035734115171,43,6
did,28,51,5.713119771475209,19.152771518702117,0.30067095480811323,-5.117092427387407,22,5
one,64,82,13.05855947765762,30.794652245756346,0.42477564875442864,-5.118213344537047,44,8
because,22,46,4.488879820444807,17.275048820790147,0.26289565658094793,-5.174017264285395,20,5
really,17,43,3.4686798612528054,16.148415202042962,0.21857608229143946,-5.3457403458640655,14,4
she,71,97,14.486839420526422,36.427820339492264,0.39843297286268103,-5.8774300161298125,22,5
had,36,67,7.345439706182412,25.161484152020428,0.29379401029268404,-5.930410247455753,29,8
want,57,88,11.63027953478882,33.047919483250716,0.3530030191002182,-6.114558420684246,39,6
know,197,201,40.195878392164865,75.48445245606129,0.5325322274332022,-6.274535517136766,75,7
like,57,92,11.63027953478882,34.550097641580294,0.3377380236796682,-6.431039025708783,43,7
good,39,76,7.957559681697613,28.54138500826198,0.28053658517069346,-6.456010736192368,32,6
that,455,401,92.83819628647215,150.5933603725402,0.6163915514738523,-7.093748038892331,79,8
is,147,177,29.993878800244847,66.47138350608382,0.45148934825028525,-7.113340230741154,67,8
was,150,184,30.60599877576005,69.10019528316059,0.44319410506898377,-7.385566806581809,69,8
do,38,88,7.753519689859212,33.047919483250716,0.23635854322362437,-7.441646946221867,29,6
i,1721,1226,351.152825953887,460.4176055280156,0.7625938881330158,-7.495270682048647,81,8
very,11,69,2.2444399102224035,25.912573231185217,0.08990148831760952,-7.549877197434767,11,4
will,173,213,35.29891858804326,79.99098693105002,0.44152514876522353,-7.980210309806249,71,8
not,101,154,20.60803917567843,57.83385909568875,0.356936864479807,-8.034814959781263,60,6
are,160,207,32.646398694144054,77.73771969355566,0.42025296042361654,-8.227493944291401,65,8
be,139,190,28.361558865537646,71.35346252065494,0.3978625605894346,-8.248037231732356,70,7
have,269,297,54.88675780452969,111.53672825597116,0.4921819076539002,-8.430935049746706,79,7
but,77,141,15.711079371556826,52.95178008111762,0.2975768268248421,-8.54802559186231,49,8
it,193,241,39.379718424811266,90.50623403935707,0.43532908102161927,-8.607367512249763,70,7
you,1742,1287,355.43766578249335,483.32582244254166,0.7353251070219473,-8.657376071758812,81,8
so,141,201,28.769638849214445,75.48445245606129,0.3815357477559398,-8.764113322991353,67,7
